path,x,y
images_224/ART002-E-10000.jpg,8.328439712524414,7.133636951446533
images_224/ART002-E-10001.jpg,7.964662075042725,5.71400260925293
images_224/ART002-E-10002.jpg,8.208115577697754,7.591836452484131
images_224/ART002-E-10003.jpg,8.443964958190918,7.247843265533447
images_224/ART002-E-10004.jpg,8.05750560760498,5.717630386352539
images_224/ART002-E-10005.jpg,8.341510772705078,7.752130031585693
images_224/ART002-E-10006.jpg,9.506075859069824,8.820838928222656
images_224/ART002-E-10007.jpg,8.162638664245605,5.827300071716309
images_224/ART002-E-10008.jpg,9.488509178161621,8.862693786621094
images_224/ART002-E-10009.jpg,9.61417293548584,8.869502067565918
images_224/ART002-E-10010.jpg,8.074959754943848,5.787718296051025
images_224/ART002-E-10011.jpg,9.651257514953613,8.999321937561035
images_224/ART002-E-10012.jpg,9.491649627685547,8.658177375793457
images_224/ART002-E-10013.jpg,8.049960136413574,5.705898761749268
images_224/ART002-E-10014.jpg,9.647295951843262,8.920159339904785
images_224/ART002-E-10015.jpg,9.917043685913086,9.552698135375977
images_224/ART002-E-10016.jpg,8.075160026550293,5.685760974884033
images_224/ART002-E-10017.jpg,9.813409805297852,9.187602043151855
images_224/ART002-E-10018.jpg,9.969436645507812,9.729692459106445
images_224/ART002-E-10019.jpg,10.91343879699707,11.853625297546387
images_224/ART002-E-10020.jpg,9.892244338989258,9.429612159729004
images_224/ART002-E-10021.jpg,10.053796768188477,9.909441947937012
images_224/ART002-E-10022.jpg,10.933060646057129,11.898797988891602
images_224/ART002-E-10023.jpg,9.922669410705566,9.716495513916016
images_224/ART002-E-10024.jpg,10.108474731445312,10.056013107299805
images_224/ART002-E-10025.jpg,10.993422508239746,11.996016502380371
images_224/ART002-E-10026.jpg,10.078436851501465,9.72794246673584
images_224/ART002-E-10027.jpg,10.009319305419922,10.119807243347168
images_224/ART002-E-10028.jpg,11.025753021240234,11.696030616760254
images_224/ART002-E-10029.jpg,9.945928573608398,9.788655281066895
images_224/ART002-E-10030.jpg,12.025582313537598,5.100809574127197
images_224/ART002-E-10031.jpg,10.970573425292969,3.378289222717285
images_224/ART002-E-10032.jpg,11.775822639465332,5.861396312713623
images_224/ART002-E-10033.jpg,12.129659652709961,5.14445161819458
images_224/ART002-E-10034.jpg,10.938277244567871,3.535996913909912
images_224/ART002-E-10035.jpg,11.755331039428711,6.252621650695801
images_224/ART002-E-10036.jpg,11.999041557312012,5.07902717590332
images_224/ART002-E-10037.jpg,10.971275329589844,3.758091688156128
images_224/ART002-E-10038.jpg,11.68468952178955,6.189783096313477
images_224/ART002-E-10039.jpg,11.776118278503418,4.950747966766357
images_224/ART002-E-10040.jpg,10.883539199829102,3.622194766998291
images_224/ART002-E-10041.jpg,11.743644714355469,5.99818229675293
images_224/ART002-E-10042.jpg,12.06592845916748,5.153810977935791
images_224/ART002-E-10043.jpg,10.79305648803711,3.6771113872528076
images_224/ART002-E-10044.jpg,11.635562896728516,6.289845943450928
images_224/ART002-E-10045.jpg,11.83753490447998,5.07742977142334
images_224/ART002-E-10046.jpg,10.825904846191406,3.9144129753112793
images_224/ART002-E-10047.jpg,11.778573036193848,6.631582260131836
images_224/ART002-E-10048.jpg,11.667262077331543,6.005291938781738
images_224/ART002-E-10049.jpg,10.719921112060547,4.049737453460693
images_224/ART002-E-10050.jpg,11.636825561523438,6.6773834228515625
images_224/ART002-E-10051.jpg,7.6783647537231445,-9.0421142578125
images_224/ART002-E-10052.jpg,16.66548728942871,2.048454523086548
images_224/ART002-E-10053.jpg,16.65418243408203,2.0905542373657227
images_224/ART002-E-10054.jpg,16.653636932373047,2.0419399738311768
images_224/ART002-E-10055.jpg,16.662067413330078,2.047407627105713
images_224/ART002-E-10056.jpg,16.65513038635254,2.0728859901428223
images_224/ART002-E-10057.jpg,16.687721252441406,2.0308268070220947
images_224/ART002-E-10058.jpg,16.69192123413086,2.0481319427490234
images_224/ART002-E-10059.jpg,16.68047523498535,2.031703472137451
images_224/ART002-E-10060.jpg,16.708511352539062,2.017265558242798
images_224/ART002-E-10061.jpg,16.646360397338867,2.0579776763916016
images_224/ART002-E-10062.jpg,16.625043869018555,2.069624423980713
images_224/ART002-E-10063.jpg,16.738622665405273,2.0072126388549805
images_224/ART002-E-10064.jpg,16.727556228637695,1.9691932201385498
images_224/ART002-E-10065.jpg,16.68453025817871,2.0248897075653076
images_224/ART002-E-10066.jpg,16.809629440307617,1.9560250043869019
images_224/ART002-E-10067.jpg,16.94723129272461,1.867878794670105
images_224/ART002-E-10068.jpg,16.73081398010254,2.0075607299804688
images_224/ART002-E-10069.jpg,16.80341339111328,1.9442832469940186
images_224/ART002-E-10070.jpg,16.724393844604492,1.9945812225341797
images_224/ART002-E-10071.jpg,16.977413177490234,1.8221112489700317
images_224/ART002-E-10072.jpg,16.995288848876953,1.791905164718628
images_224/ART002-E-10073.jpg,16.958364486694336,1.8263254165649414
images_224/ART002-E-10074.jpg,16.958572387695312,1.8269788026809692
images_224/ART002-E-10075.jpg,16.9311466217041,1.8216179609298706
images_224/ART002-E-10076.jpg,16.929527282714844,1.8391835689544678
images_224/ART002-E-10077.jpg,16.929256439208984,1.8405357599258423
images_224/ART002-E-10078.jpg,17.052978515625,1.7609449625015259
images_224/ART002-E-10079.jpg,17.034387588500977,1.7698334455490112
images_224/ART002-E-10080.jpg,17.074020385742188,1.7374743223190308
images_224/ART002-E-10081.jpg,17.12852668762207,1.7897650003433228
images_224/ART002-E-10082.jpg,17.076156616210938,1.6913020610809326
images_224/ART002-E-10083.jpg,17.089696884155273,1.7186877727508545
images_224/ART002-E-10084.jpg,17.10745620727539,1.7201396226882935
images_224/ART002-E-10085.jpg,17.075515747070312,1.7151744365692139
images_224/ART002-E-10086.jpg,17.0771541595459,1.7442994117736816
images_224/ART002-E-10087.jpg,17.14503288269043,1.6944280862808228
images_224/ART002-E-10088.jpg,17.08872413635254,1.7231931686401367
images_224/ART002-E-10089.jpg,17.093456268310547,1.7130597829818726
images_224/ART002-E-10090.jpg,17.11898422241211,1.7298989295959473
images_224/ART002-E-10091.jpg,17.095666885375977,1.72736656665802
images_224/ART002-E-10092.jpg,17.073833465576172,1.714890480041504
images_224/ART002-E-10093.jpg,17.08662986755371,1.7446205615997314
images_224/ART002-E-10094.jpg,17.094512939453125,1.7081536054611206
images_224/ART002-E-10095.jpg,17.039701461791992,1.764208197593689
images_224/ART002-E-10096.jpg,17.077138900756836,1.7377668619155884
images_224/ART002-E-10097.jpg,17.09941291809082,1.7564947605133057
images_224/ART002-E-10098.jpg,17.09701156616211,1.7447361946105957
images_224/ART002-E-10099.jpg,17.176450729370117,1.7339638471603394
images_224/ART002-E-10100.jpg,17.077762603759766,1.7409576177597046
images_224/ART002-E-10101.jpg,17.058650970458984,1.6904916763305664
images_224/ART002-E-10102.jpg,17.13371467590332,1.7031726837158203
images_224/ART002-E-10103.jpg,17.09644889831543,1.7519899606704712
images_224/ART002-E-10104.jpg,17.066028594970703,1.7737054824829102
images_224/ART002-E-10105.jpg,17.184770584106445,1.8549737930297852
images_224/ART002-E-10106.jpg,17.125885009765625,1.7391846179962158
images_224/ART002-E-10107.jpg,17.147809982299805,1.7891721725463867
images_224/ART002-E-10108.jpg,17.11871910095215,1.7789267301559448
images_224/ART002-E-10109.jpg,17.138809204101562,1.749786615371704
images_224/ART002-E-10110.jpg,17.15192222595215,1.770910382270813
images_224/ART002-E-10111.jpg,17.19308853149414,1.7904847860336304
images_224/ART002-E-10112.jpg,17.172588348388672,1.8085887432098389
images_224/ART002-E-10113.jpg,17.120180130004883,1.7430473566055298
images_224/ART002-E-10114.jpg,17.095613479614258,1.783464789390564
images_224/ART002-E-10115.jpg,17.267885208129883,1.9368805885314941
images_224/ART002-E-10116.jpg,17.157691955566406,1.7417405843734741
images_224/ART002-E-10117.jpg,17.144634246826172,1.7823097705841064
images_224/ART002-E-10118.jpg,17.133403778076172,1.7552322149276733
images_224/ART002-E-10119.jpg,17.048879623413086,1.6820536851882935
images_224/ART002-E-10120.jpg,17.140546798706055,1.750861644744873
images_224/ART002-E-10121.jpg,17.058427810668945,1.776279091835022
images_224/ART002-E-10122.jpg,17.154163360595703,1.7872391939163208
images_224/ART002-E-10123.jpg,17.150602340698242,1.7770994901657104
images_224/ART002-E-10124.jpg,17.074918746948242,1.6946991682052612
images_224/ART002-E-10125.jpg,17.16419219970703,1.7861907482147217
images_224/ART002-E-10126.jpg,17.200153350830078,1.8321255445480347
images_224/ART002-E-10127.jpg,17.038278579711914,1.7966855764389038
images_224/ART002-E-10128.jpg,17.241992950439453,1.8638421297073364
images_224/ART002-E-10129.jpg,17.064647674560547,1.8297237157821655
images_224/ART002-E-10130.jpg,17.20032501220703,1.8427668809890747
images_224/ART002-E-10131.jpg,17.293298721313477,1.9118046760559082
images_224/ART002-E-10132.jpg,17.159440994262695,1.8399099111557007
images_224/ART002-E-10133.jpg,17.23339080810547,1.874699592590332
images_224/ART002-E-10134.jpg,17.23505401611328,1.8886449337005615
images_224/ART002-E-10135.jpg,17.225862503051758,1.8757542371749878
images_224/ART002-E-10136.jpg,17.24571418762207,1.916250228881836
images_224/ART002-E-10138.jpg,17.248071670532227,1.9133481979370117
images_224/ART002-E-10139.jpg,17.24653434753418,1.9094630479812622
images_224/ART002-E-10140.jpg,17.225934982299805,1.887853741645813
images_224/ART002-E-10141.jpg,17.27316665649414,1.915867805480957
images_224/ART002-E-10142.jpg,17.275379180908203,1.9425599575042725
images_224/ART002-E-10143.jpg,17.234664916992188,1.9119254350662231
images_224/ART002-E-10144.jpg,17.26157569885254,1.9288724660873413
images_224/ART002-E-10145.jpg,17.253578186035156,1.9162698984146118
images_224/ART002-E-10146.jpg,16.37931251525879,2.247210741043091
images_224/ART002-E-10147.jpg,16.624019622802734,2.131075859069824
images_224/ART002-E-10148.jpg,16.524677276611328,2.159395694732666
images_224/ART002-E-10149.jpg,16.5426082611084,2.152672290802002
images_224/ART002-E-10150.jpg,16.338970184326172,2.2561347484588623
images_224/ART002-E-10151.jpg,16.667461395263672,2.0916874408721924
images_224/ART002-E-10152.jpg,16.194494247436523,2.3855714797973633
images_224/ART002-E-10153.jpg,16.66521644592285,2.0823516845703125
images_224/ART002-E-10154.jpg,16.443723678588867,2.203495979309082
images_224/ART002-E-10155.jpg,16.34410858154297,2.2540669441223145
images_224/ART002-E-10156.jpg,16.591556549072266,2.1262292861938477
images_224/ART002-E-10157.jpg,16.63479232788086,2.112020969390869
images_224/ART002-E-10158.jpg,16.44651222229004,2.208552837371826
images_224/ART002-E-10159.jpg,16.251468658447266,2.330064535140991
images_224/ART002-E-10160.jpg,16.32373046875,2.2816433906555176
images_224/ART002-E-10161.jpg,16.599098205566406,2.124993085861206
images_224/ART002-E-10162.jpg,16.570646286010742,2.1621811389923096
images_224/ART002-E-10163.jpg,16.600482940673828,2.1278738975524902
images_224/ART002-E-10164.jpg,16.55915641784668,2.156947612762451
images_224/ART002-E-10165.jpg,16.325300216674805,2.282158136367798
images_224/ART002-E-10166.jpg,16.421363830566406,2.2192084789276123
images_224/ART002-E-10167.jpg,16.56911277770996,2.1460418701171875
images_224/ART002-E-10168.jpg,16.294082641601562,2.293377161026001
images_224/ART002-E-10169.jpg,16.31226348876953,2.2792301177978516
images_224/ART002-E-10170.jpg,16.27687644958496,2.3088204860687256
images_224/ART002-E-10171.jpg,16.32001304626465,2.269381046295166
images_224/ART002-E-10172.jpg,16.289508819580078,2.298558235168457
images_224/ART002-E-10173.jpg,16.411090850830078,2.225370407104492
images_224/ART002-E-10174.jpg,16.320772171020508,2.271494150161743
images_224/ART002-E-10175.jpg,16.650753021240234,2.1029114723205566
images_224/ART002-E-10176.jpg,16.317916870117188,2.2698872089385986
images_224/ART002-E-10177.jpg,16.292720794677734,2.2928965091705322
images_224/ART002-E-10178.jpg,16.525671005249023,2.1639230251312256
images_224/ART002-E-10179.jpg,16.256200790405273,2.3182387351989746
images_224/ART002-E-10180.jpg,16.258827209472656,2.316939115524292
images_224/ART002-E-10181.jpg,16.27659034729004,2.307973861694336
images_224/ART002-E-10182.jpg,16.273792266845703,2.3079073429107666
images_224/ART002-E-10183.jpg,16.631729125976562,2.109668016433716
images_224/ART002-E-10184.jpg,16.330947875976562,2.2844395637512207
images_224/ART002-E-10185.jpg,16.353544235229492,2.263380289077759
images_224/ART002-E-10186.jpg,16.225257873535156,2.3536665439605713
images_224/ART002-E-10187.jpg,16.526718139648438,2.178164482116699
images_224/ART002-E-10188.jpg,16.283418655395508,2.2998299598693848
images_224/ART002-E-10189.jpg,16.53913688659668,2.1602303981781006
images_224/ART002-E-10190.jpg,16.2976131439209,2.290604829788208
images_224/ART002-E-10191.jpg,16.535673141479492,2.2219996452331543
images_224/ART002-E-10192.jpg,16.300275802612305,2.292668581008911
images_224/ART002-E-10193.jpg,16.46091651916504,2.1823863983154297
images_224/ART002-E-10194.jpg,16.304616928100586,2.2895376682281494
images_224/ART002-E-10195.jpg,16.62810707092285,2.0905063152313232
images_224/ART002-E-10196.jpg,16.37989044189453,2.2338571548461914
images_224/ART002-E-10197.jpg,16.291296005249023,2.2938289642333984
images_224/ART002-E-10198.jpg,16.311250686645508,2.2843048572540283
images_224/ART002-E-10199.jpg,16.426496505737305,2.212388277053833
images_224/ART002-E-10200.jpg,16.466327667236328,2.1804778575897217
images_224/ART002-E-10201.jpg,16.4492244720459,2.1959872245788574
images_224/ART002-E-10202.jpg,16.407167434692383,2.2499685287475586
images_224/ART002-E-10203.jpg,16.404767990112305,2.230499744415283
images_224/ART002-E-10204.jpg,16.373661041259766,2.2995784282684326
images_224/ART002-E-10205.jpg,16.399919509887695,2.2552831172943115
images_224/ART002-E-10206.jpg,16.65216636657715,2.07409405708313
images_224/ART002-E-10207.jpg,16.245912551879883,2.3240513801574707
images_224/ART002-E-10208.jpg,16.67936897277832,2.03883957862854
images_224/ART002-E-10209.jpg,17.04871940612793,1.7589352130889893
images_224/ART002-E-10210.jpg,16.231788635253906,2.332880973815918
images_224/ART002-E-10211.jpg,17.122068405151367,1.9304922819137573
images_224/ART002-E-10212.jpg,14.264251708984375,-2.026353120803833
images_224/ART002-E-10213.jpg,14.258475303649902,-2.027414321899414
images_224/ART002-E-10214.jpg,14.240187644958496,-1.9978060722351074
images_224/ART002-E-10215.jpg,14.247187614440918,-2.0116806030273438
images_224/ART002-E-10216.jpg,14.247945785522461,-2.0149834156036377
images_224/ART002-E-10217.jpg,14.24134349822998,-2.0049760341644287
images_224/ART002-E-10218.jpg,14.255864143371582,-2.026897430419922
images_224/ART002-E-10219.jpg,14.242177963256836,-2.018599271774292
images_224/ART002-E-10220.jpg,14.258435249328613,-2.024906873703003
images_224/ART002-E-10221.jpg,17.120134353637695,1.7520419359207153
images_224/ART002-E-10222.jpg,16.21308135986328,2.3407673835754395
images_224/ART002-E-10223.jpg,17.167823791503906,1.9493664503097534
images_224/ART002-E-10224.jpg,9.904862403869629,6.941504955291748
images_224/ART002-E-10225.jpg,9.464030265808105,4.519261360168457
images_224/ART002-E-10226.jpg,9.88259506225586,7.418002605438232
images_224/ART002-E-10227.jpg,9.782525062561035,6.802361011505127
images_224/ART002-E-10228.jpg,9.426440238952637,4.5759429931640625
images_224/ART002-E-10229.jpg,9.878070831298828,7.460300922393799
images_224/ART002-E-10230.jpg,9.851516723632812,6.874624729156494
images_224/ART002-E-10231.jpg,9.398539543151855,4.566643714904785
images_224/ART002-E-10232.jpg,9.906364440917969,7.372004985809326
images_224/ART002-E-10233.jpg,9.959419250488281,6.930177688598633
images_224/ART002-E-10234.jpg,9.621001243591309,4.447384357452393
images_224/ART002-E-10235.jpg,13.223133087158203,6.422111988067627
images_224/ART002-E-10236.jpg,12.925546646118164,5.417759895324707
images_224/ART002-E-10237.jpg,12.39001178741455,2.1827754974365234
images_224/ART002-E-10238.jpg,12.809508323669434,5.586421489715576
images_224/ART002-E-10239.jpg,12.888182640075684,5.403555870056152
images_224/ART002-E-10240.jpg,12.39127254486084,2.1818952560424805
images_224/ART002-E-10241.jpg,12.838068962097168,5.608679294586182
images_224/ART002-E-10242.jpg,12.93710994720459,5.363882064819336
images_224/ART002-E-10243.jpg,12.37341022491455,2.198676109313965
images_224/ART002-E-10244.jpg,12.838506698608398,5.598122596740723
images_224/ART002-E-10245.jpg,12.838314056396484,5.447757244110107
images_224/ART002-E-10246.jpg,12.366042137145996,2.2073814868927
images_224/ART002-E-10247.jpg,12.814257621765137,5.592736721038818
images_224/ART002-E-10248.jpg,12.922760009765625,5.333977699279785
images_224/ART002-E-10249.jpg,12.28788948059082,2.306685447692871
images_224/ART002-E-10250.jpg,12.823972702026367,5.602926731109619
images_224/ART002-E-10251.jpg,12.098662376403809,5.087908744812012
images_224/ART002-E-10252.jpg,11.398870468139648,3.5129129886627197
images_224/ART002-E-10253.jpg,11.86823558807373,5.656190395355225
images_224/ART002-E-10254.jpg,12.201964378356934,5.065704822540283
images_224/ART002-E-10255.jpg,11.471723556518555,3.3917489051818848
images_224/ART002-E-10256.jpg,11.838502883911133,5.589475154876709
images_224/ART002-E-10257.jpg,12.177083969116211,5.111321926116943
images_224/ART002-E-10258.jpg,11.423516273498535,3.3811395168304443
images_224/ART002-E-10259.jpg,11.829590797424316,5.568950653076172
images_224/ART002-E-10260.jpg,12.170428276062012,5.087791442871094
images_224/ART002-E-10261.jpg,11.458564758300781,3.4073262214660645
images_224/ART002-E-10262.jpg,11.819872856140137,5.5403571128845215
images_224/ART002-E-10263.jpg,12.154252052307129,5.108663082122803
images_224/ART002-E-10264.jpg,11.445600509643555,3.3681392669677734
images_224/ART002-E-10265.jpg,11.748693466186523,5.486054420471191
images_224/ART002-E-10266.jpg,12.050163269042969,5.237232208251953
images_224/ART002-E-10267.jpg,11.423914909362793,3.403421640396118
images_224/ART002-E-10268.jpg,11.981152534484863,5.511727809906006
images_224/ART002-E-10269.jpg,12.310300827026367,5.319602966308594
images_224/ART002-E-10270.jpg,11.330474853515625,3.482287883758545
images_224/ART002-E-10271.jpg,11.938642501831055,5.561367034912109
images_224/ART002-E-10272.jpg,11.057417869567871,4.835402011871338
images_224/ART002-E-10273.jpg,10.287994384765625,3.830092191696167
images_224/ART002-E-10274.jpg,10.73973560333252,4.752458095550537
images_224/ART002-E-10275.jpg,10.010385513305664,3.7001781463623047
images_224/ART002-E-10276.jpg,10.906964302062988,5.424921989440918
images_224/ART002-E-10277.jpg,10.719146728515625,4.88865327835083
images_224/ART002-E-10278.jpg,10.080415725708008,3.970122814178467
images_224/ART002-E-10279.jpg,10.818681716918945,5.414261341094971
images_224/ART002-E-10280.jpg,10.113687515258789,8.94664192199707
images_224/ART002-E-10281.jpg,9.075831413269043,4.696248531341553
images_224/ART002-E-10282.jpg,10.04356861114502,8.989080429077148
images_224/ART002-E-10283.jpg,11.82773208618164,5.114132881164551
images_224/ART002-E-10284.jpg,10.966522216796875,3.043781042098999
images_224/ART002-E-10285.jpg,11.732206344604492,5.432329177856445
images_224/ART002-E-10286.jpg,9.900135040283203,3.3679916858673096
images_224/ART002-E-10287.jpg,9.646973609924316,2.901806354522705
images_224/ART002-E-10288.jpg,10.322613716125488,3.9892051219940186
images_224/ART002-E-10289.jpg,10.165603637695312,3.747494697570801
images_224/ART002-E-10290.jpg,9.758241653442383,3.1439573764801025
images_224/ART002-E-10291.jpg,10.603839874267578,4.282149314880371
images_224/ART002-E-10292.jpg,10.418325424194336,4.041201114654541
images_224/ART002-E-10293.jpg,9.946747779846191,3.4501359462738037
images_224/ART002-E-10294.jpg,10.67750072479248,4.535801887512207
images_224/ART002-E-10295.jpg,10.621119499206543,4.377640724182129
images_224/ART002-E-10296.jpg,10.312765121459961,3.8984146118164062
images_224/ART002-E-10297.jpg,10.806589126586914,4.63183069229126
images_224/ART002-E-10298.jpg,10.54650592803955,4.334885597229004
images_224/ART002-E-10299.jpg,10.298315048217773,3.886603832244873
images_224/ART002-E-10300.jpg,10.967549324035645,5.075682640075684
images_224/ART002-E-10301.jpg,11.710545539855957,4.807358264923096
images_224/ART002-E-10302.jpg,10.799552917480469,2.851616144180298
images_224/ART002-E-10303.jpg,11.655379295349121,5.184447765350342
images_224/ART002-E-10304.jpg,11.764569282531738,4.770293235778809
images_224/ART002-E-10305.jpg,10.926486015319824,3.0286970138549805
images_224/ART002-E-10306.jpg,11.696203231811523,5.196467399597168
images_224/ART002-E-10307.jpg,11.227544784545898,4.362703800201416
images_224/ART002-E-10308.jpg,10.832712173461914,2.8776426315307617
images_224/ART002-E-10309.jpg,11.432195663452148,4.705005168914795
images_224/ART002-E-10310.jpg,11.202917098999023,4.326971054077148
images_224/ART002-E-10311.jpg,10.805960655212402,2.875789165496826
images_224/ART002-E-10312.jpg,11.374048233032227,4.640194416046143
images_224/ART002-E-10313.jpg,11.080145835876465,4.003136157989502
images_224/ART002-E-10314.jpg,10.717498779296875,2.813758373260498
images_224/ART002-E-10315.jpg,11.451740264892578,4.864307403564453
images_224/ART002-E-10316.jpg,10.933743476867676,4.058136940002441
images_224/ART002-E-10317.jpg,9.670143127441406,1.7080680131912231
images_224/ART002-E-10318.jpg,11.150967597961426,4.486505508422852
images_224/ART002-E-10319.jpg,10.991366386413574,5.0423264503479
images_224/ART002-E-10320.jpg,10.114550590515137,4.058330535888672
images_224/ART002-E-10321.jpg,11.25087833404541,5.908895969390869
images_224/ART002-E-10322.jpg,16.242538452148438,2.339751958847046
images_224/ART002-E-10323.jpg,9.767377853393555,4.017482280731201
images_224/ART002-E-10324.jpg,16.189298629760742,2.395334243774414
images_224/ART002-E-10325.jpg,16.917509078979492,1.917453408241272
images_224/ART002-E-10326.jpg,16.22188377380371,2.3357675075531006
images_224/ART002-E-10327.jpg,17.09637451171875,2.046386480331421
images_224/ART002-E-10328.jpg,10.063101768493652,3.6028778553009033
images_224/ART002-E-10329.jpg,9.661774635314941,2.9633848667144775
images_224/ART002-E-10330.jpg,10.301117897033691,3.8902246952056885
images_224/ART002-E-10331.jpg,10.350923538208008,3.995995044708252
images_224/ART002-E-10332.jpg,9.939756393432617,3.439767599105835
images_224/ART002-E-10333.jpg,10.594724655151367,4.2968430519104
images_224/ART002-E-10334.jpg,10.570770263671875,4.251491546630859
images_224/ART002-E-10335.jpg,9.981060028076172,3.56933856010437
images_224/ART002-E-10336.jpg,10.366612434387207,4.060471534729004
images_224/ART002-E-10337.jpg,10.615914344787598,4.5401411056518555
images_224/ART002-E-10338.jpg,9.972223281860352,3.6226518154144287
images_224/ART002-E-10339.jpg,10.223137855529785,6.243974685668945
images_224/ART002-E-10340.jpg,10.579197883605957,4.914762496948242
images_224/ART002-E-10341.jpg,9.936737060546875,3.6114909648895264
images_224/ART002-E-10342.jpg,10.233833312988281,6.441786289215088
images_224/ART002-E-10343.jpg,10.665824890136719,5.042430877685547
images_224/ART002-E-10344.jpg,9.876480102539062,4.087740421295166
images_224/ART002-E-10345.jpg,10.270118713378906,6.575539588928223
images_224/ART002-E-10346.jpg,10.577293395996094,5.1365461349487305
images_224/ART002-E-10347.jpg,9.56984806060791,3.959413528442383
images_224/ART002-E-10348.jpg,10.224310874938965,6.870462894439697
images_224/ART002-E-10349.jpg,9.815727233886719,6.548824310302734
images_224/ART002-E-10350.jpg,9.503225326538086,3.687281847000122
images_224/ART002-E-10351.jpg,10.037622451782227,7.093285083770752
images_224/ART002-E-10352.jpg,9.808401107788086,6.508884429931641
images_224/ART002-E-10353.jpg,9.738041877746582,3.5600318908691406
images_224/ART002-E-10354.jpg,9.959793090820312,7.143155097961426
images_224/ART002-E-10355.jpg,9.82260513305664,6.604959011077881
images_224/ART002-E-10356.jpg,9.401922225952148,3.986835241317749
images_224/ART002-E-10357.jpg,9.90942096710205,7.280882358551025
images_224/ART002-E-10358.jpg,9.268119812011719,7.026625156402588
images_224/ART002-E-10359.jpg,9.090993881225586,4.294616222381592
images_224/ART002-E-10360.jpg,9.49394416809082,7.544280052185059
images_224/ART002-E-10361.jpg,9.534371376037598,6.909740447998047
images_224/ART002-E-10362.jpg,9.40507698059082,3.987879991531372
images_224/ART002-E-10363.jpg,9.633334159851074,7.441894054412842
images_224/ART002-E-10364.jpg,9.677569389343262,6.654886245727539
images_224/ART002-E-10365.jpg,9.40121841430664,4.034029960632324
images_224/ART002-E-10366.jpg,9.671452522277832,7.3810200691223145
images_224/ART002-E-10367.jpg,9.716073036193848,6.587795257568359
images_224/ART002-E-10368.jpg,9.390697479248047,4.068603038787842
images_224/ART002-E-10369.jpg,9.70143985748291,7.111475467681885
images_224/ART002-E-10370.jpg,9.673470497131348,6.440159797668457
images_224/ART002-E-10371.jpg,9.404943466186523,3.987915515899658
images_224/ART002-E-10372.jpg,9.82894229888916,7.141692161560059
images_224/ART002-E-10373.jpg,9.683978080749512,6.4574151039123535
images_224/ART002-E-10374.jpg,9.36528205871582,3.9255664348602295
images_224/ART002-E-10375.jpg,9.751038551330566,7.201903820037842
images_224/ART002-E-10376.jpg,9.601120948791504,6.583010673522949
images_224/ART002-E-10377.jpg,9.3519287109375,3.901466131210327
images_224/ART002-E-10378.jpg,9.841963768005371,7.0677361488342285
images_224/ART002-E-10379.jpg,9.772518157958984,6.678586483001709
images_224/ART002-E-10380.jpg,9.351482391357422,3.8347880840301514
images_224/ART002-E-10381.jpg,9.895256996154785,6.970098972320557
images_224/ART002-E-10382.jpg,9.754190444946289,6.320802211761475
images_224/ART002-E-10383.jpg,9.344630241394043,3.8875324726104736
images_224/ART002-E-10384.jpg,9.9199800491333,6.9275312423706055
images_224/ART002-E-10385.jpg,9.779970169067383,6.210816860198975
images_224/ART002-E-10386.jpg,9.305299758911133,3.8340256214141846
images_224/ART002-E-10387.jpg,9.917985916137695,7.0769476890563965
images_224/ART002-E-10388.jpg,9.838908195495605,6.171133041381836
images_224/ART002-E-10389.jpg,9.37026309967041,3.844755172729492
images_224/ART002-E-10390.jpg,10.055983543395996,6.9598517417907715
images_224/ART002-E-10391.jpg,9.907602310180664,6.171445369720459
images_224/ART002-E-10392.jpg,9.40610408782959,4.047577381134033
images_224/ART002-E-10393.jpg,10.149587631225586,6.669261455535889
images_224/ART002-E-10394.jpg,10.083970069885254,6.052867889404297
images_224/ART002-E-10395.jpg,9.838451385498047,4.456211566925049
images_224/ART002-E-10396.jpg,10.050896644592285,6.466608047485352
images_224/ART002-E-10397.jpg,10.291400909423828,6.028984069824219
images_224/ART002-E-10398.jpg,9.844731330871582,4.493149280548096
images_224/ART002-E-10399.jpg,10.334668159484863,6.521396160125732
images_224/ART002-E-10400.jpg,10.561223983764648,5.93576717376709
images_224/ART002-E-10401.jpg,9.965466499328613,4.538269996643066
images_224/ART002-E-10402.jpg,10.296481132507324,6.352389812469482
images_224/ART002-E-10403.jpg,10.781474113464355,5.521277904510498
images_224/ART002-E-10404.jpg,10.280861854553223,4.601541996002197
images_224/ART002-E-10405.jpg,10.679126739501953,5.823226451873779
images_224/ART002-E-10406.jpg,10.943426132202148,5.002724647521973
images_224/ART002-E-10407.jpg,10.333391189575195,4.160556793212891
images_224/ART002-E-10408.jpg,10.851526260375977,5.467257976531982
images_224/ART002-E-10409.jpg,10.860907554626465,5.456895351409912
images_224/ART002-E-10410.jpg,10.288880348205566,4.274072647094727
images_224/ART002-E-10411.jpg,10.892399787902832,5.4218244552612305
images_224/ART002-E-10412.jpg,14.856524467468262,-2.9496822357177734
images_224/ART002-E-10413.jpg,14.865239143371582,-2.9793710708618164
images_224/ART002-E-10414.jpg,14.800690650939941,-2.9055566787719727
images_224/ART002-E-10415.jpg,12.16992473602295,5.095747947692871
images_224/ART002-E-10416.jpg,11.478992462158203,3.350710153579712
images_224/ART002-E-10417.jpg,10.54705810546875,5.9072041511535645
images_224/ART002-E-10418.jpg,9.930603981018066,4.540552616119385
images_224/ART002-E-10419.jpg,10.336821556091309,6.489987850189209
images_224/ART002-E-10420.jpg,13.973925590515137,6.1554155349731445
images_224/ART002-E-10421.jpg,12.215529441833496,3.272993326187134
images_224/ART002-E-10422.jpg,14.600969314575195,6.467107772827148
images_224/ART002-E-10423.jpg,13.503013610839844,6.263364791870117
images_224/ART002-E-10424.jpg,12.21129035949707,3.555372476577759
images_224/ART002-E-10425.jpg,13.429618835449219,6.466319561004639
images_224/ART002-E-10426.jpg,9.83834171295166,6.949768543243408
images_224/ART002-E-10427.jpg,9.49824333190918,4.554168224334717
images_224/ART002-E-10428.jpg,9.880151748657227,7.508261680603027
images_224/ART002-E-10429.jpg,9.829902648925781,6.976920127868652
images_224/ART002-E-10430.jpg,9.489547729492188,4.513341903686523
images_224/ART002-E-10431.jpg,9.865575790405273,7.444238662719727
images_224/ART002-E-10432.jpg,9.875752449035645,6.768316268920898
images_224/ART002-E-10433.jpg,9.442001342773438,4.494755744934082
images_224/ART002-E-10434.jpg,9.894353866577148,7.417771339416504
images_224/ART002-E-10435.jpg,9.812308311462402,6.750269412994385
images_224/ART002-E-10436.jpg,9.500572204589844,4.584324359893799
images_224/ART002-E-10437.jpg,9.968875885009766,7.341669082641602
images_224/ART002-E-10438.jpg,9.895416259765625,6.687982082366943
images_224/ART002-E-10439.jpg,9.480264663696289,4.470292568206787
images_224/ART002-E-10440.jpg,9.948331832885742,7.311356067657471
images_224/ART002-E-10441.jpg,9.906193733215332,6.5690436363220215
images_224/ART002-E-10442.jpg,9.505293846130371,4.358693599700928
images_224/ART002-E-10443.jpg,9.964245796203613,7.2921857833862305
images_224/ART002-E-10444.jpg,10.245296478271484,6.414426326751709
images_224/ART002-E-10445.jpg,9.634418487548828,4.512414932250977
images_224/ART002-E-10446.jpg,10.295992851257324,7.026528358459473
images_224/ART002-E-10447.jpg,9.931109428405762,6.518833160400391
images_224/ART002-E-10448.jpg,9.520987510681152,4.229713439941406
images_224/ART002-E-10449.jpg,10.219600677490234,7.090875148773193
images_224/ART002-E-10450.jpg,10.135465621948242,6.3763532638549805
images_224/ART002-E-10451.jpg,9.669400215148926,4.435317039489746
images_224/ART002-E-10452.jpg,10.29786205291748,6.881279468536377
images_224/ART002-E-10453.jpg,9.879334449768066,6.669974327087402
images_224/ART002-E-10454.jpg,9.465572357177734,4.31767463684082
images_224/ART002-E-10455.jpg,9.973310470581055,7.324090480804443
images_224/ART002-E-10456.jpg,12.144062995910645,5.086495399475098
images_224/ART002-E-10457.jpg,10.968361854553223,2.9734528064727783
images_224/ART002-E-10458.jpg,11.733124732971191,5.472580432891846
images_224/ART002-E-10459.jpg,11.679937362670898,4.805339336395264
images_224/ART002-E-10460.jpg,10.827452659606934,2.839475154876709
images_224/ART002-E-10461.jpg,11.62060260772705,5.276793003082275
images_224/ART002-E-10462.jpg,11.189807891845703,5.292236328125
images_224/ART002-E-10463.jpg,9.742810249328613,4.500271797180176
images_224/ART002-E-10464.jpg,11.315145492553711,5.524377822875977
images_224/ART002-E-10465.jpg,7.902571678161621,-8.809527397155762
images_224/ART002-E-10466.jpg,7.97068452835083,-8.917356491088867
images_224/ART002-E-10467.jpg,11.74779987335205,4.773807048797607
images_224/ART002-E-10468.jpg,10.837279319763184,2.9678540229797363
images_224/ART002-E-10469.jpg,11.635476112365723,5.211254596710205
images_224/ART002-E-10470.jpg,10.701172828674316,4.837823867797852
images_224/ART002-E-10471.jpg,9.897730827331543,3.5052549839019775
images_224/ART002-E-10472.jpg,10.83717155456543,5.2446722984313965
images_224/ART002-E-10473.jpg,12.134200096130371,5.015753746032715
images_224/ART002-E-10474.jpg,11.431978225708008,3.381129741668701
images_224/ART002-E-10475.jpg,11.835121154785156,5.618581295013428
images_224/ART002-E-10476.jpg,11.76269817352295,4.759972095489502
images_224/ART002-E-10477.jpg,10.90191650390625,2.9347176551818848
images_224/ART002-E-10478.jpg,11.589741706848145,5.2129225730896
images_224/ART002-E-10479.jpg,12.107040405273438,5.389400482177734
images_224/ART002-E-10480.jpg,11.005316734313965,3.40140962600708
images_224/ART002-E-10481.jpg,11.89686107635498,5.806723594665527
images_224/ART002-E-10482.jpg,11.634713172912598,4.893398761749268
images_224/ART002-E-10483.jpg,10.907752990722656,2.930114984512329
images_224/ART002-E-10484.jpg,11.651273727416992,5.3690290451049805
images_224/ART002-E-10485.jpg,11.998247146606445,4.9362473487854
images_224/ART002-E-10486.jpg,10.920440673828125,2.9327073097229004
images_224/ART002-E-10487.jpg,11.866080284118652,5.2745513916015625
images_224/ART002-E-10488.jpg,10.99286937713623,5.8931732177734375
images_224/ART002-E-10489.jpg,9.929984092712402,4.173579692840576
images_224/ART002-E-10490.jpg,10.803359985351562,5.8099870681762695
images_224/ART002-E-10491.jpg,12.168099403381348,5.134834289550781
images_224/ART002-E-10492.jpg,11.645817756652832,3.3738362789154053
images_224/ART002-E-10493.jpg,11.850479125976562,5.544485569000244
images_224/ART002-E-10494.jpg,11.322827339172363,5.225061416625977
images_224/ART002-E-10495.jpg,10.284930229187012,3.9625871181488037
images_224/ART002-E-10496.jpg,11.505926132202148,5.195449352264404
images_224/ART002-E-10497.jpg,11.59766674041748,4.96330451965332
images_224/ART002-E-10498.jpg,10.324387550354004,3.8385488986968994
images_224/ART002-E-10499.jpg,11.39164924621582,5.314929962158203
images_224/ART002-E-10500.jpg,11.382990837097168,4.955078601837158
images_224/ART002-E-10501.jpg,10.29096794128418,3.8748624324798584
images_224/ART002-E-10502.jpg,11.244959831237793,5.322923183441162
images_224/ART002-E-10503.jpg,12.379716873168945,5.38773775100708
images_224/ART002-E-10504.jpg,11.554373741149902,3.325800895690918
images_224/ART002-E-10505.jpg,12.722171783447266,5.778687477111816
images_224/ART002-E-10506.jpg,11.347639083862305,5.2489094734191895
images_224/ART002-E-10507.jpg,10.39044189453125,3.932164430618286
images_224/ART002-E-10508.jpg,11.340730667114258,5.33779764175415
images_224/ART002-E-10509.jpg,11.242958068847656,4.794814586639404
images_224/ART002-E-10510.jpg,10.148024559020996,3.753188371658325
images_224/ART002-E-10511.jpg,11.269709587097168,5.277349948883057
images_224/ART002-E-10512.jpg,10.659801483154297,4.381143093109131
images_224/ART002-E-10513.jpg,9.919753074645996,3.4648334980010986
images_224/ART002-E-10514.jpg,10.965291976928711,5.13081693649292
images_224/ART002-E-10515.jpg,9.930438995361328,3.450566053390503
images_224/ART002-E-10516.jpg,9.663044929504395,2.956141233444214
images_224/ART002-E-10517.jpg,10.014909744262695,3.52945613861084
images_224/ART002-E-10518.jpg,9.834004402160645,3.2900917530059814
images_224/ART002-E-10519.jpg,10.673933029174805,4.5753278732299805
images_224/ART002-E-10520.jpg,8.085221290588379,-9.47214126586914
images_224/ART002-E-10521.jpg,8.091421127319336,-9.269160270690918
images_224/ART002-E-10522.jpg,7.702167510986328,-8.879690170288086
images_224/ART002-E-10523.jpg,6.857391834259033,-4.836799621582031
images_224/ART002-E-10524.jpg,6.878231525421143,-4.758759498596191
images_224/ART002-E-10525.jpg,6.789093017578125,-4.858849048614502
images_224/ART002-E-10526.jpg,7.05766487121582,-4.6830339431762695
images_224/ART002-E-10527.jpg,6.9599928855896,-4.901243686676025
images_224/ART002-E-10528.jpg,7.121011257171631,-4.784335613250732
images_224/ART002-E-10529.jpg,10.00086498260498,9.252742767333984
images_224/ART002-E-10530.jpg,8.890963554382324,4.658933639526367
images_224/ART002-E-10531.jpg,9.984720230102539,9.27735710144043
images_224/ART002-E-10532.jpg,10.00351619720459,9.242562294006348
images_224/ART002-E-10533.jpg,8.883429527282715,4.591524124145508
images_224/ART002-E-10534.jpg,9.956300735473633,9.297510147094727
images_224/ART002-E-10535.jpg,9.977954864501953,9.272089958190918
images_224/ART002-E-10536.jpg,8.881688117980957,4.578606128692627
images_224/ART002-E-10537.jpg,9.955775260925293,9.280157089233398
images_224/ART002-E-10538.jpg,9.984065055847168,9.265863418579102
images_224/ART002-E-10539.jpg,8.854991912841797,4.583978176116943
images_224/ART002-E-10540.jpg,9.950806617736816,9.29238510131836
images_224/ART002-E-10541.jpg,8.09730052947998,-9.265715599060059
images_224/ART002-E-10542.jpg,6.667813777923584,-8.916962623596191
images_224/ART002-E-10543.jpg,7.610352039337158,-9.311558723449707
images_224/ART002-E-10544.jpg,7.435752868652344,-9.64809513092041
images_224/ART002-E-10545.jpg,7.605715751647949,-9.678651809692383
images_224/ART002-E-10546.jpg,6.660754203796387,-8.96439266204834
images_224/ART002-E-10547.jpg,5.1709113121032715,-7.601528644561768
images_224/ART002-E-10548.jpg,4.12942361831665,-6.497914791107178
images_224/ART002-E-10549.jpg,7.128554344177246,-8.834249496459961
images_224/ART002-E-10550.jpg,7.7119574546813965,-9.740592002868652
images_224/ART002-E-10551.jpg,7.47686243057251,-9.223133087158203
images_224/ART002-E-10552.jpg,7.322349548339844,-9.453709602355957
images_224/ART002-E-10553.jpg,7.542484283447266,-9.371423721313477
images_224/ART002-E-10574.jpg,10.21491527557373,-2.6938209533691406
images_224/ART002-E-10575.jpg,5.909176349639893,-2.2211623191833496
images_224/ART002-E-10576.jpg,9.06597900390625,-3.157088279724121
images_224/ART002-E-10577.jpg,10.396337509155273,-3.1543893814086914
images_224/ART002-E-10578.jpg,10.385795593261719,-3.1985933780670166
images_224/ART002-E-10579.jpg,10.247042655944824,-2.6559250354766846
images_224/ART002-E-10580.jpg,5.912543773651123,-2.237069845199585
images_224/ART002-E-10581.jpg,9.135778427124023,-3.1156463623046875
images_224/ART002-E-10582.jpg,10.393937110900879,-2.829801559448242
images_224/ART002-E-10583.jpg,10.40906810760498,-3.164503812789917
images_224/ART002-E-10584.jpg,10.280461311340332,-2.660151481628418
images_224/ART002-E-10585.jpg,5.987172603607178,-1.6842886209487915
images_224/ART002-E-10586.jpg,9.152705192565918,-3.1116647720336914
images_224/ART002-E-10587.jpg,10.445429801940918,-2.87959885597229
images_224/ART002-E-10588.jpg,10.287552833557129,-2.655482053756714
images_224/ART002-E-10589.jpg,5.99140739440918,-1.985251545906067
images_224/ART002-E-10590.jpg,9.12673282623291,-3.1229374408721924
images_224/ART002-E-10591.jpg,10.432424545288086,-3.0238847732543945
images_224/ART002-E-10592.jpg,10.402179718017578,-3.1239798069000244
images_224/ART002-E-10593.jpg,10.381641387939453,-2.561720609664917
images_224/ART002-E-10594.jpg,5.928831577301025,-2.1959855556488037
images_224/ART002-E-10595.jpg,9.12431812286377,-3.1138875484466553
images_224/ART002-E-10596.jpg,10.435460090637207,-2.7804648876190186
images_224/ART002-E-10597.jpg,10.41430950164795,-3.129969358444214
images_224/ART002-E-10598.jpg,10.44199275970459,-2.4974448680877686
images_224/ART002-E-10599.jpg,5.911437034606934,-2.20939302444458
images_224/ART002-E-10600.jpg,9.08569622039795,-3.1015048027038574
images_224/ART002-E-10601.jpg,10.571195602416992,-2.524263620376587
images_224/ART002-E-10602.jpg,10.428330421447754,-3.0582640171051025
images_224/ART002-E-10603.jpg,10.242938995361328,-2.5976624488830566
images_224/ART002-E-10604.jpg,5.752251625061035,-2.310995578765869
images_224/ART002-E-10605.jpg,6.009366989135742,-2.121544122695923
images_224/ART002-E-10606.jpg,10.374780654907227,-2.577183723449707
images_224/ART002-E-10607.jpg,10.547684669494629,-2.5758931636810303
images_224/ART002-E-10608.jpg,10.338003158569336,-2.530811309814453
images_224/ART002-E-10609.jpg,5.69494104385376,-2.4412052631378174
images_224/ART002-E-10610.jpg,5.961544036865234,-2.176359176635742
images_224/ART002-E-10611.jpg,10.356918334960938,-2.565065383911133
images_224/ART002-E-10612.jpg,10.520967483520508,-2.5296525955200195
images_224/ART002-E-10613.jpg,9.571542739868164,-2.963869094848633
images_224/ART002-E-10614.jpg,5.387633800506592,-2.5688982009887695
images_224/ART002-E-10615.jpg,5.8873796463012695,-2.225735902786255
images_224/ART002-E-10616.jpg,9.96858024597168,-2.821632146835327
images_224/ART002-E-10617.jpg,10.740215301513672,-3.048543691635132
images_224/ART002-E-10618.jpg,10.485499382019043,-2.4854540824890137
images_224/ART002-E-10619.jpg,7.822421073913574,-4.889837741851807
images_224/ART002-E-10620.jpg,8.874543190002441,-3.681764602661133
images_224/ART002-E-10621.jpg,10.586630821228027,-2.578108549118042
images_224/ART002-E-10622.jpg,10.37878704071045,-3.3178036212921143
images_224/ART002-E-10623.jpg,10.42921257019043,-2.534945487976074
images_224/ART002-E-10624.jpg,7.548339366912842,-5.1601457595825195
images_224/ART002-E-10625.jpg,9.038089752197266,-3.4379427433013916
images_224/ART002-E-10626.jpg,10.591428756713867,-2.546109199523926
images_224/ART002-E-10627.jpg,10.422568321228027,-3.290245532989502
images_224/ART002-E-10628.jpg,10.536441802978516,-2.4540655612945557
images_224/ART002-E-10629.jpg,7.480625152587891,-5.219944000244141
images_224/ART002-E-10630.jpg,8.863682746887207,-3.805964231491089
images_224/ART002-E-10631.jpg,10.638259887695312,-2.4670116901397705
images_224/ART002-E-10632.jpg,10.398951530456543,-3.3398308753967285
images_224/ART002-E-10633.jpg,10.524345397949219,-2.4671709537506104
images_224/ART002-E-10634.jpg,7.5894598960876465,-5.182460784912109
images_224/ART002-E-10635.jpg,8.77930736541748,-3.8664166927337646
images_224/ART002-E-10636.jpg,10.600654602050781,-2.5418872833251953
images_224/ART002-E-10637.jpg,10.404179573059082,-3.315953016281128
images_224/ART002-E-10638.jpg,10.479393005371094,-2.452606439590454
images_224/ART002-E-10639.jpg,7.157706260681152,-5.382345676422119
images_224/ART002-E-10640.jpg,8.770404815673828,-3.8396828174591064
images_224/ART002-E-10641.jpg,10.591410636901855,-2.5629544258117676
images_224/ART002-E-10642.jpg,10.399415016174316,-3.3135251998901367
images_224/ART002-E-10643.jpg,10.488594055175781,-2.4534902572631836
images_224/ART002-E-10644.jpg,7.206088066101074,-5.371458530426025
images_224/ART002-E-10645.jpg,8.699751853942871,-4.027815818786621
images_224/ART002-E-10646.jpg,10.581314086914062,-2.5380301475524902
images_224/ART002-E-10647.jpg,10.457026481628418,-3.2065446376800537
images_224/ART002-E-10648.jpg,10.491117477416992,-2.458829641342163
images_224/ART002-E-10649.jpg,7.168323516845703,-5.37579345703125
images_224/ART002-E-10650.jpg,8.691285133361816,-4.0067138671875
images_224/ART002-E-10651.jpg,10.593985557556152,-2.531374931335449
images_224/ART002-E-10652.jpg,10.391571044921875,-3.3293185234069824
images_224/ART002-E-10653.jpg,10.493937492370605,-2.4616308212280273
images_224/ART002-E-10654.jpg,7.175239562988281,-5.381339073181152
images_224/ART002-E-10655.jpg,8.811473846435547,-3.835430383682251
images_224/ART002-E-10656.jpg,10.625282287597656,-2.520357131958008
images_224/ART002-E-10657.jpg,10.383712768554688,-3.3342254161834717
images_224/ART002-E-10658.jpg,10.526407241821289,-2.45400071144104
images_224/ART002-E-10659.jpg,6.959019184112549,-5.265074729919434
images_224/ART002-E-10660.jpg,8.683423042297363,-4.039610385894775
images_224/ART002-E-10661.jpg,10.601165771484375,-2.5123703479766846
images_224/ART002-E-10662.jpg,10.375425338745117,-3.3543765544891357
images_224/ART002-E-10663.jpg,10.518993377685547,-2.444748640060425
images_224/ART002-E-10664.jpg,6.92540168762207,-5.319417953491211
images_224/ART002-E-10665.jpg,8.649832725524902,-4.075344085693359
images_224/ART002-E-10666.jpg,10.587839126586914,-2.493119955062866
images_224/ART002-E-10667.jpg,10.363532066345215,-3.3683815002441406
images_224/ART002-E-10668.jpg,10.494500160217285,-2.434107542037964
images_224/ART002-E-10669.jpg,6.918474197387695,-5.466926574707031
images_224/ART002-E-10670.jpg,8.67668342590332,-4.141880512237549
images_224/ART002-E-10671.jpg,10.600722312927246,-2.495635986328125
images_224/ART002-E-10672.jpg,10.381585121154785,-3.34545636177063
images_224/ART002-E-10673.jpg,10.481614112854004,-2.4563357830047607
images_224/ART002-E-10674.jpg,6.835940837860107,-5.417715549468994
images_224/ART002-E-10675.jpg,8.657368659973145,-4.088491439819336
images_224/ART002-E-10676.jpg,10.581496238708496,-2.4909210205078125
images_224/ART002-E-10677.jpg,10.378512382507324,-3.3501925468444824
images_224/ART002-E-10678.jpg,10.503442764282227,-2.45676589012146
images_224/ART002-E-10679.jpg,6.837603569030762,-5.504400730133057
images_224/ART002-E-10680.jpg,8.63096809387207,-4.576352596282959
images_224/ART002-E-10681.jpg,10.528929710388184,-2.504607915878296
images_224/ART002-E-10682.jpg,10.37215518951416,-3.3597395420074463
images_224/ART002-E-10683.jpg,10.482418060302734,-2.4529926776885986
images_224/ART002-E-10684.jpg,6.763696670532227,-5.571539878845215
images_224/ART002-E-10685.jpg,8.69295883178711,-4.451517581939697
images_224/ART002-E-10686.jpg,10.61794662475586,-2.4840612411499023
images_224/ART002-E-10687.jpg,10.387803077697754,-3.3220958709716797
images_224/ART002-E-10688.jpg,10.560672760009766,-2.462458610534668
images_224/ART002-E-10689.jpg,7.237481594085693,-8.436005592346191
images_224/ART002-E-10690.jpg,7.41719913482666,-4.792151927947998
images_224/ART002-E-10691.jpg,10.578558921813965,-2.4602062702178955
images_224/ART002-E-10692.jpg,10.359827041625977,-3.376589775085449
images_224/ART002-E-10693.jpg,10.469054222106934,-2.46291446685791
images_224/ART002-E-10694.jpg,7.185149192810059,-9.1600923538208
images_224/ART002-E-10695.jpg,7.387485504150391,-4.812345027923584
images_224/ART002-E-10696.jpg,10.575370788574219,-2.4702179431915283
images_224/ART002-E-10697.jpg,10.346020698547363,-3.412475347518921
images_224/ART002-E-10698.jpg,10.482093811035156,-2.4528372287750244
images_224/ART002-E-10699.jpg,7.232794284820557,-8.47702407836914
images_224/ART002-E-10700.jpg,7.260807991027832,-4.764312744140625
images_224/ART002-E-10701.jpg,10.550884246826172,-2.5081584453582764
images_224/ART002-E-10702.jpg,10.346001625061035,-3.430067300796509
images_224/ART002-E-10703.jpg,10.464914321899414,-2.462791681289673
images_224/ART002-E-10704.jpg,7.408760070800781,-9.051572799682617
images_224/ART002-E-10705.jpg,7.428164958953857,-4.807980060577393
images_224/ART002-E-10706.jpg,10.537096977233887,-2.46433162689209
images_224/ART002-E-10707.jpg,10.376592636108398,-3.3515820503234863
images_224/ART002-E-10708.jpg,10.509673118591309,-2.4497501850128174
images_224/ART002-E-10709.jpg,7.417022705078125,-9.202960014343262
images_224/ART002-E-10710.jpg,7.382134437561035,-4.750023365020752
images_224/ART002-E-10711.jpg,10.51257038116455,-2.48297119140625
images_224/ART002-E-10712.jpg,10.370975494384766,-3.351896047592163
images_224/ART002-E-10713.jpg,10.487367630004883,-2.4495012760162354
images_224/ART002-E-10714.jpg,6.960163593292236,-8.519532203674316
images_224/ART002-E-10715.jpg,7.5133585929870605,-5.103509902954102
images_224/ART002-E-10716.jpg,10.513328552246094,-2.4453511238098145
images_224/ART002-E-10717.jpg,10.54474925994873,-2.6986801624298096
images_224/ART002-E-10718.jpg,9.540377616882324,-4.549372673034668
images_224/ART002-E-10719.jpg,5.930454730987549,-8.576790809631348
images_224/ART002-E-10720.jpg,7.107929229736328,-4.72510290145874
images_224/ART002-E-10721.jpg,10.5673828125,-2.4618778228759766
images_224/ART002-E-10722.jpg,10.143699645996094,-3.771535634994507
images_224/ART002-E-10723.jpg,9.595149993896484,-4.516961097717285
images_224/ART002-E-10724.jpg,7.360667705535889,-9.420756340026855
images_224/ART002-E-10725.jpg,7.215305328369141,-4.481259822845459
images_224/ART002-E-10726.jpg,9.803628921508789,-4.335175514221191
images_224/ART002-E-10727.jpg,9.94875431060791,-4.101136207580566
images_224/ART002-E-10728.jpg,9.040902137756348,-4.719984531402588
images_224/ART002-E-10729.jpg,7.1205010414123535,-9.683257102966309
images_224/ART002-E-10730.jpg,6.960917949676514,-4.384105205535889
images_224/ART002-E-10731.jpg,9.534187316894531,-4.604935646057129
images_224/ART002-E-10732.jpg,9.545778274536133,-4.8103837966918945
images_224/ART002-E-10733.jpg,9.15947437286377,-4.644148349761963
images_224/ART002-E-10734.jpg,7.13791036605835,-9.56969928741455
images_224/ART002-E-10735.jpg,7.0763983726501465,-4.38667106628418
images_224/ART002-E-10736.jpg,9.616808891296387,-4.5175933837890625
images_224/ART002-E-10737.jpg,10.1432466506958,-3.8123292922973633
images_224/ART002-E-10738.jpg,9.458633422851562,-4.587363243103027
images_224/ART002-E-10739.jpg,7.297286510467529,-9.63995361328125
images_224/ART002-E-10740.jpg,7.347052097320557,-4.800533771514893
images_224/ART002-E-10741.jpg,9.668022155761719,-4.476977348327637
images_224/ART002-E-10742.jpg,10.17574405670166,-3.72992205619812
images_224/ART002-E-10743.jpg,9.318546295166016,-4.593034744262695
images_224/ART002-E-10744.jpg,6.801700592041016,-9.033823013305664
images_224/ART002-E-10745.jpg,7.224526882171631,-4.907681465148926
images_224/ART002-E-10746.jpg,9.624113082885742,-4.495340347290039
images_224/ART002-E-10747.jpg,10.122638702392578,-3.817842960357666
images_224/ART002-E-10748.jpg,9.120817184448242,-4.6399245262146
images_224/ART002-E-10749.jpg,7.308132171630859,-8.645267486572266
images_224/ART002-E-10750.jpg,6.975013732910156,-4.49211311340332
images_224/ART002-E-10751.jpg,9.650734901428223,-4.4911417961120605
images_224/ART002-E-10752.jpg,9.88183879852295,-4.144142150878906
images_224/ART002-E-10753.jpg,9.24382209777832,-4.591464519500732
images_224/ART002-E-10754.jpg,5.66381311416626,-8.01511287689209
images_224/ART002-E-10755.jpg,7.113037586212158,-4.685537338256836
images_224/ART002-E-10756.jpg,9.637163162231445,-4.4957194328308105
images_224/ART002-E-10757.jpg,9.935853958129883,-4.151164531707764
images_224/ART002-E-10758.jpg,9.598174095153809,-4.508520126342773
images_224/ART002-E-10759.jpg,5.080577850341797,-7.583634376525879
images_224/ART002-E-10760.jpg,7.326882839202881,-4.84080171585083
images_224/ART002-E-10761.jpg,9.609469413757324,-4.4449310302734375
images_224/ART002-E-10762.jpg,10.113402366638184,-3.811290979385376
images_224/ART002-E-10763.jpg,9.599602699279785,-4.5137128829956055
images_224/ART002-E-10764.jpg,6.075374126434326,-8.619503021240234
images_224/ART002-E-10765.jpg,7.178286552429199,-4.755017280578613
images_224/ART002-E-10766.jpg,9.687768936157227,-4.434943675994873
images_224/ART002-E-10767.jpg,9.930335998535156,-4.146602153778076
images_224/ART002-E-10768.jpg,9.607900619506836,-4.516425132751465
images_224/ART002-E-10769.jpg,7.274456977844238,-9.224261283874512
images_224/ART002-E-10770.jpg,7.169537544250488,-4.893072128295898
images_224/ART002-E-10771.jpg,9.681403160095215,-4.446446895599365
images_224/ART002-E-10772.jpg,9.920787811279297,-4.178565502166748
images_224/ART002-E-10773.jpg,9.19284725189209,-4.635762691497803
images_224/ART002-E-10774.jpg,6.5215864181518555,-8.938268661499023
images_224/ART002-E-10775.jpg,7.203528881072998,-4.882611274719238
images_224/ART002-E-10776.jpg,9.727986335754395,-4.395949363708496
images_224/ART002-E-10777.jpg,9.963094711303711,-4.105591297149658
images_224/ART002-E-10778.jpg,9.22218132019043,-4.583909511566162
images_224/ART002-E-10779.jpg,7.296900749206543,-9.587746620178223
images_224/ART002-E-10780.jpg,6.999728202819824,-4.5794830322265625
images_224/ART002-E-10781.jpg,9.630995750427246,-4.498442649841309
images_224/ART002-E-10782.jpg,9.924121856689453,-4.166110038757324
images_224/ART002-E-10783.jpg,9.04216194152832,-4.684027194976807
images_224/ART002-E-10784.jpg,5.6122541427612305,-7.878753662109375
images_224/ART002-E-10785.jpg,7.033464431762695,-4.807098388671875
images_224/ART002-E-10786.jpg,9.640948295593262,-4.487678050994873
images_224/ART002-E-10787.jpg,9.970436096191406,-4.0791192054748535
images_224/ART002-E-10788.jpg,9.0053071975708,-4.681037902832031
images_224/ART002-E-10789.jpg,6.993168354034424,-8.56651496887207
images_224/ART002-E-10790.jpg,7.030689716339111,-4.832794189453125
images_224/ART002-E-10791.jpg,9.61570930480957,-4.497880935668945
images_224/ART002-E-10792.jpg,9.87585735321045,-4.292882442474365
images_224/ART002-E-10793.jpg,9.061661720275879,-4.6612677574157715
images_224/ART002-E-10794.jpg,7.560455799102783,-8.988224983215332
images_224/ART002-E-10795.jpg,7.175568103790283,-4.90814208984375
images_224/ART002-E-10796.jpg,9.545531272888184,-4.552542686462402
images_224/ART002-E-10797.jpg,9.956866264343262,-4.1100006103515625
images_224/ART002-E-10798.jpg,9.008872032165527,-4.695666790008545
images_224/ART002-E-10799.jpg,7.485711097717285,-9.352993965148926
images_224/ART002-E-10800.jpg,6.944429874420166,-4.74094820022583
images_224/ART002-E-10801.jpg,9.687723159790039,-4.447300434112549
images_224/ART002-E-10802.jpg,9.880278587341309,-4.2381062507629395
images_224/ART002-E-10803.jpg,9.242859840393066,-4.589500427246094
images_224/ART002-E-10804.jpg,7.964836120605469,-9.354811668395996
images_224/ART002-E-10805.jpg,7.172967433929443,-4.863523006439209
images_224/ART002-E-10806.jpg,9.635746002197266,-4.504096508026123
images_224/ART002-E-10807.jpg,9.875114440917969,-4.220584392547607
images_224/ART002-E-10808.jpg,9.179924011230469,-4.62257194519043
images_224/ART002-E-10809.jpg,6.821541786193848,-8.456693649291992
images_224/ART002-E-10810.jpg,7.186752796173096,-4.890130519866943
images_224/ART002-E-10811.jpg,9.585878372192383,-4.517405986785889
images_224/ART002-E-10812.jpg,9.883020401000977,-4.239027500152588
images_224/ART002-E-10813.jpg,9.101737022399902,-4.654692649841309
images_224/ART002-E-10814.jpg,7.620405673980713,-9.23980712890625
images_224/ART002-E-10815.jpg,7.043654918670654,-4.476891040802002
images_224/ART002-E-10816.jpg,9.613362312316895,-4.513198375701904
images_224/ART002-E-10817.jpg,9.932147979736328,-4.156947135925293
images_224/ART002-E-10818.jpg,8.948344230651855,-4.694347381591797
images_224/ART002-E-10819.jpg,7.4847564697265625,-8.623796463012695
images_224/ART002-E-10820.jpg,7.111760139465332,-4.858466625213623
images_224/ART002-E-10821.jpg,9.579927444458008,-4.5286970138549805
images_224/ART002-E-10822.jpg,10.009750366210938,-4.030725002288818
images_224/ART002-E-10823.jpg,9.127666473388672,-4.646761417388916
images_224/ART002-E-10824.jpg,7.037796497344971,-9.440217971801758
images_224/ART002-E-10825.jpg,6.955877780914307,-4.784412384033203
images_224/ART002-E-10826.jpg,9.617472648620605,-4.499736785888672
images_224/ART002-E-10827.jpg,9.871847152709961,-4.216919898986816
images_224/ART002-E-10828.jpg,8.968096733093262,-4.686829090118408
images_224/ART002-E-10829.jpg,6.158952713012695,-8.042716026306152
images_224/ART002-E-10830.jpg,7.155407905578613,-4.870029926300049
images_224/ART002-E-10831.jpg,9.625191688537598,-4.485996246337891
images_224/ART002-E-10832.jpg,9.887309074401855,-4.211765766143799
images_224/ART002-E-10833.jpg,8.981212615966797,-4.672058582305908
images_224/ART002-E-10834.jpg,7.801787376403809,-9.513867378234863
images_224/ART002-E-10835.jpg,7.069419860839844,-4.782675743103027
images_224/ART002-E-10836.jpg,9.637043952941895,-4.506284713745117
images_224/ART002-E-10837.jpg,9.937158584594727,-4.147145748138428
images_224/ART002-E-10838.jpg,8.646692276000977,-4.764921188354492
images_224/ART002-E-10839.jpg,7.232416152954102,-9.42562484741211
images_224/ART002-E-10840.jpg,6.80670690536499,-4.756933689117432
images_224/ART002-E-10841.jpg,9.179211616516113,-5.0247368812561035
images_224/ART002-E-10842.jpg,9.498396873474121,-4.881292819976807
images_224/ART002-E-10843.jpg,8.426580429077148,-4.660423755645752
images_224/ART002-E-10844.jpg,7.5069050788879395,-9.83198356628418
images_224/ART002-E-10845.jpg,6.794372081756592,-4.719392776489258
images_224/ART002-E-10846.jpg,9.507959365844727,-4.6100287437438965
images_224/ART002-E-10847.jpg,9.512938499450684,-4.890505790710449
images_224/ART002-E-10848.jpg,8.598800659179688,-4.7527241706848145
images_224/ART002-E-10849.jpg,7.186988830566406,-9.0243501663208
images_224/ART002-E-10850.jpg,6.74575662612915,-4.955156326293945
images_224/ART002-E-10851.jpg,9.123332977294922,-5.120710372924805
images_224/ART002-E-10852.jpg,9.492765426635742,-4.899486064910889
images_224/ART002-E-10853.jpg,8.6124849319458,-4.761672019958496
images_224/ART002-E-10854.jpg,7.446606159210205,-8.81893539428711
images_224/ART002-E-10855.jpg,6.682017803192139,-4.871967315673828
images_224/ART002-E-10856.jpg,9.10482120513916,-5.114403247833252
images_224/ART002-E-10857.jpg,9.309828758239746,-5.067058086395264
images_224/ART002-E-10858.jpg,8.705503463745117,-4.850390434265137
images_224/ART002-E-10859.jpg,6.515765190124512,-8.258269309997559
images_224/ART002-E-10860.jpg,6.750394344329834,-4.964641571044922
images_224/ART002-E-10861.jpg,9.094355583190918,-5.143545150756836
images_224/ART002-E-10862.jpg,9.3048734664917,-5.03463077545166
images_224/ART002-E-10863.jpg,8.223793983459473,-4.555807113647461
images_224/ART002-E-10864.jpg,6.70866584777832,-8.516648292541504
images_224/ART002-E-10865.jpg,6.751785755157471,-4.874180793762207
images_224/ART002-E-10866.jpg,9.047813415527344,-5.047656536102295
images_224/ART002-E-10867.jpg,9.156108856201172,-5.053931713104248
images_224/ART002-E-10868.jpg,8.59196949005127,-4.731666088104248
images_224/ART002-E-10869.jpg,7.215045928955078,-9.324250221252441
images_224/ART002-E-10870.jpg,6.790050983428955,-5.331092834472656
images_224/ART002-E-10871.jpg,9.193899154663086,-5.044744968414307
images_224/ART002-E-10872.jpg,9.486989974975586,-4.913653373718262
images_224/ART002-E-10873.jpg,8.657577514648438,-4.751112937927246
images_224/ART002-E-10874.jpg,7.3562726974487305,-8.95891284942627
images_224/ART002-E-10875.jpg,6.865329742431641,-5.384438991546631
images_224/ART002-E-10876.jpg,9.108086585998535,-5.2944488525390625
images_224/ART002-E-10877.jpg,9.389253616333008,-5.084629535675049
images_224/ART002-E-10878.jpg,8.588292121887207,-4.727343559265137
images_224/ART002-E-10879.jpg,7.833345413208008,-9.43771743774414
images_224/ART002-E-10880.jpg,6.781540870666504,-5.400207042694092
images_224/ART002-E-10881.jpg,9.115354537963867,-5.291064262390137
images_224/ART002-E-10882.jpg,9.381841659545898,-5.119966983795166
images_224/ART002-E-10883.jpg,8.514477729797363,-4.706007957458496
images_224/ART002-E-10884.jpg,7.214591979980469,-8.828240394592285
images_224/ART002-E-10885.jpg,6.908487796783447,-5.303626537322998
images_224/ART002-E-10886.jpg,9.137369155883789,-5.261617660522461
images_224/ART002-E-10887.jpg,9.38294792175293,-5.104618072509766
images_224/ART002-E-10888.jpg,8.555773735046387,-4.7208251953125
images_224/ART002-E-10889.jpg,7.783883094787598,-9.646260261535645
images_224/ART002-E-10890.jpg,6.828964710235596,-5.3032450675964355
images_224/ART002-E-10891.jpg,9.1104097366333,-5.277781009674072
images_224/ART002-E-10892.jpg,9.394524574279785,-5.08988618850708
images_224/ART002-E-10893.jpg,8.51309585571289,-4.6973466873168945
images_224/ART002-E-10894.jpg,7.216770172119141,-8.399142265319824
images_224/ART002-E-10895.jpg,6.75162935256958,-5.424379348754883
images_224/ART002-E-10896.jpg,9.072057723999023,-5.224510669708252
images_224/ART002-E-10897.jpg,9.352011680603027,-5.054288864135742
images_224/ART002-E-10898.jpg,8.434237480163574,-4.638575077056885
images_224/ART002-E-10899.jpg,6.467416286468506,-8.234746932983398
images_224/ART002-E-10900.jpg,6.652031421661377,-5.52609395980835
images_224/ART002-E-10901.jpg,9.11842155456543,-5.2152814865112305
images_224/ART002-E-10902.jpg,9.454988479614258,-5.0030903816223145
images_224/ART002-E-10903.jpg,8.472152709960938,-4.6836419105529785
images_224/ART002-E-10904.jpg,6.798928737640381,-9.006460189819336
images_224/ART002-E-10905.jpg,6.708781719207764,-5.418025016784668
images_224/ART002-E-10906.jpg,9.17196273803711,-5.10992431640625
images_224/ART002-E-10907.jpg,9.364622116088867,-5.065141201019287
images_224/ART002-E-10908.jpg,8.835796356201172,-4.690334320068359
images_224/ART002-E-10909.jpg,6.975152492523193,-8.94403076171875
images_224/ART002-E-10910.jpg,6.8673577308654785,-4.54630708694458
images_224/ART002-E-10911.jpg,9.148487091064453,-5.255812644958496
images_224/ART002-E-10912.jpg,9.364502906799316,-5.132038593292236
images_224/ART002-E-10913.jpg,8.338884353637695,-4.602555751800537
images_224/ART002-E-10914.jpg,5.695318222045898,-8.008100509643555
images_224/ART002-E-10915.jpg,6.680801868438721,-5.492959976196289
images_224/ART002-E-10916.jpg,9.127384185791016,-5.270869731903076
images_224/ART002-E-10917.jpg,9.382506370544434,-5.1266560554504395
images_224/ART002-E-10918.jpg,8.62716293334961,-4.72056245803833
images_224/ART002-E-10919.jpg,7.700893402099609,-9.472626686096191
images_224/ART002-E-10920.jpg,6.700377464294434,-5.43784761428833
images_224/ART002-E-10921.jpg,9.10528564453125,-5.267687797546387
images_224/ART002-E-10922.jpg,9.412027359008789,-5.0602850914001465
images_224/ART002-E-10923.jpg,8.511761665344238,-4.681462287902832
images_224/ART002-E-10924.jpg,7.421807765960693,-8.872020721435547
images_224/ART002-E-10925.jpg,6.641459941864014,-5.532127857208252
images_224/ART002-E-10926.jpg,9.14543628692627,-5.240326881408691
images_224/ART002-E-10927.jpg,9.385881423950195,-5.119865894317627
images_224/ART002-E-10928.jpg,8.276640892028809,-4.521907329559326
images_224/ART002-E-10929.jpg,7.150096893310547,-9.421903610229492
images_224/ART002-E-10930.jpg,6.765559673309326,-5.60258674621582
images_224/ART002-E-10931.jpg,9.099457740783691,-5.269878387451172
images_224/ART002-E-10932.jpg,9.37766170501709,-5.099472999572754
images_224/ART002-E-10933.jpg,8.28685474395752,-4.538179874420166
images_224/ART002-E-10934.jpg,7.447934627532959,-9.607263565063477
images_224/ART002-E-10935.jpg,6.750084400177002,-5.555565357208252
images_224/ART002-E-10936.jpg,9.115421295166016,-5.281047344207764
images_224/ART002-E-10937.jpg,9.39687442779541,-5.10145902633667
images_224/ART002-E-10938.jpg,8.438888549804688,-4.580775737762451
images_224/ART002-E-10939.jpg,7.521844387054443,-9.269817352294922
images_224/ART002-E-10940.jpg,6.709036827087402,-5.597296714782715
images_224/ART002-E-10941.jpg,9.088757514953613,-5.2910075187683105
images_224/ART002-E-10942.jpg,9.338379859924316,-5.157347202301025
images_224/ART002-E-10943.jpg,8.278118133544922,-4.507372856140137
images_224/ART002-E-10944.jpg,7.7156081199646,-8.882706642150879
images_224/ART002-E-10945.jpg,6.708869934082031,-5.461931228637695
images_224/ART002-E-10946.jpg,9.132183074951172,-5.268348217010498
images_224/ART002-E-10947.jpg,9.366903305053711,-5.138969898223877
images_224/ART002-E-10948.jpg,7.932572364807129,-4.878988742828369
images_224/ART002-E-10949.jpg,7.27239990234375,-9.043547630310059
images_224/ART002-E-10950.jpg,7.674670219421387,-9.572166442871094
images_224/ART002-E-10951.jpg,10.750349998474121,-3.9956531524658203
images_224/ART002-E-10952.jpg,11.014705657958984,-3.7185122966766357
images_224/ART002-E-10953.jpg,7.906802654266357,-4.862730979919434
images_224/ART002-E-10954.jpg,6.925326347351074,-8.969096183776855
images_224/ART002-E-10955.jpg,7.886580467224121,-9.825714111328125
images_224/ART002-E-10956.jpg,10.777970314025879,-3.9897403717041016
images_224/ART002-E-10957.jpg,11.079635620117188,-3.7653515338897705
images_224/ART002-E-10958.jpg,7.854621410369873,-4.897406578063965
images_224/ART002-E-10959.jpg,7.927090644836426,-9.54745864868164
images_224/ART002-E-10960.jpg,7.921994209289551,-9.649568557739258
images_224/ART002-E-10961.jpg,10.762346267700195,-4.0201215744018555
images_224/ART002-E-10962.jpg,11.063475608825684,-3.6595852375030518
images_224/ART002-E-10963.jpg,7.7571234703063965,-4.977590084075928
images_224/ART002-E-10964.jpg,7.835469722747803,-9.707393646240234
images_224/ART002-E-10965.jpg,7.608109951019287,-9.142395973205566
images_224/ART002-E-10966.jpg,10.792826652526855,-4.032909393310547
images_224/ART002-E-10967.jpg,11.037799835205078,-3.8979716300964355
images_224/ART002-E-10968.jpg,7.676532745361328,-5.09260892868042
images_224/ART002-E-10969.jpg,7.862805366516113,-9.228621482849121
images_224/ART002-E-10970.jpg,7.370674133300781,-9.259305953979492
images_224/ART002-E-10971.jpg,10.747856140136719,-4.100982666015625
images_224/ART002-E-10972.jpg,11.136740684509277,-3.715343713760376
images_224/ART002-E-10973.jpg,7.624157428741455,-5.077452182769775
images_224/ART002-E-10974.jpg,6.917306423187256,-8.90256404876709
images_224/ART002-E-10975.jpg,7.3953423500061035,-9.08157730102539
images_224/ART002-E-10976.jpg,10.674118995666504,-4.118722438812256
images_224/ART002-E-10977.jpg,11.20914077758789,-3.7752017974853516
images_224/ART002-E-10978.jpg,7.67819356918335,-5.085483074188232
images_224/ART002-E-10979.jpg,7.851565837860107,-9.5068998336792
images_224/ART002-E-10980.jpg,7.654453754425049,-9.781929016113281
images_224/ART002-E-10981.jpg,10.769608497619629,-4.055037021636963
images_224/ART002-E-10982.jpg,11.233449935913086,-3.750951051712036
images_224/ART002-E-10983.jpg,7.645467281341553,-5.114815711975098
images_224/ART002-E-10984.jpg,5.675393104553223,-8.12409496307373
images_224/ART002-E-10985.jpg,5.0540452003479,-7.831177234649658
images_224/ART002-E-10986.jpg,10.765823364257812,-4.047165393829346
images_224/ART002-E-10987.jpg,11.184236526489258,-3.7908430099487305
images_224/ART002-E-10988.jpg,7.505483150482178,-5.089984893798828
images_224/ART002-E-10989.jpg,7.65392541885376,-9.396116256713867
images_224/ART002-E-10990.jpg,7.494959354400635,-9.56957721710205
images_224/ART002-E-10991.jpg,10.7745361328125,-4.113336086273193
images_224/ART002-E-10992.jpg,11.135186195373535,-3.773200511932373
images_224/ART002-E-10993.jpg,7.440679550170898,-4.996176719665527
images_224/ART002-E-10994.jpg,7.655520439147949,-8.726510047912598
images_224/ART002-E-10995.jpg,7.173057556152344,-8.76051139831543
images_224/ART002-E-10996.jpg,10.91693115234375,-4.175001621246338
images_224/ART002-E-10997.jpg,11.073740005493164,-3.919588088989258
images_224/ART002-E-10998.jpg,7.224300861358643,-5.013277530670166
images_224/ART002-E-10999.jpg,7.31735372543335,-8.880534172058105
images_224/ART002-E-11000.jpg,6.398247241973877,-8.2936372756958
images_224/ART002-E-11001.jpg,10.74835205078125,-4.105495452880859
images_224/ART002-E-11002.jpg,11.161715507507324,-3.7945191860198975
images_224/ART002-E-11003.jpg,7.402703762054443,-4.987585544586182
images_224/ART002-E-11004.jpg,7.040257453918457,-8.985360145568848
images_224/ART002-E-11005.jpg,7.600240230560303,-9.95554256439209
images_224/ART002-E-11006.jpg,10.699545860290527,-4.116047382354736
images_224/ART002-E-11007.jpg,11.31282901763916,-3.7521536350250244
images_224/ART002-E-11008.jpg,7.365335464477539,-5.073585510253906
images_224/ART002-E-11009.jpg,7.751626968383789,-9.29492473602295
images_224/ART002-E-11010.jpg,7.5781779289245605,-9.210874557495117
images_224/ART002-E-11011.jpg,10.757856369018555,-4.10924768447876
images_224/ART002-E-11012.jpg,11.190770149230957,-3.817068338394165
images_224/ART002-E-11013.jpg,7.510207653045654,-5.161067962646484
images_224/ART002-E-11014.jpg,6.64108943939209,-8.93751335144043
images_224/ART002-E-11015.jpg,6.902759075164795,-8.369770050048828
images_224/ART002-E-11016.jpg,10.760881423950195,-4.113742828369141
images_224/ART002-E-11017.jpg,11.259543418884277,-3.7217607498168945
images_224/ART002-E-11018.jpg,7.4241790771484375,-5.151887893676758
images_224/ART002-E-11019.jpg,7.437290191650391,-8.595952987670898
images_224/ART002-E-11020.jpg,7.8065643310546875,-9.500130653381348
images_224/ART002-E-11021.jpg,10.741228103637695,-4.193936347961426
images_224/ART002-E-11022.jpg,11.374741554260254,-3.723747491836548
images_224/ART002-E-11023.jpg,7.67901611328125,-5.03868293762207
images_224/ART002-E-11024.jpg,7.411678314208984,-9.504752159118652
images_224/ART002-E-11025.jpg,7.13516092300415,-9.353166580200195
images_224/ART002-E-11026.jpg,10.862112045288086,-4.065826416015625
images_224/ART002-E-11027.jpg,11.256632804870605,-3.7872531414031982
images_224/ART002-E-11028.jpg,7.069972991943359,-5.1277265548706055
images_224/ART002-E-11029.jpg,7.5492448806762695,-9.526780128479004
images_224/ART002-E-11030.jpg,5.619536399841309,-7.843923568725586
images_224/ART002-E-11031.jpg,10.706168174743652,-4.179394245147705
images_224/ART002-E-11032.jpg,11.019975662231445,-3.9457461833953857
images_224/ART002-E-11033.jpg,7.463456153869629,-5.001550674438477
images_224/ART002-E-11034.jpg,7.744232654571533,-9.682088851928711
images_224/ART002-E-11035.jpg,7.726161003112793,-8.948050498962402
images_224/ART002-E-11036.jpg,10.770959854125977,-4.0739665031433105
images_224/ART002-E-11037.jpg,10.978686332702637,-3.920201063156128
images_224/ART002-E-11038.jpg,7.503636360168457,-5.054339408874512
images_224/ART002-E-11039.jpg,7.889553546905518,-9.489252090454102
images_224/ART002-E-11040.jpg,7.370650291442871,-9.515312194824219
images_224/ART002-E-11041.jpg,10.809614181518555,-4.024749279022217
images_224/ART002-E-11042.jpg,11.163362503051758,-3.7402994632720947
images_224/ART002-E-11043.jpg,7.449804782867432,-5.200434684753418
images_224/ART002-E-11044.jpg,7.678919792175293,-8.821771621704102
images_224/ART002-E-11045.jpg,7.412518501281738,-9.47033405303955
images_224/ART002-E-11046.jpg,10.810940742492676,-4.0767130851745605
images_224/ART002-E-11047.jpg,11.278817176818848,-3.785727024078369
images_224/ART002-E-11048.jpg,7.079593181610107,-5.013312816619873
images_224/ART002-E-11049.jpg,7.830556392669678,-8.813427925109863
images_224/ART002-E-11050.jpg,6.795765399932861,-8.466695785522461
images_224/ART002-E-11051.jpg,10.741544723510742,-4.279303550720215
images_224/ART002-E-11052.jpg,11.397631645202637,-3.7166225910186768
images_224/ART002-E-11053.jpg,7.465275764465332,-5.181087017059326
images_224/ART002-E-11054.jpg,7.694143772125244,-9.175954818725586
images_224/ART002-E-11055.jpg,7.376147270202637,-9.670999526977539
images_224/ART002-E-11056.jpg,10.785216331481934,-4.351380348205566
images_224/ART002-E-11057.jpg,11.3544340133667,-3.7996766567230225
images_224/ART002-E-11058.jpg,7.17341423034668,-5.02492618560791
images_224/ART002-E-11059.jpg,7.704355716705322,-9.495407104492188
images_224/ART002-E-11060.jpg,7.345490455627441,-9.368393898010254
images_224/ART002-E-11061.jpg,10.743851661682129,-4.2762627601623535
images_224/ART002-E-11062.jpg,11.393967628479004,-3.732839345932007
images_224/ART002-E-11063.jpg,6.9975080490112305,-4.568012714385986
images_224/ART002-E-11064.jpg,7.131339073181152,-9.808573722839355
images_224/ART002-E-11065.jpg,7.512279033660889,-9.718877792358398
images_224/ART002-E-11066.jpg,10.85522747039795,-4.247039318084717
images_224/ART002-E-11067.jpg,11.106230735778809,-3.9979865550994873
images_224/ART002-E-11068.jpg,7.381638526916504,-5.041012763977051
images_224/ART002-E-11069.jpg,7.716495513916016,-9.642294883728027
images_224/ART002-E-11070.jpg,6.345064640045166,-8.656317710876465
images_224/ART002-E-11071.jpg,10.790834426879883,-4.136509418487549
images_224/ART002-E-11072.jpg,11.050495147705078,-3.9819226264953613
images_224/ART002-E-11073.jpg,7.357529640197754,-5.10358190536499
images_224/ART002-E-11074.jpg,7.5846686363220215,-9.87095832824707
images_224/ART002-E-11075.jpg,7.437097549438477,-9.245566368103027
images_224/ART002-E-11076.jpg,10.451607704162598,-4.203157424926758
images_224/ART002-E-11077.jpg,11.170292854309082,-3.7870728969573975
images_224/ART002-E-11078.jpg,7.378176689147949,-5.041220188140869
images_224/ART002-E-11079.jpg,7.3077006340026855,-8.87238883972168
images_224/ART002-E-11080.jpg,7.4790849685668945,-9.224769592285156
images_224/ART002-E-11081.jpg,10.808874130249023,-4.252378463745117
images_224/ART002-E-11082.jpg,11.291982650756836,-3.858529567718506
images_224/ART002-E-11083.jpg,7.059324264526367,-4.961165904998779
images_224/ART002-E-11084.jpg,7.388041973114014,-9.373950004577637
images_224/ART002-E-11085.jpg,7.087294578552246,-8.334083557128906
images_224/ART002-E-11086.jpg,10.733469009399414,-4.3794732093811035
images_224/ART002-E-11087.jpg,11.351178169250488,-3.747424364089966
images_224/ART002-E-11088.jpg,6.994060039520264,-4.540577411651611
images_224/ART002-E-11089.jpg,7.281932353973389,-8.574251174926758
images_224/ART002-E-11090.jpg,7.40742301940918,-8.690052032470703
images_224/ART002-E-11091.jpg,10.809820175170898,-4.195910930633545
images_224/ART002-E-11092.jpg,11.341147422790527,-3.7810773849487305
images_224/ART002-E-11093.jpg,7.312026500701904,-5.056694507598877
images_224/ART002-E-11094.jpg,7.526559829711914,-8.970857620239258
images_224/ART002-E-11095.jpg,6.462932586669922,-8.275242805480957
images_224/ART002-E-11096.jpg,10.777632713317871,-4.189483642578125
images_224/ART002-E-11097.jpg,11.277907371520996,-3.8095803260803223
images_224/ART002-E-11098.jpg,7.251497745513916,-5.053290367126465
images_224/ART002-E-11099.jpg,7.9230170249938965,-9.420793533325195
images_224/ART002-E-11100.jpg,7.475303649902344,-9.743515014648438
images_224/ART002-E-11101.jpg,10.916826248168945,-4.146793365478516
images_224/ART002-E-11102.jpg,11.34271240234375,-3.7795839309692383
images_224/ART002-E-11103.jpg,7.331918716430664,-5.0098395347595215
images_224/ART002-E-11104.jpg,7.492841720581055,-9.261252403259277
images_224/ART002-E-11105.jpg,7.54248046875,-9.837607383728027
images_224/ART002-E-11106.jpg,10.791210174560547,-4.179355144500732
images_224/ART002-E-11107.jpg,11.346287727355957,-3.7598800659179688
images_224/ART002-E-11108.jpg,7.252758026123047,-5.093684673309326
images_224/ART002-E-11109.jpg,7.8318352699279785,-9.792724609375
images_224/ART002-E-11110.jpg,7.029172420501709,-8.994243621826172
images_224/ART002-E-11111.jpg,10.77927303314209,-4.213580131530762
images_224/ART002-E-11112.jpg,11.203845977783203,-3.9193756580352783
images_224/ART002-E-11113.jpg,7.280415058135986,-5.0619893074035645
images_224/ART002-E-11114.jpg,7.238317012786865,-9.461041450500488
images_224/ART002-E-11115.jpg,7.529040813446045,-9.203340530395508
images_224/ART002-E-11116.jpg,10.961530685424805,-4.128262996673584
images_224/ART002-E-11117.jpg,11.139861106872559,-3.974635362625122
images_224/ART002-E-11118.jpg,7.2463507652282715,-5.089679718017578
images_224/ART002-E-11119.jpg,7.505725860595703,-9.675182342529297
images_224/ART002-E-11120.jpg,7.614638805389404,-8.855856895446777
images_224/ART002-E-11121.jpg,10.773758888244629,-4.317457675933838
images_224/ART002-E-11122.jpg,11.342405319213867,-3.794999599456787
images_224/ART002-E-11123.jpg,6.897226810455322,-4.541254997253418
images_224/ART002-E-11124.jpg,7.81960391998291,-9.449390411376953
images_224/ART002-E-11125.jpg,7.005602836608887,-9.362569808959961
images_224/ART002-E-11126.jpg,10.735103607177734,-4.348930358886719
images_224/ART002-E-11127.jpg,11.361799240112305,-3.7530570030212402
images_224/ART002-E-11128.jpg,7.062939643859863,-5.145727634429932
images_224/ART002-E-11129.jpg,6.520784854888916,-8.363707542419434
images_224/ART002-E-11130.jpg,6.223883628845215,-8.169917106628418
images_224/ART002-E-11131.jpg,10.762624740600586,-4.267740249633789
images_224/ART002-E-11132.jpg,11.35742473602295,-3.7822823524475098
images_224/ART002-E-11133.jpg,6.970691204071045,-4.9953436851501465
images_224/ART002-E-11134.jpg,7.613125324249268,-9.730729103088379
images_224/ART002-E-11135.jpg,6.487500190734863,-8.200069427490234
images_224/ART002-E-11136.jpg,10.786492347717285,-4.320113182067871
images_224/ART002-E-11137.jpg,11.380223274230957,-3.747497320175171
images_224/ART002-E-11138.jpg,6.84845495223999,-4.63127326965332
images_224/ART002-E-11139.jpg,7.94075870513916,-9.436455726623535
images_224/ART002-E-11140.jpg,7.491907596588135,-9.812104225158691
images_224/ART002-E-11141.jpg,10.748713493347168,-4.379701614379883
images_224/ART002-E-11142.jpg,11.377339363098145,-3.7588467597961426
images_224/ART002-E-11143.jpg,7.098186492919922,-5.22405481338501
images_224/ART002-E-11144.jpg,7.680165767669678,-9.700282096862793
images_224/ART002-E-11145.jpg,7.637722492218018,-8.691821098327637
images_224/ART002-E-11146.jpg,10.772311210632324,-4.269129753112793
images_224/ART002-E-11147.jpg,11.32059097290039,-3.834885597229004
images_224/ART002-E-11148.jpg,7.1095147132873535,-5.222413539886475
images_224/ART002-E-11149.jpg,7.3900275230407715,-9.65993595123291
images_224/ART002-E-11150.jpg,7.520253658294678,-9.844812393188477
images_224/ART002-E-11151.jpg,10.746559143066406,-4.360206604003906
images_224/ART002-E-11152.jpg,11.230311393737793,-3.9475529193878174
images_224/ART002-E-11153.jpg,6.801836013793945,-4.930484771728516
images_224/ART002-E-11154.jpg,7.901434898376465,-9.531002044677734
images_224/ART002-E-11155.jpg,7.832820415496826,-8.900956153869629
images_224/ART002-E-11156.jpg,10.797745704650879,-4.305700778961182
images_224/ART002-E-11157.jpg,11.350545883178711,-3.7606587409973145
images_224/ART002-E-11158.jpg,6.861957550048828,-4.626042366027832
images_224/ART002-E-11159.jpg,7.385315895080566,-8.710780143737793
images_224/ART002-E-11160.jpg,7.367758750915527,-9.480873107910156
images_224/ART002-E-11161.jpg,10.80063533782959,-4.306643962860107
images_224/ART002-E-11162.jpg,11.21928596496582,-3.925147533416748
images_224/ART002-E-11163.jpg,6.766637325286865,-4.825843811035156
images_224/ART002-E-11164.jpg,7.464356899261475,-8.959601402282715
images_224/ART002-E-11165.jpg,7.7491326332092285,-8.919544219970703
images_224/ART002-E-11166.jpg,10.801719665527344,-4.3255615234375
images_224/ART002-E-11167.jpg,11.23215103149414,-3.9252703189849854
images_224/ART002-E-11168.jpg,6.939045429229736,-5.215393543243408
images_224/ART002-E-11169.jpg,7.451014518737793,-9.359716415405273
images_224/ART002-E-11170.jpg,6.709275245666504,-8.80827808380127
images_224/ART002-E-11171.jpg,10.83577823638916,-4.357298374176025
images_224/ART002-E-11172.jpg,11.290474891662598,-3.8787660598754883
images_224/ART002-E-11173.jpg,6.911988258361816,-5.099757671356201
images_224/ART002-E-11174.jpg,7.815250396728516,-9.159533500671387
images_224/ART002-E-11175.jpg,7.572640895843506,-9.59493637084961
images_224/ART002-E-11176.jpg,10.783501625061035,-4.3244242668151855
images_224/ART002-E-11177.jpg,11.34675407409668,-3.827805995941162
images_224/ART002-E-11178.jpg,6.791922569274902,-4.723849773406982
images_224/ART002-E-11179.jpg,7.877209663391113,-9.493348121643066
images_224/ART002-E-11180.jpg,6.8829803466796875,-8.983283996582031
images_224/ART002-E-11181.jpg,10.73017406463623,-4.387273788452148
images_224/ART002-E-11182.jpg,11.306245803833008,-3.870126485824585
images_224/ART002-E-11183.jpg,6.874818801879883,-5.198451519012451
images_224/ART002-E-11184.jpg,6.288968563079834,-8.111098289489746
images_224/ART002-E-11185.jpg,6.8348388671875,-8.856446266174316
images_224/ART002-E-11186.jpg,10.738746643066406,-4.294102191925049
images_224/ART002-E-11187.jpg,11.2434720993042,-3.9156532287597656
images_224/ART002-E-11188.jpg,6.7447333335876465,-4.705855369567871
images_224/ART002-E-11189.jpg,7.329104423522949,-8.630448341369629
images_224/ART002-E-11190.jpg,7.93256950378418,-9.482465744018555
images_224/ART002-E-11191.jpg,10.770110130310059,-4.307314872741699
images_224/ART002-E-11192.jpg,11.27676010131836,-3.886258840560913
images_224/ART002-E-11193.jpg,6.76715087890625,-4.628659725189209
images_224/ART002-E-11194.jpg,7.313636302947998,-8.565887451171875
images_224/ART002-E-11195.jpg,7.354544162750244,-9.60145378112793
images_224/ART002-E-11196.jpg,10.799948692321777,-4.331471920013428
images_224/ART002-E-11197.jpg,11.297064781188965,-3.8663787841796875
images_224/ART002-E-11198.jpg,6.771305561065674,-4.701364040374756
images_224/ART002-E-11199.jpg,7.707190990447998,-9.215205192565918
images_224/ART002-E-11200.jpg,7.5808234214782715,-9.860112190246582
images_224/ART002-E-11201.jpg,10.79166316986084,-4.344653606414795
images_224/ART002-E-11202.jpg,11.234464645385742,-3.9270498752593994
images_224/ART002-E-11203.jpg,6.9998955726623535,-5.230606555938721
images_224/ART002-E-11204.jpg,7.451382160186768,-8.827266693115234
images_224/ART002-E-11205.jpg,7.0405659675598145,-9.341695785522461
images_224/ART002-E-11206.jpg,10.711844444274902,-4.397230625152588
images_224/ART002-E-11207.jpg,11.25196647644043,-3.904229164123535
images_224/ART002-E-11208.jpg,7.104936599731445,-5.4233527183532715
images_224/ART002-E-11209.jpg,6.675040245056152,-8.315359115600586
images_224/ART002-E-11210.jpg,7.312200546264648,-9.57308292388916
images_224/ART002-E-11211.jpg,10.718000411987305,-4.376821517944336
images_224/ART002-E-11212.jpg,11.240407943725586,-3.915360689163208
images_224/ART002-E-11213.jpg,6.724201679229736,-4.724221706390381
images_224/ART002-E-11214.jpg,7.701937675476074,-8.765487670898438
images_224/ART002-E-11215.jpg,6.673075199127197,-8.89218521118164
images_224/ART002-E-11216.jpg,10.72439956665039,-4.39655065536499
images_224/ART002-E-11217.jpg,10.889669418334961,-4.209299564361572
images_224/ART002-E-11218.jpg,7.156828880310059,-5.0268235206604
images_224/ART002-E-11219.jpg,7.788402080535889,-9.523650169372559
images_224/ART002-E-11220.jpg,7.704537391662598,-8.786420822143555
images_224/ART002-E-11221.jpg,10.69210147857666,-4.38795280456543
images_224/ART002-E-11222.jpg,11.355794906616211,-3.884875535964966
images_224/ART002-E-11223.jpg,6.794847011566162,-4.870370388031006
images_224/ART002-E-11224.jpg,7.443902969360352,-9.716602325439453
images_224/ART002-E-11225.jpg,6.697028160095215,-8.848294258117676
images_224/ART002-E-11226.jpg,10.776786804199219,-4.340760707855225
images_224/ART002-E-11227.jpg,11.358654022216797,-3.7875759601593018
images_224/ART002-E-11228.jpg,6.858519554138184,-5.007387638092041
images_224/ART002-E-11229.jpg,7.735806941986084,-8.965442657470703
images_224/ART002-E-11230.jpg,6.856482028961182,-8.979642868041992
images_224/ART002-E-11231.jpg,10.738542556762695,-4.367244243621826
images_224/ART002-E-11232.jpg,10.978400230407715,-4.138647556304932
images_224/ART002-E-11233.jpg,6.757357120513916,-4.808259963989258
images_224/ART002-E-11234.jpg,7.509592533111572,-9.981905937194824
images_224/ART002-E-11235.jpg,7.3597917556762695,-8.998958587646484
images_224/ART002-E-11236.jpg,10.736900329589844,-4.382782459259033
images_224/ART002-E-11237.jpg,11.356935501098633,-3.794917583465576
images_224/ART002-E-11238.jpg,6.9526166915893555,-5.165440082550049
images_224/ART002-E-11239.jpg,6.609259128570557,-8.95982837677002
images_224/ART002-E-11240.jpg,7.49928092956543,-8.8523530960083
images_224/ART002-E-11241.jpg,10.762433052062988,-4.362933158874512
images_224/ART002-E-11242.jpg,11.383590698242188,-3.745417594909668
images_224/ART002-E-11243.jpg,6.784871578216553,-4.876540184020996
images_224/ART002-E-11244.jpg,7.449600696563721,-9.501991271972656
images_224/ART002-E-11245.jpg,7.4231390953063965,-9.19930362701416
images_224/ART002-E-11246.jpg,10.759781837463379,-4.366086959838867
images_224/ART002-E-11247.jpg,11.416984558105469,-3.7016568183898926
images_224/ART002-E-11248.jpg,7.002291202545166,-5.196168422698975
images_224/ART002-E-11249.jpg,7.931588649749756,-8.920674324035645
images_224/ART002-E-11250.jpg,7.345248222351074,-9.584693908691406
images_224/ART002-E-11251.jpg,10.828572273254395,-4.365866661071777
images_224/ART002-E-11252.jpg,11.40191650390625,-3.7047903537750244
images_224/ART002-E-11253.jpg,6.824366569519043,-5.103227615356445
images_224/ART002-E-11254.jpg,6.527564525604248,-8.287896156311035
images_224/ART002-E-11255.jpg,5.6837334632873535,-7.894657611846924
images_224/ART002-E-11256.jpg,10.779438018798828,-4.424690246582031
images_224/ART002-E-11257.jpg,11.410737037658691,-3.756688356399536
images_224/ART002-E-11258.jpg,6.797285079956055,-4.904669284820557
images_224/ART002-E-11259.jpg,7.341865062713623,-8.622511863708496
images_224/ART002-E-11260.jpg,7.459900856018066,-8.93293285369873
images_224/ART002-E-11261.jpg,10.744948387145996,-4.353548526763916
images_224/ART002-E-11262.jpg,11.380411148071289,-3.7587082386016846
images_224/ART002-E-11263.jpg,6.874464511871338,-5.266122817993164
images_224/ART002-E-11264.jpg,7.516500949859619,-9.187748908996582
images_224/ART002-E-11265.jpg,7.6930155754089355,-8.774022102355957
images_224/ART002-E-11266.jpg,10.784880638122559,-4.368574142456055
images_224/ART002-E-11267.jpg,11.314945220947266,-3.774293899536133
images_224/ART002-E-11268.jpg,6.951152324676514,-5.095990180969238
images_224/ART002-E-11269.jpg,6.983098030090332,-8.860936164855957
images_224/ART002-E-11270.jpg,7.139615058898926,-9.47571086883545
images_224/ART002-E-11271.jpg,10.773582458496094,-4.3349809646606445
images_224/ART002-E-11272.jpg,11.36915111541748,-3.756640672683716
images_224/ART002-E-11273.jpg,6.8416571617126465,-5.179394721984863
images_224/ART002-E-11274.jpg,7.212613582611084,-9.196578979492188
images_224/ART002-E-11275.jpg,7.611423969268799,-9.97567081451416
images_224/ART002-E-11276.jpg,10.777091979980469,-4.348108291625977
images_224/ART002-E-11277.jpg,11.379446029663086,-3.749281167984009
images_224/ART002-E-11278.jpg,6.848145961761475,-5.216111660003662
images_224/ART002-E-11279.jpg,7.575817584991455,-8.674428939819336
images_224/ART002-E-11280.jpg,7.325738906860352,-8.587142944335938
images_224/ART002-E-11281.jpg,10.786377906799316,-4.325031280517578
images_224/ART002-E-11282.jpg,11.344630241394043,-3.761202812194824
images_224/ART002-E-11283.jpg,6.832788944244385,-4.625269412994385
images_224/ART002-E-11284.jpg,6.955687046051025,-8.298421859741211
images_224/ART002-E-11285.jpg,7.294498920440674,-8.520477294921875
images_224/ART002-E-11286.jpg,8.18095874786377,-4.294449329376221
images_224/ART002-E-11287.jpg,8.622695922851562,-4.031075954437256
images_224/ART002-E-11288.jpg,6.865209579467773,-5.462777614593506
images_224/ART002-E-11289.jpg,7.89268684387207,-9.564837455749512
images_224/ART002-E-11290.jpg,6.432685375213623,-8.68730354309082
images_224/ART002-E-11291.jpg,9.091513633728027,-3.847659111022949
images_224/ART002-E-11292.jpg,9.71573543548584,-3.081303834915161
images_224/ART002-E-11293.jpg,6.96571683883667,-4.485556125640869
images_224/ART002-E-11294.jpg,7.450325012207031,-9.28053092956543
images_224/ART002-E-11295.jpg,7.542938709259033,-9.490642547607422
images_224/ART002-E-11296.jpg,8.873275756835938,-3.9326140880584717
images_224/ART002-E-11297.jpg,8.880979537963867,-3.841521978378296
images_224/ART002-E-11298.jpg,6.802206039428711,-4.634784698486328
images_224/ART002-E-11299.jpg,7.170368671417236,-8.844246864318848
images_224/ART002-E-11300.jpg,6.015507698059082,-8.569565773010254
images_224/ART002-E-11301.jpg,8.810149192810059,-3.9072535037994385
images_224/ART002-E-11302.jpg,9.225458145141602,-3.5138657093048096
images_224/ART002-E-11303.jpg,6.781863212585449,-4.919427394866943
images_224/ART002-E-11304.jpg,7.480490684509277,-9.682877540588379
images_224/ART002-E-11305.jpg,7.824500560760498,-9.481402397155762
images_224/ART002-E-11306.jpg,7.804046630859375,-4.051675319671631
images_224/ART002-E-11307.jpg,8.869001388549805,-3.7866599559783936
images_224/ART002-E-11308.jpg,6.716054916381836,-5.025981426239014
images_224/ART002-E-11309.jpg,7.525187015533447,-9.55471420288086
images_224/ART002-E-11310.jpg,6.689138889312744,-8.319146156311035
images_224/ART002-E-11311.jpg,7.984908580780029,-3.946850061416626
images_224/ART002-E-11312.jpg,8.034391403198242,-3.948272705078125
images_224/ART002-E-11313.jpg,6.728516101837158,-5.076239585876465
images_224/ART002-E-11314.jpg,7.468874931335449,-8.959939956665039
images_224/ART002-E-11315.jpg,7.618824005126953,-9.714164733886719
images_224/ART002-E-11316.jpg,7.869941234588623,-3.9923577308654785
images_224/ART002-E-11317.jpg,8.173215866088867,-3.908179998397827
images_224/ART002-E-11318.jpg,6.683711051940918,-5.582899570465088
images_224/ART002-E-11319.jpg,7.889925003051758,-8.90848159790039
images_224/ART002-E-11320.jpg,6.272788047790527,-8.812662124633789
images_224/ART002-E-11321.jpg,9.02642822265625,-3.824867010116577
images_224/ART002-E-11322.jpg,9.136337280273438,-3.623739242553711
images_224/ART002-E-11323.jpg,6.751361846923828,-4.5850396156311035
images_224/ART002-E-11324.jpg,7.750001430511475,-9.801487922668457
images_224/ART002-E-11325.jpg,7.293370723724365,-9.124444961547852
images_224/ART002-E-11326.jpg,6.959692478179932,-4.619602203369141
images_224/ART002-E-11327.jpg,8.825067520141602,-3.8956854343414307
images_224/ART002-E-11328.jpg,6.57866096496582,-5.608968734741211
images_224/ART002-E-11329.jpg,7.904479503631592,-9.536198616027832
images_224/ART002-E-11330.jpg,6.83984899520874,-8.69070053100586
images_224/ART002-E-11331.jpg,8.667523384094238,-3.910816192626953
images_224/ART002-E-11332.jpg,9.033859252929688,-3.718951940536499
images_224/ART002-E-11333.jpg,5.785165786743164,-7.811415672302246
images_224/ART002-E-11334.jpg,7.383389472961426,-9.281935691833496
images_224/ART002-E-11335.jpg,7.572841644287109,-9.104209899902344
images_224/ART002-E-11336.jpg,8.432915687561035,-3.921678066253662
images_224/ART002-E-11337.jpg,9.061980247497559,-3.7144086360931396
images_224/ART002-E-11338.jpg,7.271763324737549,-8.819518089294434
images_224/ART002-E-11339.jpg,7.643383979797363,-8.754240036010742
images_224/ART002-E-11340.jpg,7.709473133087158,-9.606626510620117
images_224/ART002-E-11341.jpg,8.755894660949707,-3.874922037124634
images_224/ART002-E-11342.jpg,8.989311218261719,-3.7698590755462646
images_224/ART002-E-11343.jpg,7.220179080963135,-8.458477973937988
images_224/ART002-E-11344.jpg,6.917334079742432,-8.36066722869873
images_224/ART002-E-11345.jpg,6.416838645935059,-8.11532211303711
images_224/ART002-E-11346.jpg,8.338418960571289,-3.9198083877563477
images_224/ART002-E-11347.jpg,8.959733009338379,-3.7419779300689697
images_224/ART002-E-11348.jpg,6.786179065704346,-5.63352632522583
images_224/ART002-E-11349.jpg,6.855040550231934,-8.856721878051758
images_224/ART002-E-11350.jpg,6.88655424118042,-8.748473167419434
images_224/ART002-E-11351.jpg,8.06000804901123,-3.927166700363159
images_224/ART002-E-11352.jpg,8.990070343017578,-3.715752124786377
images_224/ART002-E-11353.jpg,6.568890571594238,-5.607856273651123
images_224/ART002-E-11354.jpg,7.839756011962891,-9.479924201965332
images_224/ART002-E-11355.jpg,7.978256702423096,-9.150655746459961
images_224/ART002-E-11356.jpg,8.11272144317627,-3.9370758533477783
images_224/ART002-E-11357.jpg,8.974122047424316,-3.7073957920074463
images_224/ART002-E-11358.jpg,6.72585916519165,-5.577663898468018
images_224/ART002-E-11359.jpg,7.6177849769592285,-9.533108711242676
images_224/ART002-E-11360.jpg,6.913095951080322,-8.949173927307129
images_224/ART002-E-11361.jpg,8.152307510375977,-3.8988077640533447
images_224/ART002-E-11362.jpg,8.92609977722168,-3.7540395259857178
images_224/ART002-E-11363.jpg,7.427788257598877,-8.862689018249512
images_224/ART002-E-11364.jpg,7.65964937210083,-9.116580963134766
images_224/ART002-E-11365.jpg,7.44208288192749,-8.562295913696289
images_224/ART002-E-11366.jpg,7.958500862121582,-3.935584783554077
images_224/ART002-E-11367.jpg,9.030461311340332,-3.691648244857788
images_224/ART002-E-11368.jpg,6.5662522315979,-5.761723041534424
images_224/ART002-E-11369.jpg,7.2706427574157715,-9.431591987609863
images_224/ART002-E-11370.jpg,7.87056827545166,-9.530577659606934
images_224/ART002-E-11371.jpg,8.030610084533691,-3.894486904144287
images_224/ART002-E-11372.jpg,8.961946487426758,-3.735144853591919
images_224/ART002-E-11373.jpg,6.635645866394043,-5.595855712890625
images_224/ART002-E-11374.jpg,7.737888813018799,-9.7212495803833
images_224/ART002-E-11375.jpg,7.664861679077148,-9.181187629699707
images_224/ART002-E-11376.jpg,8.04108715057373,-3.907806158065796
images_224/ART002-E-11377.jpg,8.46530532836914,-3.8327066898345947
images_224/ART002-E-11378.jpg,6.555216312408447,-5.623850345611572
images_224/ART002-E-11379.jpg,7.267107963562012,-9.558233261108398
images_224/ART002-E-11380.jpg,6.5023393630981445,-8.230912208557129
images_224/ART002-E-11381.jpg,8.015196800231934,-3.9240987300872803
images_224/ART002-E-11382.jpg,9.018411636352539,-3.699399471282959
images_224/ART002-E-11383.jpg,7.720970153808594,-9.329018592834473
images_224/ART002-E-11384.jpg,7.2300825119018555,-9.504897117614746
images_224/ART002-E-11385.jpg,7.517346382141113,-8.753988265991211
images_224/ART002-E-11386.jpg,8.065150260925293,-3.9119980335235596
images_224/ART002-E-11387.jpg,8.984880447387695,-3.723208427429199
images_224/ART002-E-11388.jpg,6.481991767883301,-8.166024208068848
images_224/ART002-E-11389.jpg,7.599221706390381,-9.453405380249023
images_224/ART002-E-11390.jpg,7.798781871795654,-9.002711296081543
images_224/ART002-E-11391.jpg,7.014083385467529,-4.342467784881592
images_224/ART002-E-11392.jpg,7.891982078552246,-3.986511707305908
images_224/ART002-E-11393.jpg,7.457889556884766,-8.882072448730469
images_224/ART002-E-11394.jpg,7.750955104827881,-8.961465835571289
images_224/ART002-E-11395.jpg,6.334664821624756,-8.690675735473633
images_224/ART002-E-11396.jpg,7.056144714355469,-4.477209568023682
images_224/ART002-E-11397.jpg,7.873757362365723,-4.011685848236084
images_224/ART002-E-11398.jpg,6.360628128051758,-8.544272422790527
images_224/ART002-E-11399.jpg,7.666224956512451,-9.575182914733887
images_224/ART002-E-11400.jpg,7.512046813964844,-9.447062492370605
images_224/ART002-E-11401.jpg,7.042019367218018,-4.4519944190979
images_224/ART002-E-11402.jpg,7.941070079803467,-3.974611520767212
images_224/ART002-E-11403.jpg,7.244421482086182,-8.984198570251465
images_224/ART002-E-11404.jpg,7.599953651428223,-8.797808647155762
images_224/ART002-E-11405.jpg,7.794355392456055,-9.545449256896973
images_224/ART002-E-11406.jpg,7.051967144012451,-4.465773105621338
images_224/ART002-E-11407.jpg,7.869800090789795,-4.04192590713501
images_224/ART002-E-11408.jpg,7.443276882171631,-8.850417137145996
images_224/ART002-E-11409.jpg,7.454902648925781,-9.580395698547363
images_224/ART002-E-11410.jpg,5.630527019500732,-7.8226494789123535
images_224/ART002-E-11411.jpg,7.014216899871826,-4.462953090667725
images_224/ART002-E-11412.jpg,7.867440700531006,-4.001001834869385
images_224/ART002-E-11413.jpg,7.717092514038086,-9.4501314163208
images_224/ART002-E-11414.jpg,7.4786295890808105,-9.67180347442627
images_224/ART002-E-11415.jpg,7.620314121246338,-9.729844093322754
images_224/ART002-E-11416.jpg,7.084759712219238,-4.431990146636963
images_224/ART002-E-11417.jpg,7.87358283996582,-4.012529373168945
images_224/ART002-E-11418.jpg,6.939787864685059,-8.732015609741211
images_224/ART002-E-11419.jpg,7.957711219787598,-9.226283073425293
images_224/ART002-E-11420.jpg,7.643274307250977,-9.083621978759766
images_224/ART002-E-11421.jpg,7.86995267868042,-3.978182792663574
images_224/ART002-E-11422.jpg,8.976510047912598,-3.7296128273010254
images_224/ART002-E-11423.jpg,7.37131404876709,-8.593338966369629
images_224/ART002-E-11424.jpg,6.418703556060791,-8.18453598022461
images_224/ART002-E-11425.jpg,7.291675567626953,-9.609776496887207
images_224/ART002-E-11426.jpg,7.790009498596191,-4.0135698318481445
images_224/ART002-E-11427.jpg,8.943872451782227,-3.74906587600708
images_224/ART002-E-11428.jpg,7.772463798522949,-9.174755096435547
images_224/ART002-E-11429.jpg,8.005349159240723,-8.998793601989746
images_224/ART002-E-11430.jpg,7.379051685333252,-9.484786033630371
images_224/ART002-E-11431.jpg,7.880395889282227,-3.943671703338623
images_224/ART002-E-11432.jpg,8.119733810424805,-3.9070096015930176
images_224/ART002-E-11433.jpg,6.615593433380127,-8.735516548156738
images_224/ART002-E-11434.jpg,7.522797107696533,-9.951902389526367
images_224/ART002-E-11435.jpg,6.782375335693359,-8.815868377685547
images_224/ART002-E-11436.jpg,8.759441375732422,-3.966294527053833
images_224/ART002-E-11437.jpg,11.311863899230957,-4.0431623458862305
images_224/ART002-E-11438.jpg,5.577156066894531,-7.907633304595947
images_224/ART002-E-11439.jpg,7.761812686920166,-9.47301959991455
images_224/ART002-E-11440.jpg,6.1228132247924805,-8.654712677001953
images_224/ART002-E-11441.jpg,8.749903678894043,-3.939725637435913
images_224/ART002-E-11442.jpg,11.371129989624023,-4.189413547515869
images_224/ART002-E-11443.jpg,7.279282569885254,-9.724623680114746
images_224/ART002-E-11444.jpg,7.610653877258301,-9.138075828552246
images_224/ART002-E-11445.jpg,7.041422367095947,-9.192143440246582
images_224/ART002-E-11446.jpg,8.634132385253906,-3.9622600078582764
images_224/ART002-E-11447.jpg,11.346141815185547,-4.113124847412109
images_224/ART002-E-11448.jpg,5.8398942947387695,-8.467039108276367
images_224/ART002-E-11449.jpg,7.297431468963623,-8.474903106689453
images_224/ART002-E-11450.jpg,6.80315637588501,-8.681212425231934
images_224/ART002-E-11451.jpg,8.81029987335205,-3.9523043632507324
images_224/ART002-E-11452.jpg,11.293292999267578,-4.079795837402344
images_224/ART002-E-11453.jpg,6.764924049377441,-8.767021179199219
images_224/ART002-E-11454.jpg,7.710798263549805,-9.002717971801758
images_224/ART002-E-11455.jpg,7.512136936187744,-9.974166870117188
images_224/ART002-E-11456.jpg,7.336632251739502,-9.131134986877441
images_224/ART002-E-11457.jpg,5.933810710906982,-8.566481590270996
images_224/ART002-E-11458.jpg,6.568757057189941,-9.00170612335205
images_224/ART002-E-11459.jpg,7.611570835113525,-9.979921340942383
images_224/ART002-E-11460.jpg,7.683250427246094,-9.523805618286133
images_224/ART002-E-11461.jpg,6.995162010192871,-8.845613479614258
images_224/ART002-E-11462.jpg,5.081258773803711,-7.558726787567139
images_224/ART002-E-11463.jpg,7.081657409667969,-8.608031272888184
images_224/ART002-E-11464.jpg,7.898693084716797,-9.543654441833496
images_224/ART002-E-11465.jpg,7.318709373474121,-8.573102951049805
images_224/ART002-E-11466.jpg,7.173091888427734,-4.508784294128418
images_224/ART002-E-11467.jpg,7.731921672821045,-4.114501953125
images_224/ART002-E-11468.jpg,6.480782508850098,-8.219194412231445
images_224/ART002-E-11469.jpg,7.776107311248779,-9.399518013000488
images_224/ART002-E-11470.jpg,7.914576530456543,-9.572738647460938
images_224/ART002-E-11471.jpg,7.479519367218018,-4.307470798492432
images_224/ART002-E-11472.jpg,8.022256851196289,-3.8990390300750732
images_224/ART002-E-11473.jpg,6.8822102546691895,-8.224326133728027
images_224/ART002-E-11474.jpg,6.607202053070068,-8.97111701965332
images_224/ART002-E-11475.jpg,6.88777494430542,-8.669428825378418
images_224/ART002-E-11476.jpg,7.726024150848389,-4.112578868865967
images_224/ART002-E-11477.jpg,7.910618305206299,-4.006028175354004
images_224/ART002-E-11478.jpg,6.718317985534668,-8.863016128540039
images_224/ART002-E-11479.jpg,7.616534233093262,-9.148173332214355
images_224/ART002-E-11480.jpg,7.442200660705566,-9.660672187805176
images_224/ART002-E-11481.jpg,7.482049465179443,-4.29529333114624
images_224/ART002-E-11482.jpg,7.741483211517334,-4.020716667175293
images_224/ART002-E-11483.jpg,7.24713134765625,-8.43122673034668
images_224/ART002-E-11484.jpg,7.489255905151367,-8.708187103271484
images_224/ART002-E-11485.jpg,7.557824611663818,-8.80595874786377
images_224/ART002-E-11486.jpg,7.129429340362549,-4.482205867767334
images_224/ART002-E-11487.jpg,7.796361923217773,-4.042271137237549
images_224/ART002-E-11488.jpg,3.2095954418182373,-4.758785724639893
images_224/ART002-E-11489.jpg,4.146416664123535,-6.5353546142578125
images_224/ART002-E-11490.jpg,4.733941078186035,-7.300478458404541
images_224/ART002-E-11491.jpg,4.804862022399902,-7.437540054321289
images_224/ART002-E-11492.jpg,5.358498573303223,-7.655091762542725
images_224/ART002-E-11493.jpg,7.137914657592773,-4.307791709899902
images_224/ART002-E-11494.jpg,4.0643510818481445,-6.4795756340026855
images_224/ART002-E-11495.jpg,6.1737446784973145,-8.190655708312988
images_224/ART002-E-11496.jpg,6.4352922439575195,-8.376158714294434
images_224/ART002-E-11497.jpg,5.252353668212891,-7.490583419799805
images_224/ART002-E-11498.jpg,7.140829086303711,-4.306053161621094
images_224/ART002-E-11499.jpg,4.492807865142822,-7.0964460372924805
images_224/ART002-E-11500.jpg,5.482531547546387,-7.757969856262207
images_224/ART002-E-11501.jpg,4.645260334014893,-7.224066734313965
images_224/ART002-E-11502.jpg,6.77964448928833,-4.638238430023193
images_224/ART002-E-11503.jpg,7.439453601837158,-4.056589603424072
images_224/ART002-E-11504.jpg,4.190009593963623,-6.645353317260742
images_224/ART002-E-11505.jpg,4.132688999176025,-6.543972492218018
images_224/ART002-E-11506.jpg,5.458134174346924,-7.704642295837402
images_224/ART002-E-11507.jpg,4.896392345428467,-7.2906060218811035
images_224/ART002-E-11508.jpg,4.679656982421875,-7.258364200592041
images_224/ART002-E-11509.jpg,3.423591375350952,-4.957062721252441
images_224/ART002-E-11510.jpg,5.43774938583374,-7.924926280975342
images_224/ART002-E-11511.jpg,5.773216247558594,-7.838407039642334
images_224/ART002-E-11512.jpg,4.24436092376709,-6.736388683319092
images_224/ART002-E-11513.jpg,4.312846660614014,-6.938249588012695
images_224/ART002-E-11514.jpg,3.516782283782959,-5.099423408508301
images_224/ART002-E-11515.jpg,5.59734582901001,-7.857684135437012
images_224/ART002-E-11516.jpg,4.9657464027404785,-7.490072250366211
images_224/ART002-E-11517.jpg,5.202863693237305,-7.513835430145264
images_224/ART002-E-11518.jpg,4.329022407531738,-6.935362339019775
images_224/ART002-E-11519.jpg,4.82953405380249,-7.297632694244385
images_224/ART002-E-11520.jpg,3.4342076778411865,-4.96639347076416
images_224/ART002-E-11521.jpg,4.485773086547852,-6.799203872680664
images_224/ART002-E-11522.jpg,7.223850250244141,-4.376959323883057
images_224/ART002-E-11523.jpg,8.474835395812988,-5.227207183837891
images_224/ART002-E-11524.jpg,4.851748943328857,-6.548169136047363
images_224/ART002-E-11525.jpg,4.859941005706787,-6.550112724304199
images_224/ART002-E-11526.jpg,4.834782600402832,-6.589722633361816
images_224/ART002-E-11527.jpg,6.753024578094482,-4.565657138824463
images_224/ART002-E-11528.jpg,8.070096969604492,-5.170461654663086
images_224/ART002-E-11529.jpg,4.541054725646973,-7.096318244934082
images_224/ART002-E-11530.jpg,3.498859405517578,-5.074540615081787
images_224/ART002-E-11531.jpg,4.50822114944458,-6.788976669311523
images_224/ART002-E-11532.jpg,6.810519218444824,-4.002310276031494
images_224/ART002-E-11533.jpg,8.17605972290039,-5.155994415283203
images_224/ART002-E-11534.jpg,4.762763023376465,-6.634632110595703
images_224/ART002-E-11535.jpg,4.5334672927856445,-7.051300525665283
images_224/ART002-E-11536.jpg,4.378986358642578,-7.003418445587158
images_224/ART002-E-11537.jpg,8.502677917480469,-4.103186130523682
images_224/ART002-E-11538.jpg,8.453824996948242,-4.154717445373535
images_224/ART002-E-11539.jpg,4.85010290145874,-6.556629180908203
images_224/ART002-E-11540.jpg,4.923733234405518,-6.635498523712158
images_224/ART002-E-11541.jpg,3.4408340454101562,-4.97690486907959
images_224/ART002-E-11542.jpg,4.8421125411987305,-6.5670390129089355
images_224/ART002-E-11543.jpg,8.34179973602295,-5.256087303161621
images_224/ART002-E-11544.jpg,9.889599800109863,-5.819927215576172
images_224/ART002-E-11545.jpg,4.929685115814209,-6.652013778686523
images_224/ART002-E-11546.jpg,4.600174427032471,-6.824271202087402
images_224/ART002-E-11547.jpg,4.442450046539307,-6.914031982421875
images_224/ART002-E-11548.jpg,8.402694702148438,-5.231948375701904
images_224/ART002-E-11549.jpg,9.890878677368164,-5.818234920501709
images_224/ART002-E-11550.jpg,4.978356838226318,-6.614914417266846
images_224/ART002-E-11551.jpg,4.3971848487854,-6.906661510467529
images_224/ART002-E-11552.jpg,4.417030334472656,-6.957014083862305
images_224/ART002-E-11553.jpg,8.444068908691406,-5.217559814453125
images_224/ART002-E-11554.jpg,9.958014488220215,-5.863341808319092
images_224/ART002-E-11555.jpg,4.938721656799316,-6.625161170959473
images_224/ART002-E-11556.jpg,3.5095105171203613,-5.083911418914795
images_224/ART002-E-11557.jpg,4.4401702880859375,-6.905016899108887
images_224/ART002-E-11558.jpg,8.44532299041748,-5.2382001876831055
images_224/ART002-E-11559.jpg,9.934090614318848,-5.834225654602051
images_224/ART002-E-11560.jpg,8.163406372070312,-5.166499137878418
images_224/ART002-E-11561.jpg,4.477663993835449,-6.937553405761719
images_224/ART002-E-11562.jpg,4.867779731750488,-6.540735244750977
images_224/ART002-E-11563.jpg,8.41651725769043,-5.227424144744873
images_224/ART002-E-11564.jpg,9.913429260253906,-5.82708740234375
images_224/ART002-E-11565.jpg,8.094866752624512,-5.1532745361328125
images_224/ART002-E-11566.jpg,4.818314075469971,-6.582387924194336
images_224/ART002-E-11567.jpg,4.430103778839111,-6.911821365356445
images_224/ART002-E-11568.jpg,8.430450439453125,-5.237290382385254
images_224/ART002-E-11569.jpg,9.86841106414795,-5.811882495880127
images_224/ART002-E-11570.jpg,8.19378662109375,-5.1652727127075195
images_224/ART002-E-11571.jpg,4.328258991241455,-6.906327724456787
images_224/ART002-E-11572.jpg,4.803691387176514,-6.675359725952148
images_224/ART002-E-11573.jpg,8.442473411560059,-5.215176105499268
images_224/ART002-E-11574.jpg,9.959336280822754,-5.83007287979126
images_224/ART002-E-11575.jpg,8.085561752319336,-5.147252559661865
images_224/ART002-E-11576.jpg,3.5179288387298584,-5.095376014709473
images_224/ART002-E-11577.jpg,4.851410388946533,-6.556368350982666
images_224/ART002-E-11578.jpg,8.451906204223633,-5.2124128341674805
images_224/ART002-E-11579.jpg,9.94433307647705,-5.827428817749023
images_224/ART002-E-11580.jpg,8.19523811340332,-5.188363075256348
images_224/ART002-E-11581.jpg,4.198054313659668,-6.613354206085205
images_224/ART002-E-11582.jpg,3.5259151458740234,-5.113451957702637
images_224/ART002-E-11583.jpg,8.482986450195312,-4.119818210601807
images_224/ART002-E-11584.jpg,11.779924392700195,-6.093228816986084
images_224/ART002-E-11585.jpg,8.243388175964355,-5.184737682342529
images_224/ART002-E-11586.jpg,4.771639823913574,-6.646989345550537
images_224/ART002-E-11587.jpg,4.843741416931152,-6.557732582092285
images_224/ART002-E-11588.jpg,8.466893196105957,-4.404873371124268
images_224/ART002-E-11589.jpg,5.192593097686768,-3.3876702785491943
images_224/ART002-E-11590.jpg,3.957969903945923,-5.278512954711914
images_224/ART002-E-11591.jpg,5.271091938018799,-3.3721327781677246
images_224/ART002-E-11592.jpg,4.08374547958374,-2.734074115753174
images_224/ART002-E-11593.jpg,4.8640594482421875,-6.465806007385254
images_224/ART002-E-11594.jpg,8.420360565185547,-3.9974546432495117
images_224/ART002-E-11595.jpg,5.2493815422058105,-3.2397148609161377
images_224/ART002-E-11596.jpg,5.139831066131592,-3.3768579959869385
images_224/ART002-E-11597.jpg,5.31965970993042,-3.3475711345672607
images_224/ART002-E-11598.jpg,8.398516654968262,-5.183933258056641
images_224/ART002-E-11599.jpg,4.8533759117126465,-6.54164457321167
images_224/ART002-E-11600.jpg,8.512600898742676,-4.1199822425842285
images_224/ART002-E-11601.jpg,8.579991340637207,-4.053582191467285
images_224/ART002-E-11602.jpg,3.853477954864502,-5.334749698638916
images_224/ART002-E-11603.jpg,8.497664451599121,-4.07338285446167
images_224/ART002-E-11604.jpg,4.078849792480469,-2.7109928131103516
images_224/ART002-E-11605.jpg,3.6518490314483643,-5.590270042419434
images_224/ART002-E-11606.jpg,8.412947654724121,-4.026939392089844
images_224/ART002-E-11607.jpg,5.099999904632568,-3.3999645709991455
images_224/ART002-E-11608.jpg,4.994431972503662,-3.551313638687134
images_224/ART002-E-11609.jpg,4.838205337524414,-3.526984930038452
images_224/ART002-E-11610.jpg,5.265715599060059,-3.3458056449890137
images_224/ART002-E-11611.jpg,4.9931769371032715,-3.5463852882385254
images_224/ART002-E-11612.jpg,5.288809776306152,-3.36301851272583
images_224/ART002-E-11613.jpg,5.112315654754639,-3.391582489013672
images_224/ART002-E-11614.jpg,4.974414348602295,-3.601119041442871
images_224/ART002-E-11615.jpg,5.2380900382995605,-3.3794593811035156
images_224/ART002-E-11616.jpg,8.309876441955566,-5.193977355957031
images_224/ART002-E-11617.jpg,6.7794952392578125,-4.65376615524292
images_224/ART002-E-11618.jpg,8.547835350036621,-5.0141987800598145
images_224/ART002-E-11619.jpg,4.673032283782959,-7.246643543243408
images_224/ART002-E-11620.jpg,4.561842918395996,-6.8125762939453125
images_224/ART002-E-11621.jpg,4.849752426147461,-6.552163600921631
images_224/ART002-E-11622.jpg,4.8562331199646,-6.563966274261475
images_224/ART002-E-11623.jpg,3.2424097061157227,-4.768152236938477
images_224/ART002-E-11624.jpg,4.450085639953613,-6.934136390686035
images_224/ART002-E-11625.jpg,8.428203582763672,-5.245555877685547
images_224/ART002-E-11626.jpg,7.094222068786621,-4.2998433113098145
images_224/ART002-E-11627.jpg,8.45094108581543,-5.221818447113037
images_224/ART002-E-11628.jpg,8.45366382598877,-5.2416887283325195
images_224/ART002-E-11629.jpg,6.687725067138672,-4.571671962738037
images_224/ART002-E-11630.jpg,8.442097663879395,-5.2134199142456055
images_224/ART002-E-11631.jpg,8.013608932495117,-5.136913776397705
images_224/ART002-E-11632.jpg,3.9951865673065186,-6.378689289093018
images_224/ART002-E-11633.jpg,8.446002960205078,-5.232263088226318
images_224/ART002-E-11634.jpg,7.9958391189575195,-5.105288505554199
images_224/ART002-E-11635.jpg,4.82656717300415,-6.582027435302734
images_224/ART002-E-11636.jpg,8.441999435424805,-5.23628568649292
images_224/ART002-E-11637.jpg,7.972313404083252,-5.102813243865967
images_224/ART002-E-11638.jpg,4.490789890289307,-6.733102798461914
images_224/ART002-E-11639.jpg,8.444610595703125,-5.230906963348389
images_224/ART002-E-11640.jpg,7.973354339599609,-5.058768272399902
images_224/ART002-E-11641.jpg,3.8951427936553955,-6.595034599304199
images_224/ART002-E-11642.jpg,8.447075843811035,-5.225970268249512
images_224/ART002-E-11643.jpg,5.362853050231934,-7.66809606552124
images_224/ART002-E-11644.jpg,7.566007137298584,-9.455084800720215
images_224/ART002-E-11645.jpg,6.939956188201904,-5.049232006072998
images_224/ART002-E-11646.jpg,6.932806968688965,-8.754340171813965
images_224/ART002-E-11647.jpg,7.972151279449463,-9.168073654174805
images_224/ART002-E-11648.jpg,6.911227703094482,-5.022436141967773
images_224/ART002-E-11649.jpg,5.872664451599121,-7.868997097015381
images_224/ART002-E-11650.jpg,7.407594680786133,-9.620416641235352
images_224/ART002-E-11651.jpg,6.683874607086182,-5.036762714385986
images_224/ART002-E-11652.jpg,7.019354820251465,-8.30710506439209
images_224/ART002-E-11653.jpg,7.021346092224121,-9.661056518554688
images_224/ART002-E-11654.jpg,7.2410197257995605,-8.838513374328613
images_224/ART002-E-11655.jpg,6.713511943817139,-8.221244812011719
images_224/ART002-E-11656.jpg,7.331475734710693,-8.836640357971191
images_224/ART002-E-11657.jpg,7.082452297210693,-5.030369281768799
images_224/ART002-E-11658.jpg,6.6851325035095215,-8.600011825561523
images_224/ART002-E-11659.jpg,7.220215320587158,-9.328836441040039
images_224/ART002-E-11660.jpg,6.673003673553467,-5.213968276977539
images_224/ART002-E-11661.jpg,5.765334606170654,-8.344244956970215
images_224/ART002-E-11662.jpg,7.347331523895264,-9.600115776062012
images_224/ART002-E-11663.jpg,7.009138107299805,-5.4020185470581055
images_224/ART002-E-11664.jpg,5.592840671539307,-7.844602584838867
images_224/ART002-E-11665.jpg,6.4858269691467285,-8.920865058898926
images_224/ART002-E-11666.jpg,7.532751083374023,-9.95180606842041
images_224/ART002-E-11667.jpg,4.622444152832031,-6.805725574493408
images_224/ART002-E-11668.jpg,4.472848892211914,-6.948060512542725
images_224/ART002-E-11669.jpg,4.85211181640625,-6.553524494171143
images_224/ART002-E-11670.jpg,5.948263645172119,-7.910782814025879
images_224/ART002-E-11671.jpg,7.409302234649658,-8.80724048614502
images_224/ART002-E-11672.jpg,7.091453552246094,-4.956357002258301
images_224/ART002-E-11673.jpg,5.96828031539917,-8.80368709564209
images_224/ART002-E-11674.jpg,7.265293598175049,-9.580469131469727
images_224/ART002-E-11675.jpg,6.948907852172852,-4.997369766235352
images_224/ART002-E-11676.jpg,5.488853454589844,-7.800218105316162
images_224/ART002-E-11677.jpg,7.475515842437744,-9.285096168518066
images_224/ART002-E-11678.jpg,7.1709747314453125,-4.987367630004883
images_224/ART002-E-11679.jpg,5.662756443023682,-7.84419059753418
images_224/ART002-E-11680.jpg,7.330179214477539,-9.579663276672363
images_224/ART002-E-11681.jpg,6.996329307556152,-4.671918869018555
images_224/ART002-E-11682.jpg,6.780850887298584,-8.66634464263916
images_224/ART002-E-11683.jpg,6.9747314453125,-8.494706153869629
images_224/ART002-E-11684.jpg,7.099063873291016,-4.84964656829834
images_224/ART002-E-11685.jpg,5.709549427032471,-7.829451560974121
images_224/ART002-E-11686.jpg,7.13951301574707,-9.225300788879395
images_224/ART002-E-11687.jpg,6.763447284698486,-4.846914291381836
images_224/ART002-E-11688.jpg,6.761877536773682,-4.836832523345947
images_224/ART002-E-11689.jpg,7.3097825050354,-9.656176567077637
images_224/ART002-E-11690.jpg,8.225364685058594,-4.07170295715332
images_224/ART002-E-11691.jpg,6.836346626281738,-5.240510940551758
images_224/ART002-E-11692.jpg,6.906047344207764,-9.430928230285645
images_224/ART002-E-11693.jpg,8.433637619018555,-4.109988689422607
images_224/ART002-E-11694.jpg,6.957424163818359,-4.501770973205566
images_224/ART002-E-11695.jpg,6.775784015655518,-8.648223876953125
images_224/ART002-E-11696.jpg,8.57073974609375,-3.993272542953491
images_224/ART002-E-11697.jpg,6.806666374206543,-5.164714336395264
images_224/ART002-E-11698.jpg,7.09478235244751,-9.193900108337402
images_224/ART002-E-11699.jpg,8.928678512573242,-3.8601622581481934
images_224/ART002-E-11700.jpg,6.731982231140137,-4.950782775878906
images_224/ART002-E-11701.jpg,7.170719146728516,-9.409204483032227
images_224/ART002-E-11702.jpg,8.694258689880371,-3.9759950637817383
images_224/ART002-E-11703.jpg,6.677724838256836,-5.407866477966309
images_224/ART002-E-11704.jpg,7.3896660804748535,-9.130598068237305
images_224/ART002-E-11705.jpg,8.838034629821777,-3.897634506225586
images_224/ART002-E-11706.jpg,7.143155097961426,-8.845508575439453
images_224/ART002-E-11707.jpg,7.6226606369018555,-9.431580543518066
images_224/ART002-E-11708.jpg,6.814756870269775,-8.891786575317383
images_224/ART002-E-11709.jpg,7.093602657318115,-4.875221252441406
images_224/ART002-E-11710.jpg,7.754283428192139,-9.313493728637695
images_224/ART002-E-11711.jpg,8.91734790802002,-3.84269380569458
images_224/ART002-E-11712.jpg,7.2188944816589355,-4.998501777648926
images_224/ART002-E-11713.jpg,7.416011810302734,-9.400879859924316
images_224/ART002-E-11714.jpg,8.993858337402344,-3.8119394779205322
images_224/ART002-E-11715.jpg,6.982651710510254,-4.530766010284424
images_224/ART002-E-11716.jpg,7.161800384521484,-8.624872207641602
images_224/ART002-E-11717.jpg,9.01133918762207,-3.7461342811584473
images_224/ART002-E-11718.jpg,7.215133190155029,-5.157166004180908
images_224/ART002-E-11719.jpg,7.509234428405762,-9.665202140808105
images_224/ART002-E-11720.jpg,8.8779296875,-3.8735668659210205
images_224/ART002-E-11721.jpg,6.944653034210205,-4.524805068969727
images_224/ART002-E-11722.jpg,7.226961135864258,-9.392289161682129
images_224/ART002-E-11723.jpg,8.85789966583252,-3.8296844959259033
images_224/ART002-E-11724.jpg,6.941577434539795,-4.537301540374756
images_224/ART002-E-11725.jpg,7.690711975097656,-9.670135498046875
images_224/ART002-E-11726.jpg,8.904855728149414,-3.8680946826934814
images_224/ART002-E-11727.jpg,7.343581676483154,-4.974155902862549
images_224/ART002-E-11728.jpg,7.432414531707764,-8.799654960632324
images_224/ART002-E-11729.jpg,9.133234977722168,-3.7101571559906006
images_224/ART002-E-11730.jpg,7.24609899520874,-4.979351043701172
images_224/ART002-E-11731.jpg,6.642404556274414,-8.973305702209473
images_224/ART002-E-11732.jpg,8.856215476989746,-3.868100881576538
images_224/ART002-E-11733.jpg,7.335483551025391,-4.931715488433838
images_224/ART002-E-11734.jpg,6.829109191894531,-8.776113510131836
images_224/ART002-E-11735.jpg,8.915847778320312,-3.8293673992156982
images_224/ART002-E-11736.jpg,8.002152442932129,-4.152272701263428
images_224/ART002-E-11737.jpg,7.006352424621582,-8.887824058532715
images_224/ART002-E-11738.jpg,9.054438591003418,-3.719916343688965
images_224/ART002-E-11739.jpg,7.6795783042907715,-4.328744888305664
images_224/ART002-E-11740.jpg,5.939620018005371,-8.600127220153809
images_224/ART002-E-11741.jpg,9.0905179977417,-3.683927059173584
images_224/ART002-E-11742.jpg,7.356787204742432,-5.030782222747803
images_224/ART002-E-11743.jpg,7.271082401275635,-9.28119945526123
images_224/ART002-E-11744.jpg,9.245901107788086,-3.5044949054718018
images_224/ART002-E-11745.jpg,7.349582195281982,-5.081667423248291
images_224/ART002-E-11746.jpg,7.435685157775879,-9.023178100585938
images_224/ART002-E-11747.jpg,9.294563293457031,-3.6034538745880127
images_224/ART002-E-11748.jpg,7.526480674743652,-5.061948299407959
images_224/ART002-E-11749.jpg,7.423450469970703,-8.765214920043945
images_224/ART002-E-11750.jpg,9.239779472351074,-3.55407977104187
images_224/ART002-E-11751.jpg,7.563603401184082,-5.119117736816406
images_224/ART002-E-11752.jpg,7.373351573944092,-9.107620239257812
images_224/ART002-E-11753.jpg,9.334573745727539,-3.429107427597046
images_224/ART002-E-11754.jpg,9.043340682983398,-3.6415369510650635
images_224/ART002-E-11755.jpg,6.809656143188477,-5.618354320526123
images_224/ART002-E-11756.jpg,9.337849617004395,-3.3930938243865967
images_224/ART002-E-11757.jpg,8.294943809509277,-4.241790294647217
images_224/ART002-E-11758.jpg,6.955524921417236,-5.432772636413574
images_224/ART002-E-11759.jpg,9.25232982635498,-3.4986464977264404
images_224/ART002-E-11760.jpg,7.459481239318848,-4.921258449554443
images_224/ART002-E-11761.jpg,6.772554397583008,-5.604471206665039
images_224/ART002-E-11762.jpg,9.429566383361816,-3.348261594772339
images_224/ART002-E-11763.jpg,8.571596145629883,-3.8114264011383057
images_224/ART002-E-11764.jpg,6.841058731079102,-5.513714790344238
images_224/ART002-E-11765.jpg,9.56796932220459,-3.1713197231292725
images_224/ART002-E-11766.jpg,8.170035362243652,-4.406098365783691
images_224/ART002-E-11767.jpg,6.827067852020264,-5.554996013641357
images_224/ART002-E-11768.jpg,9.342625617980957,-3.333732843399048
images_224/ART002-E-11769.jpg,7.570154190063477,-5.068304538726807
images_224/ART002-E-11770.jpg,6.800567626953125,-5.606876850128174
images_224/ART002-E-11771.jpg,9.271978378295898,-3.468085527420044
images_224/ART002-E-11772.jpg,8.068117141723633,-4.522562026977539
images_224/ART002-E-11773.jpg,6.8483076095581055,-5.548534393310547
images_224/ART002-E-11774.jpg,9.41600227355957,-3.297773838043213
images_224/ART002-E-11775.jpg,7.77369499206543,-4.854549884796143
images_224/ART002-E-11776.jpg,6.804596900939941,-5.594855308532715
images_224/ART002-E-11777.jpg,9.338217735290527,-3.2947986125946045
images_224/ART002-E-11778.jpg,7.686052322387695,-4.960692882537842
images_224/ART002-E-11779.jpg,6.878159999847412,-5.584576606750488
images_224/ART002-E-11780.jpg,9.556788444519043,-3.148517370223999
images_224/ART002-E-11781.jpg,7.956768989562988,-4.660913467407227
images_224/ART002-E-11782.jpg,7.048862457275391,-5.445683479309082
images_224/ART002-E-11783.jpg,9.519903182983398,-3.2175917625427246
images_224/ART002-E-11784.jpg,8.641904830932617,-3.740494966506958
images_224/ART002-E-11785.jpg,7.531342506408691,-5.163564205169678
images_224/ART002-E-11786.jpg,9.57960319519043,-3.1477348804473877
images_224/ART002-E-11787.jpg,9.23401165008545,-3.4918770790100098
images_224/ART002-E-11788.jpg,7.963446617126465,-4.649059772491455
images_224/ART002-E-11789.jpg,9.750401496887207,-2.9499692916870117
images_224/ART002-E-11790.jpg,9.250263214111328,-3.5263609886169434
images_224/ART002-E-11791.jpg,7.629711627960205,-5.0832085609436035
images_224/ART002-E-11792.jpg,9.783102989196777,-2.9209702014923096
images_224/ART002-E-11793.jpg,9.79747486114502,-2.9092938899993896
images_224/ART002-E-11794.jpg,7.935310363769531,-4.875646591186523
images_224/ART002-E-11795.jpg,9.891993522644043,-2.7942490577697754
images_224/ART002-E-11796.jpg,9.917139053344727,-2.6261134147644043
images_224/ART002-E-11797.jpg,8.603163719177246,-4.197330951690674
images_224/ART002-E-11798.jpg,9.87808609008789,-2.5987167358398438
images_224/ART002-E-11799.jpg,9.92500114440918,-2.587717294692993
images_224/ART002-E-11800.jpg,8.640419960021973,-4.194133281707764
images_224/ART002-E-11801.jpg,9.896175384521484,-2.597259283065796
images_224/ART002-E-11802.jpg,9.96777057647705,-2.5495240688323975
images_224/ART002-E-11803.jpg,8.623730659484863,-4.2229790687561035
images_224/ART002-E-11804.jpg,9.897954940795898,-2.593945264816284
images_224/ART002-E-11805.jpg,9.903665542602539,-2.6089353561401367
images_224/ART002-E-11806.jpg,8.640387535095215,-4.281238555908203
images_224/ART002-E-11807.jpg,9.908365249633789,-2.584582567214966
images_224/ART002-E-11808.jpg,9.900540351867676,-2.58551287651062
images_224/ART002-E-11809.jpg,8.565649032592773,-4.644908428192139
images_224/ART002-E-11810.jpg,9.864957809448242,-2.596372365951538
images_224/ART002-E-11811.jpg,9.893070220947266,-2.6061670780181885
images_224/ART002-E-11812.jpg,8.687169075012207,-4.251698017120361
images_224/ART002-E-11813.jpg,9.91395092010498,-2.5809595584869385
images_224/ART002-E-11814.jpg,9.836724281311035,-2.8172590732574463
images_224/ART002-E-11815.jpg,8.691655158996582,-4.177339553833008
images_224/ART002-E-11816.jpg,9.930668830871582,-2.7629995346069336
images_224/ART002-E-11817.jpg,9.761466026306152,-2.962085008621216
images_224/ART002-E-11818.jpg,8.600066184997559,-4.030921459197998
images_224/ART002-E-11819.jpg,9.911707878112793,-2.755657434463501
images_224/ART002-E-11820.jpg,9.775651931762695,-2.941199779510498
images_224/ART002-E-11821.jpg,8.525634765625,-4.324268341064453
images_224/ART002-E-11822.jpg,9.89515209197998,-2.772892951965332
images_224/ART002-E-11823.jpg,9.991764068603516,-2.8180243968963623
images_224/ART002-E-11824.jpg,8.63219165802002,-3.935614585876465
images_224/ART002-E-11825.jpg,9.922974586486816,-2.7693769931793213
images_224/ART002-E-11826.jpg,9.764445304870605,-2.923281669616699
images_224/ART002-E-11827.jpg,8.622057914733887,-4.020845413208008
images_224/ART002-E-11828.jpg,9.906290054321289,-2.7858214378356934
images_224/ART002-E-11829.jpg,9.816798210144043,-2.886582851409912
images_224/ART002-E-11830.jpg,8.666778564453125,-3.9690558910369873
images_224/ART002-E-11831.jpg,9.955009460449219,-2.7893857955932617
images_224/ART002-E-11832.jpg,9.779810905456543,-2.9189109802246094
images_224/ART002-E-11833.jpg,8.778421401977539,-3.5621285438537598
images_224/ART002-E-11834.jpg,9.906826972961426,-2.7538225650787354
images_224/ART002-E-11835.jpg,9.772950172424316,-2.923429489135742
images_224/ART002-E-11836.jpg,8.653554916381836,-4.022604465484619
images_224/ART002-E-11837.jpg,10.00999927520752,-2.770383596420288
images_224/ART002-E-11838.jpg,9.823469161987305,-2.876310110092163
images_224/ART002-E-11839.jpg,8.643041610717773,-3.946558713912964
images_224/ART002-E-11840.jpg,9.917424201965332,-2.786747932434082
images_224/ART002-E-11841.jpg,9.792227745056152,-2.9079906940460205
images_224/ART002-E-11842.jpg,8.782954216003418,-3.546253204345703
images_224/ART002-E-11843.jpg,9.924975395202637,-2.7871158123016357
images_224/ART002-E-11844.jpg,9.746026039123535,-2.9535632133483887
images_224/ART002-E-11845.jpg,9.288457870483398,-3.3072097301483154
images_224/ART002-E-11846.jpg,10.081453323364258,-2.7808175086975098
images_224/ART002-E-11847.jpg,9.769366264343262,-2.917755365371704
images_224/ART002-E-11848.jpg,8.88491153717041,-3.5193474292755127
images_224/ART002-E-11849.jpg,9.933233261108398,-2.77701735496521
images_224/ART002-E-11850.jpg,9.689202308654785,-2.9924747943878174
images_224/ART002-E-11851.jpg,5.9664411544799805,-2.233182907104492
images_224/ART002-E-11852.jpg,9.705059051513672,-3.051722526550293
images_224/ART002-E-11853.jpg,9.102347373962402,-3.180542230606079
images_224/ART002-E-11854.jpg,5.9001617431640625,-2.2204465866088867
images_224/ART002-E-11855.jpg,9.735452651977539,-3.002631425857544
images_224/ART002-E-11856.jpg,9.13988208770752,-3.157524585723877
images_224/ART002-E-11857.jpg,5.878849506378174,-2.228705883026123
images_224/ART002-E-11858.jpg,9.728809356689453,-3.032104015350342
images_224/ART002-E-11859.jpg,9.608180046081543,-2.9828178882598877
images_224/ART002-E-11860.jpg,5.994685173034668,-1.7342957258224487
images_224/ART002-E-11861.jpg,9.812666893005371,-2.906357765197754
images_224/ART002-E-11862.jpg,9.6896333694458,-2.9560840129852295
images_224/ART002-E-11863.jpg,9.253357887268066,-3.237696647644043
images_224/ART002-E-11864.jpg,9.936745643615723,-2.7937490940093994
images_224/ART002-E-11865.jpg,9.938607215881348,-2.8391408920288086
images_224/ART002-E-11866.jpg,9.086542129516602,-3.149523973464966
images_224/ART002-E-11867.jpg,10.038606643676758,-2.786885976791382
images_224/ART002-E-11868.jpg,10.170783042907715,-2.744555711746216
images_224/ART002-E-11869.jpg,8.998825073242188,-3.2915287017822266
images_224/ART002-E-11870.jpg,10.065299034118652,-2.771822214126587
images_224/ART002-E-11871.jpg,9.953125,-2.810168743133545
images_224/ART002-E-11872.jpg,9.158391952514648,-3.1174631118774414
images_224/ART002-E-11873.jpg,10.200770378112793,-2.799093008041382
images_224/ART002-E-11874.jpg,10.144462585449219,-2.6982078552246094
images_224/ART002-E-11875.jpg,9.144607543945312,-3.1288156509399414
images_224/ART002-E-11876.jpg,10.143617630004883,-2.739438056945801
images_224/ART002-E-11877.jpg,10.101595878601074,-2.7531652450561523
images_224/ART002-E-11878.jpg,9.203370094299316,-3.1056599617004395
images_224/ART002-E-11879.jpg,10.1007719039917,-2.749335765838623
images_224/ART002-E-11880.jpg,10.11563491821289,-2.7307488918304443
images_224/ART002-E-11881.jpg,9.187532424926758,-3.076014280319214
images_224/ART002-E-11882.jpg,10.102346420288086,-2.7520391941070557
images_224/ART002-E-11883.jpg,10.043832778930664,-2.778201103210449
images_224/ART002-E-11884.jpg,9.112306594848633,-3.0933752059936523
images_224/ART002-E-11885.jpg,10.105602264404297,-2.75795316696167
images_224/ART002-E-11886.jpg,10.108561515808105,-2.7318458557128906
images_224/ART002-E-11887.jpg,9.121899604797363,-3.1191978454589844
images_224/ART002-E-11888.jpg,7.060649871826172,-2.4172751903533936
images_224/ART002-E-11889.jpg,7.055118560791016,-2.4160828590393066
images_224/ART002-E-11890.jpg,7.078534126281738,-2.4423038959503174
images_224/ART002-E-11891.jpg,7.281826019287109,-3.81062388420105
images_224/ART002-E-11892.jpg,7.270366668701172,-3.8487417697906494
images_224/ART002-E-11893.jpg,7.228577613830566,-3.8701865673065186
images_224/ART002-E-11894.jpg,6.654361724853516,-4.046187877655029
images_224/ART002-E-11895.jpg,7.272544860839844,-3.8238143920898438
images_224/ART002-E-11900.jpg,7.8621015548706055,12.07072925567627
images_224/ART002-E-11901.jpg,10.9815092086792,11.693286895751953
images_224/ART002-E-11902.jpg,10.701708793640137,10.405067443847656
images_224/ART002-E-11903.jpg,10.987621307373047,11.787385940551758
images_224/ART002-E-11904.jpg,2.579355239868164,6.779314041137695
images_224/ART002-E-11905.jpg,10.758544921875,10.437155723571777
images_224/ART002-E-11906.jpg,10.941163063049316,11.7720308303833
images_224/ART002-E-11907.jpg,2.5111589431762695,6.8480658531188965
images_224/ART002-E-11908.jpg,10.595905303955078,10.38227653503418
images_224/ART002-E-11909.jpg,10.966276168823242,11.784173965454102
images_224/ART002-E-11910.jpg,2.5331404209136963,6.82470178604126
images_224/ART002-E-11911.jpg,10.455314636230469,10.342061042785645
images_224/ART002-E-11912.jpg,10.953104972839355,11.79129695892334
images_224/ART002-E-11913.jpg,2.527034044265747,6.830634117126465
images_224/ART002-E-11914.jpg,10.664348602294922,10.396924018859863
images_224/ART002-E-11915.jpg,10.945826530456543,11.793343544006348
images_224/ART002-E-11916.jpg,2.533310651779175,6.824538230895996
images_224/ART002-E-11917.jpg,10.455429077148438,10.320396423339844
images_224/ART002-E-11918.jpg,11.040811538696289,11.713135719299316
images_224/ART002-E-11919.jpg,2.527007579803467,6.83213472366333
images_224/ART002-E-11920.jpg,10.146966934204102,10.299034118652344
images_224/ART002-E-11921.jpg,10.926468849182129,11.917667388916016
images_224/ART002-E-11922.jpg,2.5250229835510254,6.8347601890563965
images_224/ART002-E-11923.jpg,10.306567192077637,10.307315826416016
images_224/ART002-E-11924.jpg,10.983075141906738,11.892426490783691
images_224/ART002-E-11925.jpg,2.4883360862731934,6.8715596199035645
images_224/ART002-E-11926.jpg,10.370037078857422,10.33527660369873
images_224/ART002-E-11927.jpg,11.069111824035645,11.93346118927002
images_224/ART002-E-11928.jpg,2.5310661792755127,6.82804012298584
images_224/ART002-E-11929.jpg,10.225069046020508,10.275303840637207
images_224/ART002-E-11930.jpg,10.968576431274414,11.774396896362305
images_224/ART002-E-11931.jpg,2.5320889949798584,6.825759410858154
images_224/ART002-E-11932.jpg,10.627111434936523,10.381328582763672
images_224/ART002-E-11933.jpg,10.948469161987305,11.809481620788574
images_224/ART002-E-11934.jpg,2.527397871017456,6.8311333656311035
images_224/ART002-E-11935.jpg,10.590085983276367,10.343486785888672
images_224/ART002-E-11936.jpg,10.90829086303711,11.891942977905273
images_224/ART002-E-11937.jpg,2.5190954208374023,6.840019702911377
images_224/ART002-E-11938.jpg,10.449539184570312,10.335421562194824
images_224/ART002-E-11939.jpg,10.938789367675781,11.749567031860352
images_224/ART002-E-11940.jpg,2.5285096168518066,6.829963207244873
images_224/ART002-E-11941.jpg,10.41731071472168,10.259100914001465
images_224/ART002-E-11942.jpg,10.95966911315918,11.801254272460938
images_224/ART002-E-11943.jpg,2.5488951206207275,6.809726238250732
images_224/ART002-E-11944.jpg,10.414278030395508,10.268942832946777
images_224/ART002-E-11945.jpg,10.968026161193848,11.796515464782715
images_224/ART002-E-11946.jpg,2.5413551330566406,6.818717956542969
images_224/ART002-E-11947.jpg,10.626837730407715,10.38990592956543
images_224/ART002-E-11948.jpg,10.989663124084473,11.783690452575684
images_224/ART002-E-11949.jpg,2.5325143337249756,6.826327323913574
images_224/ART002-E-11950.jpg,10.489995002746582,10.388564109802246
images_224/ART002-E-11951.jpg,10.96960735321045,11.801281929016113
images_224/ART002-E-11952.jpg,2.5343198776245117,6.824372291564941
images_224/ART002-E-11953.jpg,10.336531639099121,10.308540344238281
images_224/ART002-E-11954.jpg,10.93128490447998,11.848057746887207
images_224/ART002-E-11955.jpg,2.5385937690734863,6.819530010223389
images_224/ART002-E-11956.jpg,10.53642463684082,10.289229393005371
images_224/ART002-E-11957.jpg,10.977561950683594,11.853034973144531
images_224/ART002-E-11958.jpg,2.4872591495513916,6.872708797454834
images_224/ART002-E-11959.jpg,10.240962982177734,10.272955894470215
images_224/ART002-E-11960.jpg,10.961282730102539,11.861217498779297
images_224/ART002-E-11961.jpg,2.52919602394104,6.830306053161621
images_224/ART002-E-11962.jpg,10.35845947265625,10.332022666931152
images_224/ART002-E-11963.jpg,11.032367706298828,11.786735534667969
images_224/ART002-E-11964.jpg,2.525721788406372,6.834834575653076
images_224/ART002-E-11965.jpg,10.242964744567871,10.274658203125
images_224/ART002-E-11966.jpg,10.973366737365723,11.923562049865723
images_224/ART002-E-11967.jpg,2.5317342281341553,6.831773281097412
images_224/ART002-E-11968.jpg,10.339630126953125,10.370100975036621
images_224/ART002-E-11969.jpg,10.949270248413086,11.864590644836426
images_224/ART002-E-11970.jpg,2.535585403442383,6.82331657409668
images_224/ART002-E-11971.jpg,10.481576919555664,10.342320442199707
images_224/ART002-E-11972.jpg,11.009313583374023,11.857015609741211
images_224/ART002-E-11973.jpg,2.515749216079712,6.843984127044678
images_224/ART002-E-11974.jpg,10.464730262756348,10.332542419433594
images_224/ART002-E-11975.jpg,10.980836868286133,11.782975196838379
images_224/ART002-E-11976.jpg,2.524571657180786,6.83582067489624
images_224/ART002-E-11977.jpg,10.495697021484375,10.346590995788574
images_224/ART002-E-11978.jpg,10.917459487915039,11.875367164611816
images_224/ART002-E-11979.jpg,2.5264244079589844,6.834561824798584
images_224/ART002-E-11980.jpg,10.176249504089355,10.240549087524414
images_224/ART002-E-11981.jpg,10.953648567199707,11.969917297363281
images_224/ART002-E-11982.jpg,2.5230963230133057,6.839428424835205
images_224/ART002-E-11983.jpg,9.936098098754883,10.093538284301758
images_224/ART002-E-11984.jpg,10.947953224182129,11.853987693786621
images_224/ART002-E-11985.jpg,2.526484251022339,6.834573268890381
images_224/ART002-E-11986.jpg,10.364171981811523,10.29161548614502
images_224/ART002-E-11987.jpg,10.955825805664062,11.8477201461792
images_224/ART002-E-11988.jpg,2.5123143196105957,6.847949028015137
images_224/ART002-E-11989.jpg,10.396342277526855,10.307515144348145
images_224/ART002-E-11990.jpg,10.965670585632324,11.8002347946167
images_224/ART002-E-11991.jpg,2.5359959602355957,6.823156833648682
images_224/ART002-E-11992.jpg,10.385865211486816,10.303993225097656
images_224/ART002-E-11993.jpg,10.986979484558105,11.79367446899414
images_224/ART002-E-11994.jpg,2.5277628898620605,6.83060359954834
images_224/ART002-E-11995.jpg,10.374687194824219,10.391379356384277
images_224/ART002-E-11996.jpg,10.955354690551758,11.790436744689941
images_224/ART002-E-11997.jpg,2.5681231021881104,6.794891357421875
images_224/ART002-E-11998.jpg,10.452670097351074,10.324800491333008
images_224/ART002-E-11999.jpg,10.952631950378418,11.784473419189453
images_224/ART002-E-12000.jpg,2.506202459335327,6.853917598724365
images_224/ART002-E-12001.jpg,10.525829315185547,10.295002937316895
images_224/ART002-E-12002.jpg,8.33264446258545,5.477298259735107
images_224/ART002-E-12003.jpg,5.8752360343933105,3.472541570663452
images_224/ART002-E-12004.jpg,8.654808044433594,6.983341693878174
images_224/ART002-E-12005.jpg,8.547588348388672,5.364023208618164
images_224/ART002-E-12006.jpg,5.922848701477051,3.422607421875
images_224/ART002-E-12007.jpg,8.833218574523926,7.407662868499756
images_224/ART002-E-12008.jpg,8.360108375549316,5.434365749359131
images_224/ART002-E-12009.jpg,5.93616247177124,3.4170982837677
images_224/ART002-E-12010.jpg,8.617859840393066,7.337803363800049
images_224/ART002-E-12011.jpg,8.078052520751953,5.65826416015625
images_224/ART002-E-12012.jpg,5.942207336425781,3.4160969257354736
images_224/ART002-E-12013.jpg,8.5853271484375,7.501197338104248
images_224/ART002-E-12014.jpg,7.54801607131958,5.3201375007629395
images_224/ART002-E-12015.jpg,5.9729390144348145,3.3700668811798096
images_224/ART002-E-12016.jpg,7.490434646606445,6.9010748863220215
images_224/ART002-E-12017.jpg,7.508151054382324,5.345404624938965
images_224/ART002-E-12018.jpg,5.968450546264648,3.375267505645752
images_224/ART002-E-12019.jpg,7.547924995422363,6.955032825469971
images_224/ART002-E-12020.jpg,7.387107849121094,5.706583023071289
images_224/ART002-E-12021.jpg,5.934647560119629,3.409335136413574
images_224/ART002-E-12022.jpg,8.044888496398926,7.273178577423096
images_224/ART002-E-12023.jpg,7.539114475250244,5.362054347991943
images_224/ART002-E-12024.jpg,5.967104911804199,3.3758389949798584
images_224/ART002-E-12025.jpg,7.4768877029418945,6.946800231933594
images_224/ART002-E-12026.jpg,7.593477249145508,5.377165794372559
images_224/ART002-E-12027.jpg,5.967620849609375,3.3767526149749756
images_224/ART002-E-12028.jpg,7.54387903213501,6.928294658660889
images_224/ART002-E-12029.jpg,13.035091400146484,3.1634788513183594
images_224/ART002-E-12030.jpg,9.57336711883545,1.5907680988311768
images_224/ART002-E-12031.jpg,14.877800941467285,5.710094451904297
images_224/ART002-E-12032.jpg,7.5378851890563965,5.496785640716553
images_224/ART002-E-12033.jpg,6.109256744384766,3.2729389667510986
images_224/ART002-E-12034.jpg,7.5031843185424805,6.908359527587891
images_224/ART002-E-12035.jpg,7.521785259246826,5.4370012283325195
images_224/ART002-E-12036.jpg,6.0773162841796875,3.285245180130005
images_224/ART002-E-12037.jpg,7.533344745635986,6.936202526092529
images_224/ART002-E-12038.jpg,7.613664627075195,5.610622406005859
images_224/ART002-E-12039.jpg,6.021397590637207,3.3371963500976562
images_224/ART002-E-12040.jpg,7.50921630859375,6.92453145980835
images_224/ART002-E-12041.jpg,7.5479278564453125,5.471467018127441
images_224/ART002-E-12042.jpg,6.000903129577637,3.352477550506592
images_224/ART002-E-12043.jpg,7.551229953765869,6.870913505554199
images_224/ART002-E-12044.jpg,13.020811080932617,3.202622652053833
images_224/ART002-E-12045.jpg,9.534687995910645,1.5196812152862549
images_224/ART002-E-12046.jpg,14.852334022521973,5.690811634063721
images_224/ART002-E-12047.jpg,8.025857925415039,5.709990501403809
images_224/ART002-E-12048.jpg,5.929943561553955,3.413482189178467
images_224/ART002-E-12049.jpg,8.60982608795166,7.58336877822876
images_224/ART002-E-12050.jpg,7.972095012664795,5.706568241119385
images_224/ART002-E-12051.jpg,5.93841028213501,3.4092822074890137
images_224/ART002-E-12052.jpg,8.594775199890137,7.585254669189453
images_224/ART002-E-12053.jpg,8.193550109863281,5.637131690979004
images_224/ART002-E-12054.jpg,5.954870700836182,3.3974082469940186
images_224/ART002-E-12055.jpg,8.704708099365234,7.627357006072998
images_224/ART002-E-12056.jpg,8.13537311553955,5.7052836418151855
images_224/ART002-E-12057.jpg,2.58091402053833,6.784175395965576
images_224/ART002-E-12058.jpg,8.210718154907227,5.584140300750732
images_224/ART002-E-12059.jpg,5.930958271026611,3.41355037689209
images_224/ART002-E-12060.jpg,8.365787506103516,7.297152042388916
images_224/ART002-E-12061.jpg,8.33995246887207,5.488210201263428
images_224/ART002-E-12062.jpg,5.935141563415527,3.4143855571746826
images_224/ART002-E-12063.jpg,8.505085945129395,7.444599151611328
images_224/ART002-E-12064.jpg,9.042927742004395,5.0194854736328125
images_224/ART002-E-12065.jpg,5.929980278015137,3.41674542427063
images_224/ART002-E-12066.jpg,8.817488670349121,7.428818225860596
images_224/ART002-E-12067.jpg,8.225015640258789,5.44300651550293
images_224/ART002-E-12068.jpg,5.9413042068481445,3.4124183654785156
images_224/ART002-E-12069.jpg,8.623824119567871,7.529760837554932
images_224/ART002-E-12070.jpg,8.070246696472168,5.643477916717529
images_224/ART002-E-12071.jpg,5.938784122467041,3.406297206878662
images_224/ART002-E-12072.jpg,8.71596622467041,7.615575790405273
images_224/ART002-E-12073.jpg,7.82634162902832,5.513382911682129
images_224/ART002-E-12074.jpg,5.943423271179199,3.403463840484619
images_224/ART002-E-12075.jpg,8.54287338256836,7.484123229980469
images_224/ART002-E-12076.jpg,8.186033248901367,5.61618709564209
images_224/ART002-E-12077.jpg,5.944864273071289,3.4013397693634033
images_224/ART002-E-12078.jpg,8.524110794067383,7.398364067077637
images_224/ART002-E-12079.jpg,8.168159484863281,5.533877372741699
images_224/ART002-E-12080.jpg,6.057515621185303,3.326165199279785
images_224/ART002-E-12081.jpg,8.526790618896484,7.296152114868164
images_224/ART002-E-12082.jpg,12.670705795288086,3.540121078491211
images_224/ART002-E-12083.jpg,9.579657554626465,1.592658519744873
images_224/ART002-E-12084.jpg,14.777925491333008,5.639667987823486
images_224/ART002-E-12085.jpg,12.643342018127441,3.427065372467041
images_224/ART002-E-12086.jpg,9.579747200012207,1.5949528217315674
images_224/ART002-E-12087.jpg,14.593541145324707,5.8952250480651855
images_224/ART002-E-12088.jpg,12.759464263916016,3.703968048095703
images_224/ART002-E-12089.jpg,9.541382789611816,1.5498178005218506
images_224/ART002-E-12090.jpg,14.697197914123535,5.710573673248291
images_224/ART002-E-12091.jpg,11.490269660949707,3.5325357913970947
images_224/ART002-E-12092.jpg,10.622696876525879,2.714376449584961
images_224/ART002-E-12093.jpg,12.706645965576172,5.643118381500244
images_224/ART002-E-12094.jpg,11.067607879638672,3.761213541030884
images_224/ART002-E-12095.jpg,9.64889144897461,1.6814295053482056
images_224/ART002-E-12096.jpg,12.319701194763184,6.154367923736572
images_224/ART002-E-12097.jpg,10.85098648071289,4.0584540367126465
images_224/ART002-E-12098.jpg,9.647811889648438,2.0170865058898926
images_224/ART002-E-12099.jpg,12.013673782348633,5.834583282470703
images_224/ART002-E-12100.jpg,12.159981727600098,3.237370252609253
images_224/ART002-E-12101.jpg,9.614599227905273,1.6707115173339844
images_224/ART002-E-12102.jpg,13.14981746673584,6.2458696365356445
images_224/ART002-E-12103.jpg,12.109811782836914,3.304339647293091
images_224/ART002-E-12104.jpg,9.736946105957031,1.8735597133636475
images_224/ART002-E-12105.jpg,12.981508255004883,6.252601623535156
images_224/ART002-E-12106.jpg,10.978551864624023,4.14732551574707
images_224/ART002-E-12107.jpg,9.655108451843262,1.7142671346664429
images_224/ART002-E-12108.jpg,12.257474899291992,6.318126678466797
images_224/ART002-E-12109.jpg,10.85058879852295,4.20124626159668
images_224/ART002-E-12110.jpg,9.64633846282959,1.642442226409912
images_224/ART002-E-12111.jpg,11.503003120422363,6.769586086273193
images_224/ART002-E-12112.jpg,7.395230770111084,5.69534158706665
images_224/ART002-E-12113.jpg,5.972728729248047,3.376638412475586
images_224/ART002-E-12114.jpg,8.065573692321777,6.996078968048096
images_224/ART002-E-12115.jpg,7.48987340927124,5.454266548156738
images_224/ART002-E-12116.jpg,5.961670875549316,3.385023593902588
images_224/ART002-E-12117.jpg,7.913820266723633,6.891732215881348
images_224/ART002-E-12118.jpg,7.550791263580322,5.463238716125488
images_224/ART002-E-12119.jpg,5.945735931396484,3.3993184566497803
images_224/ART002-E-12120.jpg,7.92202615737915,6.933596134185791
images_224/ART002-E-12121.jpg,12.695114135742188,3.677637815475464
images_224/ART002-E-12122.jpg,9.615433692932129,1.6323200464248657
images_224/ART002-E-12123.jpg,14.014985084533691,5.997855186462402
images_224/ART002-E-12124.jpg,12.656840324401855,3.649415969848633
images_224/ART002-E-12125.jpg,9.580449104309082,1.590622901916504
images_224/ART002-E-12126.jpg,14.068557739257812,6.0307722091674805
images_224/ART002-E-12127.jpg,10.28593921661377,7.225001335144043
images_224/ART002-E-12128.jpg,9.368844032287598,4.143430233001709
images_224/ART002-E-12129.jpg,11.715899467468262,7.730651378631592
images_224/ART002-E-12130.jpg,12.27181339263916,3.1558659076690674
images_224/ART002-E-12131.jpg,9.625210762023926,1.6249713897705078
images_224/ART002-E-12132.jpg,13.242959976196289,6.411016941070557
images_224/ART002-E-12133.jpg,12.52439022064209,3.122607707977295
images_224/ART002-E-12134.jpg,9.62902545928955,1.646809458732605
images_224/ART002-E-12135.jpg,13.232887268066406,6.470719337463379
images_224/ART002-E-12136.jpg,12.49817180633545,3.1773810386657715
images_224/ART002-E-12137.jpg,9.644020080566406,1.6759672164916992
images_224/ART002-E-12138.jpg,13.184305191040039,6.475085258483887
images_224/ART002-E-12139.jpg,12.510098457336426,3.1678876876831055
images_224/ART002-E-12140.jpg,9.646757125854492,1.6870445013046265
images_224/ART002-E-12141.jpg,13.195799827575684,6.536317825317383
images_224/ART002-E-12142.jpg,12.482297897338867,3.2169394493103027
images_224/ART002-E-12143.jpg,9.668841361999512,1.7041412591934204
images_224/ART002-E-12144.jpg,12.889504432678223,6.681725978851318
images_224/ART002-E-12145.jpg,12.900891304016113,3.0715458393096924
images_224/ART002-E-12146.jpg,9.578422546386719,1.5760971307754517
images_224/ART002-E-12147.jpg,14.924263000488281,5.698552131652832
images_224/ART002-E-12148.jpg,12.847317695617676,3.1537997722625732
images_224/ART002-E-12149.jpg,9.591353416442871,1.5915539264678955
images_224/ART002-E-12150.jpg,14.923619270324707,5.653878211975098
images_224/ART002-E-12151.jpg,12.868223190307617,3.0300073623657227
images_224/ART002-E-12152.jpg,9.524925231933594,1.5219663381576538
images_224/ART002-E-12153.jpg,14.903338432312012,5.677295207977295
images_224/ART002-E-12154.jpg,12.883947372436523,3.0751993656158447
images_224/ART002-E-12155.jpg,9.577253341674805,1.5804986953735352
images_224/ART002-E-12156.jpg,14.936025619506836,5.66172981262207
images_224/ART002-E-12157.jpg,12.335490226745605,3.1667633056640625
images_224/ART002-E-12158.jpg,9.614069938659668,1.6214677095413208
images_224/ART002-E-12159.jpg,13.185833930969238,6.420353412628174
images_224/ART002-E-12160.jpg,12.400297164916992,3.123570680618286
images_224/ART002-E-12161.jpg,9.630475044250488,1.6520012617111206
images_224/ART002-E-12162.jpg,13.212416648864746,6.432212829589844
images_224/ART002-E-12163.jpg,12.377717971801758,3.1456923484802246
images_224/ART002-E-12164.jpg,9.65976333618164,1.6405141353607178
images_224/ART002-E-12165.jpg,13.2031888961792,6.477889060974121
images_224/ART002-E-12166.jpg,12.32530689239502,3.18180775642395
images_224/ART002-E-12167.jpg,9.69006633758545,1.8939905166625977
images_224/ART002-E-12168.jpg,13.171819686889648,6.3733930587768555
images_224/ART002-E-12169.jpg,12.161176681518555,3.198047161102295
images_224/ART002-E-12170.jpg,9.66159439086914,1.7146788835525513
images_224/ART002-E-12171.jpg,13.046053886413574,6.101183891296387
images_224/ART002-E-12172.jpg,11.992359161376953,3.219832181930542
images_224/ART002-E-12173.jpg,9.668452262878418,1.713701605796814
images_224/ART002-E-12174.jpg,12.878634452819824,5.989680767059326
images_224/ART002-E-12175.jpg,11.39345645904541,3.7307889461517334
images_224/ART002-E-12176.jpg,9.707256317138672,1.7910449504852295
images_224/ART002-E-12177.jpg,12.678593635559082,5.988043308258057
images_224/ART002-E-12178.jpg,10.986742973327637,11.81507682800293
images_224/ART002-E-12179.jpg,2.5311121940612793,6.828670978546143
images_224/ART002-E-12180.jpg,9.828454971313477,9.236577033996582
images_224/ART002-E-12181.jpg,10.916176795959473,11.871606826782227
images_224/ART002-E-12182.jpg,2.5399575233459473,6.8193440437316895
images_224/ART002-E-12183.jpg,9.84292221069336,9.397348403930664
images_224/ART002-E-12184.jpg,8.097909927368164,5.737640857696533
images_224/ART002-E-12185.jpg,2.5473318099975586,6.812003135681152
images_224/ART002-E-12186.jpg,8.851325035095215,7.781957149505615
images_224/ART002-E-12187.jpg,7.962651252746582,5.742070198059082
images_224/ART002-E-12188.jpg,5.894897937774658,3.451046943664551
images_224/ART002-E-12189.jpg,8.684486389160156,7.581407070159912
images_224/ART002-E-12190.jpg,12.97044849395752,3.1067991256713867
images_224/ART002-E-12191.jpg,9.553257942199707,1.5602257251739502
images_224/ART002-E-12192.jpg,14.927400588989258,5.844394683837891
images_224/ART002-E-12193.jpg,7.989110946655273,5.698602676391602
images_224/ART002-E-12194.jpg,5.936526775360107,3.4110219478607178
images_224/ART002-E-12195.jpg,8.609930992126465,7.503904819488525
images_224/ART002-E-12196.jpg,12.98307991027832,3.128948211669922
images_224/ART002-E-12197.jpg,9.55681324005127,1.565778136253357
images_224/ART002-E-12198.jpg,14.855792999267578,5.763139247894287
images_224/ART002-E-12199.jpg,7.855235576629639,5.808626651763916
images_224/ART002-E-12200.jpg,6.055355548858643,3.3107383251190186
images_224/ART002-E-12201.jpg,8.655097961425781,7.515125751495361
images_224/ART002-E-12202.jpg,12.45596694946289,3.1775264739990234
images_224/ART002-E-12203.jpg,9.568412780761719,1.568148136138916
images_224/ART002-E-12204.jpg,14.901721954345703,5.700067520141602
images_224/ART002-E-12205.jpg,12.888477325439453,3.0946314334869385
images_224/ART002-E-12206.jpg,9.557926177978516,1.5544227361679077
images_224/ART002-E-12207.jpg,14.91476821899414,5.787793159484863
images_224/ART002-E-12208.jpg,12.890778541564941,3.0851008892059326
images_224/ART002-E-12209.jpg,9.579001426696777,1.5819658041000366
images_224/ART002-E-12210.jpg,14.920534133911133,5.739660739898682
images_224/ART002-E-12211.jpg,12.841509819030762,3.1029977798461914
images_224/ART002-E-12212.jpg,9.566336631774902,1.5676108598709106
images_224/ART002-E-12213.jpg,14.902521133422852,5.693418025970459
images_224/ART002-E-12214.jpg,13.04141616821289,3.1800308227539062
images_224/ART002-E-12215.jpg,9.551592826843262,1.5619295835494995
images_224/ART002-E-12216.jpg,14.877010345458984,5.731712818145752
images_224/ART002-E-12217.jpg,13.03609561920166,3.1599457263946533
images_224/ART002-E-12218.jpg,9.555532455444336,1.561779260635376
images_224/ART002-E-12219.jpg,14.859013557434082,5.713929653167725
images_224/ART002-E-12220.jpg,8.230568885803223,5.465096473693848
images_224/ART002-E-12221.jpg,5.944820404052734,3.4057974815368652
images_224/ART002-E-12222.jpg,8.65982723236084,7.432384967803955
images_224/ART002-E-12223.jpg,8.126018524169922,6.194148063659668
images_224/ART002-E-12224.jpg,5.97360372543335,3.387899398803711
images_224/ART002-E-12225.jpg,8.701615333557129,6.812028408050537
images_224/ART002-E-12226.jpg,8.02798843383789,6.103436470031738
images_224/ART002-E-12227.jpg,5.95772647857666,3.3880667686462402
images_224/ART002-E-12228.jpg,7.6127495765686035,6.900768280029297
images_224/ART002-E-12229.jpg,10.316031455993652,4.326370716094971
images_224/ART002-E-12230.jpg,9.582858085632324,2.4876229763031006
images_224/ART002-E-12231.jpg,10.944595336914062,5.913960933685303
images_224/ART002-E-12232.jpg,10.285924911499023,4.343640327453613
images_224/ART002-E-12233.jpg,9.563239097595215,2.386798143386841
images_224/ART002-E-12234.jpg,11.016401290893555,5.966207981109619
images_224/ART002-E-12235.jpg,10.31372356414795,4.358726978302002
images_224/ART002-E-12236.jpg,9.57055377960205,2.61732816696167
images_224/ART002-E-12237.jpg,10.925958633422852,5.855518341064453
images_224/ART002-E-12238.jpg,10.299541473388672,4.346789360046387
images_224/ART002-E-12239.jpg,9.6085786819458,2.3512115478515625
images_224/ART002-E-12240.jpg,10.95220947265625,5.852969646453857
images_224/ART002-E-12241.jpg,12.130803108215332,3.2273168563842773
images_224/ART002-E-12242.jpg,9.606539726257324,1.6115751266479492
images_224/ART002-E-12243.jpg,13.139644622802734,6.292428016662598
images_224/ART002-E-12244.jpg,12.344171524047852,3.181323289871216
images_224/ART002-E-12245.jpg,9.65402603149414,1.667781949043274
images_224/ART002-E-12246.jpg,13.15869426727295,6.421142101287842
images_224/ART002-E-12247.jpg,12.415301322937012,3.1639974117279053
images_224/ART002-E-12248.jpg,9.610758781433105,1.618747353553772
images_224/ART002-E-12249.jpg,13.136744499206543,6.50259256362915
images_224/ART002-E-12250.jpg,12.119794845581055,3.232586622238159
images_224/ART002-E-12251.jpg,9.657349586486816,1.6830532550811768
images_224/ART002-E-12252.jpg,13.091772079467773,6.212424278259277
images_224/ART002-E-12253.jpg,12.16943359375,3.2465755939483643
images_224/ART002-E-12254.jpg,9.669034957885742,1.7426483631134033
images_224/ART002-E-12255.jpg,12.605242729187012,6.045096397399902
images_224/ART002-E-12256.jpg,10.878744125366211,4.179885387420654
images_224/ART002-E-12257.jpg,9.646163940429688,1.687487006187439
images_224/ART002-E-12258.jpg,12.043643951416016,6.658052444458008
images_224/ART002-E-12259.jpg,9.724322319030762,4.731330394744873
images_224/ART002-E-12260.jpg,9.54881763458252,2.285372734069824
images_224/ART002-E-12261.jpg,10.714898109436035,7.080622673034668
images_224/ART002-E-12262.jpg,7.887815475463867,5.799908638000488
images_224/ART002-E-12263.jpg,9.633110046386719,1.7015507221221924
images_224/ART002-E-12264.jpg,8.910866737365723,6.846402645111084
images_224/ART002-E-12265.jpg,11.083640098571777,4.057746887207031
images_224/ART002-E-12266.jpg,9.663764953613281,1.7318639755249023
images_224/ART002-E-12267.jpg,12.309829711914062,6.30889892578125
images_224/ART002-E-12268.jpg,9.584539413452148,4.651378154754639
images_224/ART002-E-12269.jpg,9.653225898742676,1.7039889097213745
images_224/ART002-E-12270.jpg,10.097315788269043,7.106935501098633
images_224/ART002-E-12271.jpg,9.496101379394531,4.572322845458984
images_224/ART002-E-12272.jpg,9.585573196411133,2.212819814682007
images_224/ART002-E-12273.jpg,9.98056411743164,7.088742733001709
images_224/ART002-E-12274.jpg,9.509169578552246,4.569868564605713
images_224/ART002-E-12275.jpg,9.648691177368164,1.7141259908676147
images_224/ART002-E-12276.jpg,9.952247619628906,7.076600074768066
images_224/ART002-E-12588.jpg,14.0820894241333,-10.768965721130371
images_224/ART002-E-12589.jpg,20.108598709106445,-1.4772148132324219
images_224/ART002-E-12590.jpg,20.676488876342773,-1.1136806011199951
images_224/ART002-E-12591.jpg,20.420494079589844,-1.4077165126800537
images_224/ART002-E-12592.jpg,20.07109260559082,-1.440686821937561
images_224/ART002-E-12593.jpg,20.000263214111328,-1.5026655197143555
images_224/ART002-E-12594.jpg,20.328397750854492,-1.4222421646118164
images_224/ART002-E-12595.jpg,20.639362335205078,-1.074478030204773
images_224/ART002-E-12596.jpg,20.449739456176758,-1.3987311124801636
images_224/ART002-E-12597.jpg,20.03194236755371,-1.4907628297805786
images_224/ART002-E-12598.jpg,19.92620086669922,-1.5696462392807007
images_224/ART002-E-12599.jpg,20.14474868774414,-1.4812827110290527
images_224/ART002-E-12600.jpg,20.645675659179688,-1.0961592197418213
images_224/ART002-E-12601.jpg,20.43570327758789,-1.4032803773880005
images_224/ART002-E-12602.jpg,20.033096313476562,-1.4963164329528809
images_224/ART002-E-12603.jpg,19.97952651977539,-1.5270086526870728
images_224/ART002-E-12604.jpg,20.128355026245117,-1.52333664894104
images_224/ART002-E-12605.jpg,20.653059005737305,-1.0843092203140259
images_224/ART002-E-12606.jpg,20.44698143005371,-1.4006152153015137
images_224/ART002-E-12607.jpg,20.03424072265625,-1.4999034404754639
images_224/ART002-E-12608.jpg,20.012422561645508,-1.5167794227600098
images_224/ART002-E-12609.jpg,20.15484046936035,-1.4534578323364258
images_224/ART002-E-12610.jpg,20.642854690551758,-1.09860098361969
images_224/ART002-E-12611.jpg,20.463516235351562,-1.3909519910812378
images_224/ART002-E-12612.jpg,20.01112174987793,-1.4979441165924072
images_224/ART002-E-12613.jpg,19.989551544189453,-1.5074405670166016
images_224/ART002-E-12614.jpg,20.03408432006836,-1.4968420267105103
images_224/ART002-E-12615.jpg,20.67588233947754,-1.029727578163147
images_224/ART002-E-12616.jpg,20.498050689697266,-1.3368066549301147
images_224/ART002-E-12617.jpg,20.03246307373047,-1.4881389141082764
images_224/ART002-E-12618.jpg,20.016845703125,-1.4812558889389038
images_224/ART002-E-12619.jpg,20.12023162841797,-1.5048682689666748
images_224/ART002-E-12620.jpg,20.663528442382812,-1.06766939163208
images_224/ART002-E-12621.jpg,20.512142181396484,-1.3541938066482544
images_224/ART002-E-12622.jpg,20.03692626953125,-1.489222764968872
images_224/ART002-E-12623.jpg,19.988161087036133,-1.5091286897659302
images_224/ART002-E-12624.jpg,20.070022583007812,-1.4798346757888794
images_224/ART002-E-12625.jpg,20.64283561706543,-1.0940182209014893
images_224/ART002-E-12626.jpg,20.508087158203125,-1.3295259475708008
images_224/ART002-E-12627.jpg,20.040283203125,-1.487633228302002
images_224/ART002-E-12628.jpg,19.99579620361328,-1.4956457614898682
images_224/ART002-E-12629.jpg,20.110877990722656,-1.4644001722335815
images_224/ART002-E-12630.jpg,20.65231704711914,-1.085658073425293
images_224/ART002-E-12631.jpg,20.484445571899414,-1.380345106124878
images_224/ART002-E-12632.jpg,20.037776947021484,-1.4870847463607788
images_224/ART002-E-12633.jpg,19.999826431274414,-1.4935367107391357
images_224/ART002-E-12634.jpg,20.13392448425293,-1.4651707410812378
images_224/ART002-E-12635.jpg,20.652374267578125,-1.0877918004989624
images_224/ART002-E-12636.jpg,20.452856063842773,-1.3947522640228271
images_224/ART002-E-12637.jpg,20.031982421875,-1.4921088218688965
images_224/ART002-E-12638.jpg,19.99848747253418,-1.497792363166809
images_224/ART002-E-12639.jpg,20.11359405517578,-1.4638807773590088
images_224/ART002-E-12640.jpg,20.64602279663086,-1.0952779054641724
images_224/ART002-E-12641.jpg,20.501842498779297,-1.3832217454910278
images_224/ART002-E-12642.jpg,20.05378532409668,-1.5141924619674683
images_224/ART002-E-12643.jpg,19.998411178588867,-1.4959431886672974
images_224/ART002-E-12644.jpg,20.108957290649414,-1.4703961610794067
images_224/ART002-E-12645.jpg,20.647342681884766,-1.094244122505188
images_224/ART002-E-12646.jpg,20.458927154541016,-1.3930474519729614
images_224/ART002-E-12647.jpg,20.037586212158203,-1.487861156463623
images_224/ART002-E-12648.jpg,19.979469299316406,-1.50129234790802
images_224/ART002-E-12649.jpg,20.152996063232422,-1.4575138092041016
images_224/ART002-E-12650.jpg,20.664791107177734,-1.0689085721969604
images_224/ART002-E-12651.jpg,20.456634521484375,-1.3927637338638306
images_224/ART002-E-12652.jpg,20.06272315979004,-1.4794654846191406
images_224/ART002-E-12653.jpg,19.998571395874023,-1.4975050687789917
images_224/ART002-E-12654.jpg,7.146170616149902,-3.8162431716918945
images_224/ART002-E-12655.jpg,4.682372093200684,-6.6690354347229
images_224/ART002-E-12656.jpg,7.190771102905273,-3.9010345935821533
images_224/ART002-E-12657.jpg,8.033080101013184,1.8208975791931152
images_224/ART002-E-12658.jpg,8.023261070251465,1.7868367433547974
images_224/ART002-E-12659.jpg,8.240463256835938,2.4400899410247803
images_224/ART002-E-12660.jpg,8.62441635131836,2.536842107772827
images_224/ART002-E-12661.jpg,8.339138984680176,2.431952476501465
images_224/ART002-E-12662.jpg,8.105687141418457,2.0543928146362305
images_224/ART002-E-12663.jpg,8.012042045593262,2.091665029525757
images_224/ART002-E-12664.jpg,8.122817039489746,2.3097569942474365
images_224/ART002-E-12665.jpg,8.359396934509277,2.4551658630371094
images_224/ART002-E-12666.jpg,8.249903678894043,2.3746426105499268
images_224/ART002-E-12667.jpg,7.981841564178467,2.3223865032196045
images_224/ART002-E-12668.jpg,7.965220928192139,2.3035967350006104
images_224/ART002-E-12669.jpg,8.134893417358398,2.3563053607940674
images_224/ART002-E-12670.jpg,8.374900817871094,2.4630610942840576
images_224/ART002-E-12671.jpg,8.278336524963379,2.409461498260498
images_224/ART002-E-12672.jpg,7.967623710632324,2.3050308227539062
images_224/ART002-E-12673.jpg,7.919090270996094,2.2849478721618652
images_224/ART002-E-12674.jpg,8.162670135498047,2.337585687637329
images_224/ART002-E-12675.jpg,8.363698959350586,2.436990976333618
images_224/ART002-E-12676.jpg,8.222334861755371,2.3711423873901367
images_224/ART002-E-12677.jpg,7.946195125579834,2.327101230621338
images_224/ART002-E-12678.jpg,7.928901195526123,2.291431188583374
images_224/ART002-E-12679.jpg,8.127431869506836,2.3461480140686035
images_224/ART002-E-12680.jpg,8.340871810913086,2.449937105178833
images_224/ART002-E-12681.jpg,8.23209285736084,2.3806707859039307
images_224/ART002-E-12682.jpg,7.979125499725342,2.302907705307007
images_224/ART002-E-12683.jpg,7.962006092071533,2.2874515056610107
images_224/ART002-E-12684.jpg,8.117632865905762,2.265814781188965
images_224/ART002-E-12685.jpg,8.45189094543457,2.507902145385742
images_224/ART002-E-12686.jpg,8.199077606201172,2.351945161819458
images_224/ART002-E-12687.jpg,7.994396686553955,2.3040544986724854
images_224/ART002-E-12688.jpg,7.965941429138184,2.2933104038238525
images_224/ART002-E-12689.jpg,8.1320219039917,2.3123979568481445
images_224/ART002-E-12690.jpg,8.436936378479004,2.501030921936035
images_224/ART002-E-12691.jpg,8.150811195373535,2.293531656265259
images_224/ART002-E-12692.jpg,7.977699279785156,2.3137168884277344
images_224/ART002-E-12693.jpg,7.963541507720947,2.2682385444641113
images_224/ART002-E-12694.jpg,8.1627197265625,2.269333600997925
images_224/ART002-E-12695.jpg,8.339231491088867,2.4012339115142822
images_224/ART002-E-12696.jpg,8.219640731811523,2.374337673187256
images_224/ART002-E-12697.jpg,8.03357219696045,2.2294788360595703
images_224/ART002-E-12698.jpg,7.978728294372559,2.2877495288848877
images_224/ART002-E-12699.jpg,8.21533489227295,2.285679817199707
images_224/ART002-E-12700.jpg,8.442623138427734,2.426420211791992
images_224/ART002-E-12701.jpg,8.243754386901855,2.3698673248291016
images_224/ART002-E-12702.jpg,7.964377403259277,2.2221179008483887
images_224/ART002-E-12703.jpg,8.015178680419922,2.1508171558380127
images_224/ART002-E-12704.jpg,8.188881874084473,2.239692211151123
images_224/ART002-E-12705.jpg,8.544896125793457,2.471771001815796
images_224/ART002-E-12706.jpg,8.219430923461914,2.328016996383667
images_224/ART002-E-12707.jpg,8.111442565917969,2.1474056243896484
images_224/ART002-E-12708.jpg,8.019266128540039,2.1548242568969727
images_224/ART002-E-12709.jpg,8.119401931762695,2.0907750129699707
images_224/ART002-E-12710.jpg,8.640654563903809,2.4966115951538086
images_224/ART002-E-12711.jpg,8.250432968139648,2.3410351276397705
images_224/ART002-E-12712.jpg,8.088088989257812,2.131486177444458
images_224/ART002-E-12713.jpg,8.043336868286133,2.101008892059326
images_224/ART002-E-12714.jpg,8.148151397705078,2.0509767532348633
images_224/ART002-E-12715.jpg,9.002579689025879,2.565859317779541
images_224/ART002-E-12716.jpg,8.34800910949707,2.338714122772217
images_224/ART002-E-12717.jpg,8.065597534179688,2.0321238040924072
images_224/ART002-E-12718.jpg,8.046621322631836,2.0627033710479736
images_224/ART002-E-12719.jpg,7.196331977844238,-3.746037721633911
images_224/ART002-E-12720.jpg,6.970202922821045,-4.019655227661133
images_224/ART002-E-12721.jpg,7.201296806335449,-3.7847228050231934
images_224/ART002-E-12722.jpg,8.096888542175293,1.9944391250610352
images_224/ART002-E-12723.jpg,8.074502944946289,1.9795241355895996
images_224/ART002-E-12724.jpg,7.160128116607666,-3.8241212368011475
images_224/ART002-E-12725.jpg,6.600727081298828,-4.563146114349365
images_224/ART002-E-12726.jpg,7.0919671058654785,-3.9113125801086426
images_224/ART002-E-12727.jpg,7.182584285736084,-3.7750372886657715
images_224/ART002-E-12728.jpg,7.1718525886535645,-3.77227783203125
images_224/ART002-E-12729.jpg,7.113698959350586,-3.8694114685058594
images_224/ART002-E-12730.jpg,4.569575786590576,-6.55388879776001
images_224/ART002-E-12731.jpg,7.050642013549805,-4.059363842010498
images_224/ART002-E-12732.jpg,7.14321231842041,-3.8456571102142334
images_224/ART002-E-12733.jpg,6.47459602355957,-5.388463497161865
images_224/ART002-E-12734.jpg,6.344775676727295,-5.300020694732666
images_224/ART002-E-12735.jpg,6.45218563079834,-5.334228515625
images_224/ART002-E-12736.jpg,6.206487655639648,-5.136754989624023
images_224/ART002-E-12737.jpg,6.17145299911499,-5.164890766143799
images_224/ART002-E-12740.jpg,3.483067512512207,11.025812149047852
images_224/ART002-E-12744.jpg,3.483555793762207,11.025182723999023
images_224/ART002-E-12747.jpg,3.4831297397613525,11.025816917419434
images_224/ART002-E-12751.jpg,3.4830379486083984,11.025786399841309
images_224/ART002-E-13376.jpg,15.848451614379883,13.590106964111328
images_224/ART002-E-13381.jpg,15.872570037841797,13.609460830688477
images_224/ART002-E-13385.jpg,15.847433090209961,13.592118263244629
images_224/ART002-E-13389.jpg,15.764541625976562,13.554356575012207
images_224/ART002-E-13399.jpg,11.246866226196289,14.092357635498047
images_224/ART002-E-13405.jpg,11.256001472473145,14.073624610900879
images_224/ART002-E-13409.jpg,11.238536834716797,14.061949729919434
images_224/ART002-E-14031.jpg,7.161421298980713,-3.835951328277588
images_224/ART002-E-14032.jpg,7.057136535644531,-3.8996942043304443
images_224/ART002-E-14033.jpg,4.047430992126465,-6.789554595947266
images_224/ART002-E-14034.jpg,6.718194484710693,-4.720122814178467
images_224/ART002-E-14035.jpg,7.0819010734558105,-3.8658437728881836
images_224/ART002-E-14036.jpg,7.122763633728027,-3.8597030639648438
images_224/ART002-E-14037.jpg,8.022768020629883,1.7897071838378906
images_224/ART002-E-14038.jpg,7.082418441772461,-4.1077961921691895
images_224/ART002-E-14039.jpg,7.143066883087158,-3.8635265827178955
images_224/ART002-E-14040.jpg,8.029031753540039,1.8135576248168945
images_224/ART002-E-14041.jpg,8.01915168762207,1.8296699523925781
images_224/ART002-E-14042.jpg,8.099991798400879,1.8624855279922485
images_224/ART002-E-14043.jpg,7.106504440307617,-4.029393672943115
images_224/ART002-E-14044.jpg,7.171604633331299,-3.7358779907226562
images_224/ART002-E-14045.jpg,8.024489402770996,1.848701000213623
images_224/ART002-E-14046.jpg,8.01780891418457,1.9370989799499512
images_224/ART002-E-14047.jpg,8.06307601928711,2.0246047973632812
images_224/ART002-E-14048.jpg,8.37413215637207,2.4697158336639404
images_224/ART002-E-14049.jpg,7.237654209136963,-3.707601547241211
images_224/ART002-E-14050.jpg,8.04931354522705,2.046849489212036
images_224/ART002-E-14051.jpg,7.997185707092285,1.9991508722305298
images_224/ART002-E-14052.jpg,8.103194236755371,2.184866189956665
images_224/ART002-E-14053.jpg,8.353474617004395,2.439321279525757
images_224/ART002-E-14054.jpg,8.2904691696167,2.39827299118042
images_224/ART002-E-14055.jpg,8.04759407043457,2.065598249435425
images_224/ART002-E-14056.jpg,8.022571563720703,2.028472900390625
images_224/ART002-E-14057.jpg,8.210290908813477,2.3327364921569824
images_224/ART002-E-14058.jpg,8.331620216369629,2.4351024627685547
images_224/ART002-E-14059.jpg,8.299888610839844,2.4037277698516846
images_224/ART002-E-14060.jpg,8.036513328552246,2.0521295070648193
images_224/ART002-E-14061.jpg,8.022655487060547,2.0367066860198975
images_224/ART002-E-14062.jpg,6.801682472229004,-3.90260648727417
images_224/ART002-E-14063.jpg,3.9945428371429443,-6.676785945892334
images_224/ART002-E-14064.jpg,6.666285991668701,-3.9553744792938232
images_224/ART002-E-14065.jpg,6.9478888511657715,-3.9275496006011963
images_224/ART002-E-14066.jpg,13.07250690460205,-1.7178610563278198
images_224/ART002-E-14067.jpg,10.783658981323242,-6.1373748779296875
images_224/ART002-E-14068.jpg,10.089780807495117,-1.3602209091186523
images_224/ART002-E-14069.jpg,10.719925880432129,-6.242441654205322
images_224/ART002-E-14070.jpg,12.910796165466309,-1.5882259607315063
images_224/ART002-E-14071.jpg,13.05627727508545,-1.7174791097640991
images_224/ART002-E-14072.jpg,6.294976234436035,-5.232336521148682
images_224/ART002-E-14073.jpg,-2.1168036460876465,1.547221064567566
images_224/ART002-E-14074.jpg,-2.1172773838043213,1.546953797340393
images_224/ART002-E-14075.jpg,3.4831247329711914,11.025779724121094
images_224/ART002-E-14076.jpg,-2.1172409057617188,1.5468493700027466
images_224/ART002-E-14202.jpg,5.445119380950928,-8.374351501464844
images_224/ART002-E-14203.jpg,3.206958293914795,-4.723334312438965
images_224/ART002-E-14204.jpg,4.078731060028076,-6.932870388031006
images_224/ART002-E-14205.jpg,10.37923526763916,12.159770965576172
images_224/ART002-E-14206.jpg,10.427310943603516,12.176555633544922
images_224/ART002-E-14207.jpg,10.745615005493164,13.258438110351562
images_224/ART002-E-14208.jpg,7.8290629386901855,-8.916013717651367
images_224/ART002-E-14209.jpg,11.169344902038574,13.850631713867188
images_224/ART002-E-14210.jpg,5.013204097747803,-3.541654586791992
images_224/ART002-E-14211.jpg,11.268474578857422,13.828835487365723
images_224/ART002-E-14212.jpg,7.70438289642334,-9.783665657043457
images_224/ART002-E-14213.jpg,7.844078063964844,-9.747540473937988
images_224/ART002-E-14216.jpg,3.2165746688842773,-4.746283531188965
images_224/ART002-E-14217.jpg,7.04411506652832,-9.687999725341797
images_224/ART002-E-14218.jpg,14.196638107299805,-1.9925410747528076
images_224/ART002-E-14219.jpg,7.8992486000061035,-8.824591636657715
images_224/ART002-E-14220.jpg,14.23620319366455,-2.010043144226074
images_224/ART002-E-14221.jpg,7.896259307861328,-9.48593807220459
images_224/ART002-E-14222.jpg,14.19962215423584,-1.996457815170288
images_224/ART002-E-14223.jpg,5.786489009857178,-8.537772178649902
images_224/ART002-E-14224.jpg,14.190195083618164,-1.9836944341659546
images_224/ART002-E-14225.jpg,14.17025089263916,-1.9777077436447144
images_224/ART002-E-14266.jpg,7.712149143218994,-4.991611957550049
images_224/ART002-E-14268.jpg,10.424509048461914,12.151135444641113
images_224/ART002-E-14269.jpg,10.793229103088379,12.04608154296875
images_224/ART002-E-14270.jpg,11.026270866394043,11.951919555664062
images_224/ART002-E-14284.jpg,20.2535343170166,1.1047357320785522
images_224/ART002-E-14285.jpg,20.230623245239258,1.054411768913269
images_224/ART002-E-14286.jpg,20.38472557067871,1.75758957862854
images_224/ART002-E-14287.jpg,20.242046356201172,1.0524383783340454
images_224/ART002-E-14288.jpg,20.239831924438477,1.0538586378097534
images_224/ART002-E-14289.jpg,20.415874481201172,1.7662551403045654
images_224/ART002-E-14293.jpg,11.934114456176758,-4.970603942871094
images_224/ART002-E-14294.jpg,11.93321704864502,-4.96669864654541
images_224/ART002-E-14295.jpg,11.902414321899414,-4.9850544929504395
images_224/ART002-E-14296.jpg,11.913764953613281,-4.982914924621582
images_224/ART002-E-14297.jpg,11.941058158874512,-4.972142696380615
images_224/ART002-E-14298.jpg,11.890153884887695,-4.943211555480957
images_224/ART002-E-14299.jpg,11.95189380645752,-4.9358391761779785
images_224/ART002-E-14300.jpg,11.916579246520996,-4.961138725280762
images_224/ART002-E-14301.jpg,11.846668243408203,-4.990439414978027
images_224/ART002-E-14302.jpg,11.925187110900879,-4.9657206535339355
images_224/ART002-E-14303.jpg,11.927020072937012,-4.94273567199707
images_224/ART002-E-14304.jpg,11.879863739013672,-4.984045028686523
images_224/ART002-E-14305.jpg,11.976025581359863,-4.916175842285156
images_224/ART002-E-14306.jpg,11.9281005859375,-4.980976104736328
images_224/ART002-E-14307.jpg,11.917661666870117,-4.991157531738281
images_224/ART002-E-14308.jpg,11.937512397766113,-4.993013381958008
images_224/ART002-E-14309.jpg,11.933207511901855,-4.962385654449463
images_224/ART002-E-14310.jpg,11.88914680480957,-5.026848793029785
images_224/ART002-E-14311.jpg,11.887544631958008,-5.330767631530762
images_224/ART002-E-14312.jpg,11.848989486694336,-5.231551170349121
images_224/ART002-E-14313.jpg,11.881324768066406,-5.007419109344482
images_224/ART002-E-14314.jpg,11.903185844421387,-5.29254150390625
images_224/ART002-E-14316.jpg,8.624876976013184,15.979409217834473
images_224/ART002-E-14317.jpg,8.711594581604004,15.95676040649414
images_224/ART002-E-14318.jpg,9.214111328125,16.411828994750977
images_224/ART002-E-14319.jpg,9.288291931152344,16.517963409423828
images_224/ART002-E-14320.jpg,9.193758010864258,16.376855850219727
images_224/ART002-E-14321.jpg,8.825159072875977,15.916170120239258
images_224/ART002-E-14322.jpg,8.786297798156738,15.93824291229248
images_224/ART002-E-14323.jpg,8.969013214111328,16.01264190673828
images_224/ART002-E-14324.jpg,8.99563980102539,16.00899314880371
images_224/ART002-E-14325.jpg,8.953462600708008,15.978134155273438
images_224/ART002-E-14326.jpg,9.02850341796875,15.979339599609375
images_224/ART002-E-14327.jpg,9.088956832885742,15.928362846374512
images_224/ART002-E-14328.jpg,9.460566520690918,16.75315284729004
images_224/ART002-E-14329.jpg,9.268308639526367,15.937627792358398
images_224/ART002-E-14330.jpg,9.36402416229248,15.8682279586792
images_224/ART002-E-14331.jpg,9.02852725982666,15.9093017578125
images_224/ART002-E-14332.jpg,9.52550983428955,16.83946990966797
images_224/ART002-E-14333.jpg,9.137954711914062,15.998871803283691
images_224/ART002-E-14334.jpg,9.251099586486816,15.850668907165527
images_224/ART002-E-14335.jpg,9.598540306091309,16.959209442138672
images_224/ART002-E-14337.jpg,9.653399467468262,17.028453826904297
images_224/ART002-E-14338.jpg,9.459789276123047,16.162593841552734
images_224/ART002-E-14339.jpg,9.634025573730469,17.0042667388916
images_224/ART002-E-14340.jpg,9.844752311706543,16.128944396972656
images_224/ART002-E-14341.jpg,9.92938232421875,16.499305725097656
images_224/ART002-E-14342.jpg,9.866388320922852,16.126880645751953
images_224/ART002-E-14343.jpg,10.016095161437988,16.176231384277344
images_224/ART002-E-14344.jpg,10.713900566101074,16.130117416381836
images_224/ART002-E-14345.jpg,10.66047191619873,16.138450622558594
images_224/ART002-E-14346.jpg,10.48301887512207,16.32322883605957
images_224/ART002-E-14347.jpg,10.45557689666748,16.354555130004883
images_224/ART002-E-14348.jpg,10.438936233520508,16.382986068725586
images_224/ART002-E-14349.jpg,10.711224555969238,16.138809204101562
images_224/ART002-E-14350.jpg,10.713196754455566,16.132286071777344
images_224/ART002-E-14351.jpg,10.696892738342285,16.12751007080078
images_224/ART002-E-14352.jpg,10.691761016845703,16.150497436523438
images_224/ART002-E-14353.jpg,10.464556694030762,16.350574493408203
images_224/ART002-E-14354.jpg,10.710291862487793,16.138294219970703
images_224/ART002-E-14355.jpg,10.711226463317871,16.12967300415039
images_224/ART002-E-14356.jpg,10.703444480895996,16.131622314453125
images_224/ART002-E-14357.jpg,10.463627815246582,16.34891128540039
images_224/ART002-E-14358.jpg,10.539345741271973,16.281490325927734
images_224/ART002-E-14359.jpg,10.440074920654297,16.377906799316406
images_224/ART002-E-14360.jpg,10.695128440856934,16.13064193725586
images_224/ART002-E-14361.jpg,10.648468971252441,16.187536239624023
images_224/ART002-E-14362.jpg,10.672430992126465,16.137971878051758
images_224/ART002-E-14363.jpg,10.708381652832031,16.12651252746582
images_224/ART002-E-14364.jpg,10.69647216796875,16.13836669921875
images_224/ART002-E-14365.jpg,10.496036529541016,16.320436477661133
images_224/ART002-E-14366.jpg,10.714759826660156,16.1298770904541
images_224/ART002-E-14367.jpg,10.468031883239746,16.34967041015625
images_224/ART002-E-14368.jpg,10.473074913024902,16.35004425048828
images_224/ART002-E-14369.jpg,10.702837944030762,16.137901306152344
images_224/ART002-E-14370.jpg,10.635974884033203,16.127384185791016
images_224/ART002-E-14371.jpg,10.446191787719727,16.354673385620117
images_224/ART002-E-14372.jpg,10.738131523132324,16.105640411376953
images_224/ART002-E-14373.jpg,10.4544677734375,16.354036331176758
images_224/ART002-E-14374.jpg,10.685324668884277,16.12993812561035
images_224/ART002-E-14375.jpg,10.729073524475098,16.08793067932129
images_224/ART002-E-14376.jpg,10.717489242553711,16.129133224487305
images_224/ART002-E-14377.jpg,10.716710090637207,16.123830795288086
images_224/ART002-E-14378.jpg,10.444063186645508,16.36482048034668
images_224/ART002-E-14379.jpg,10.46130657196045,16.339357376098633
images_224/ART002-E-14380.jpg,10.67978572845459,16.097341537475586
images_224/ART002-E-14381.jpg,10.347877502441406,16.35868263244629
images_224/ART002-E-14382.jpg,10.46303939819336,16.075714111328125
images_224/ART002-E-14383.jpg,10.059354782104492,16.057682037353516
images_224/ART002-E-14384.jpg,9.95623779296875,16.024099349975586
images_224/ART002-E-14385.jpg,10.146794319152832,16.356836318969727
images_224/ART002-E-14386.jpg,9.934283256530762,16.039819717407227
images_224/ART002-E-14387.jpg,9.783673286437988,15.986478805541992
images_224/ART002-E-14388.jpg,9.758926391601562,15.957172393798828
images_224/ART002-E-14389.jpg,9.777091026306152,15.9883394241333
images_224/ART002-E-14390.jpg,9.794210433959961,15.997170448303223
images_224/ART002-E-14391.jpg,9.673493385314941,15.942693710327148
images_224/ART002-E-14392.jpg,9.631710052490234,15.92262077331543
images_224/ART002-E-14393.jpg,9.609979629516602,15.91605281829834
images_224/ART002-E-14394.jpg,9.786176681518555,17.24192237854004
images_224/ART002-E-14395.jpg,9.764449119567871,17.262773513793945
images_224/ART002-E-14396.jpg,9.74934196472168,17.268695831298828
images_224/ART002-E-14397.jpg,9.74963665008545,17.24798011779785
images_224/ART002-E-14398.jpg,9.463418006896973,15.875425338745117
images_224/ART002-E-14399.jpg,9.619091033935547,17.073244094848633
images_224/ART002-E-14400.jpg,9.493868827819824,15.883397102355957
images_224/ART002-E-14401.jpg,9.471166610717773,15.884429931640625
images_224/ART002-E-14402.jpg,9.463519096374512,15.867501258850098
images_224/ART002-E-14403.jpg,9.520909309387207,15.882559776306152
images_224/ART002-E-14404.jpg,9.400737762451172,15.847891807556152
images_224/ART002-E-14405.jpg,9.428007125854492,15.855606079101562
images_224/ART002-E-14406.jpg,9.452459335327148,15.867530822753906
images_224/ART002-E-14407.jpg,9.37878704071045,15.846660614013672
images_224/ART002-E-14408.jpg,9.362273216247559,15.849026679992676
images_224/ART002-E-14409.jpg,9.362306594848633,15.851678848266602
images_224/ART002-E-14410.jpg,9.343404769897461,15.840550422668457
images_224/ART002-E-14411.jpg,9.388710975646973,15.860137939453125
images_224/ART002-E-14412.jpg,9.47960090637207,16.86144256591797
images_224/ART002-E-14413.jpg,9.111563682556152,15.799094200134277
images_224/ART002-E-14414.jpg,9.471895217895508,16.861495971679688
images_224/ART002-E-14415.jpg,9.448966026306152,16.80521011352539
images_224/ART002-E-14416.jpg,9.403204917907715,16.812707901000977
images_224/ART002-E-14417.jpg,8.956768035888672,15.792381286621094
images_224/ART002-E-14418.jpg,8.897255897521973,15.750256538391113
images_224/ART002-E-14419.jpg,8.913990020751953,15.802233695983887
images_224/ART002-E-14420.jpg,8.884872436523438,15.749551773071289
images_224/ART002-E-14421.jpg,8.894644737243652,15.762463569641113
images_224/ART002-E-14422.jpg,8.794870376586914,15.803927421569824
images_224/ART002-E-14423.jpg,8.815248489379883,15.782236099243164
images_224/ART002-E-14424.jpg,8.879952430725098,16.77010154724121
images_224/ART002-E-14425.jpg,9.237186431884766,16.63478660583496
images_224/ART002-E-14426.jpg,8.803269386291504,15.806815147399902
images_224/ART002-E-14427.jpg,8.795413970947266,15.768647193908691
images_224/ART002-E-14428.jpg,8.755536079406738,15.810603141784668
images_224/ART002-E-14429.jpg,8.784499168395996,15.799057960510254
images_224/ART002-E-14430.jpg,8.763825416564941,15.819397926330566
images_224/ART002-E-14431.jpg,8.678483009338379,15.807306289672852
images_224/ART002-E-14432.jpg,8.748133659362793,15.845934867858887
images_224/ART002-E-14433.jpg,8.642165184020996,15.850378036499023
images_224/ART002-E-14434.jpg,8.700267791748047,15.809701919555664
images_224/ART002-E-14435.jpg,8.757654190063477,15.90233039855957
images_224/ART002-E-14436.jpg,8.556758880615234,15.84949016571045
images_224/ART002-E-14437.jpg,8.632353782653809,15.96618938446045
images_224/ART002-E-14438.jpg,8.537277221679688,15.883255958557129
images_224/ART002-E-14439.jpg,8.514059066772461,15.79647159576416
images_224/ART002-E-14440.jpg,8.541807174682617,15.846874237060547
images_224/ART002-E-14441.jpg,8.515825271606445,15.856470108032227
images_224/ART002-E-14442.jpg,8.536231994628906,15.867636680603027
images_224/ART002-E-14443.jpg,8.542272567749023,15.799386024475098
images_224/ART002-E-14444.jpg,8.469676971435547,15.835694313049316
images_224/ART002-E-14445.jpg,8.487500190734863,15.92972183227539
images_224/ART002-E-14446.jpg,8.518478393554688,15.872722625732422
images_224/ART002-E-14447.jpg,8.511566162109375,15.936906814575195
images_224/ART002-E-14448.jpg,8.45743179321289,15.983819007873535
images_224/ART002-E-14449.jpg,8.514730453491211,15.945622444152832
images_224/ART002-E-14450.jpg,8.479789733886719,15.990275382995605
images_224/ART002-E-14451.jpg,8.48840045928955,16.027538299560547
images_224/ART002-E-14452.jpg,8.46588134765625,16.01897621154785
images_224/ART002-E-14453.jpg,8.464954376220703,16.011518478393555
images_224/ART002-E-14454.jpg,8.468184471130371,15.935928344726562
images_224/ART002-E-14455.jpg,8.45875358581543,16.02153778076172
images_224/ART002-E-14456.jpg,8.442115783691406,16.130329132080078
images_224/ART002-E-14457.jpg,8.438592910766602,16.13450050354004
images_224/ART002-E-14458.jpg,8.473835945129395,16.14271354675293
images_224/ART002-E-14459.jpg,8.434346199035645,16.191024780273438
images_224/ART002-E-14460.jpg,8.450573921203613,16.139484405517578
images_224/ART002-E-14461.jpg,8.41623306274414,16.18946075439453
images_224/ART002-E-14462.jpg,8.409017562866211,16.200037002563477
images_224/ART002-E-14463.jpg,8.472905158996582,16.187946319580078
images_224/ART002-E-14464.jpg,8.482227325439453,16.193044662475586
images_224/ART002-E-14465.jpg,8.461151123046875,16.174898147583008
images_224/ART002-E-14466.jpg,8.42729663848877,16.214881896972656
images_224/ART002-E-14467.jpg,8.482220649719238,16.208694458007812
images_224/ART002-E-14468.jpg,8.497538566589355,16.125837326049805
images_224/ART002-E-14469.jpg,8.505829811096191,16.125137329101562
images_224/ART002-E-14470.jpg,8.504593849182129,16.194801330566406
images_224/ART002-E-14471.jpg,8.456193923950195,16.180387496948242
images_224/ART002-E-14472.jpg,8.46656608581543,16.196468353271484
images_224/ART002-E-14473.jpg,8.450508117675781,16.18422508239746
images_224/ART002-E-14474.jpg,8.481452941894531,16.184139251708984
images_224/ART002-E-14475.jpg,8.553537368774414,16.111528396606445
images_224/ART002-E-14476.jpg,8.516026496887207,16.08572006225586
images_224/ART002-E-14477.jpg,8.55118465423584,16.21054458618164
images_224/ART002-E-14478.jpg,8.544976234436035,16.107694625854492
images_224/ART002-E-14479.jpg,8.567506790161133,16.061328887939453
images_224/ART002-E-14480.jpg,8.496946334838867,16.215768814086914
images_224/ART002-E-14481.jpg,8.570996284484863,16.05779457092285
images_224/ART002-E-14482.jpg,8.551976203918457,16.072925567626953
images_224/ART002-E-14483.jpg,8.61892032623291,15.980953216552734
images_224/ART002-E-14484.jpg,8.605332374572754,15.93320083618164
images_224/ART002-E-14485.jpg,8.587104797363281,16.055503845214844
images_224/ART002-E-14486.jpg,8.590142250061035,15.936724662780762
images_224/ART002-E-14487.jpg,8.544952392578125,15.983915328979492
images_224/ART002-E-14488.jpg,8.555990219116211,15.936211585998535
images_224/ART002-E-14489.jpg,8.530333518981934,15.96380615234375
images_224/ART002-E-14490.jpg,8.548601150512695,15.903725624084473
images_224/ART002-E-14491.jpg,8.562257766723633,15.936663627624512
images_224/ART002-E-14492.jpg,8.59472370147705,15.890339851379395
images_224/ART002-E-14493.jpg,8.57418155670166,15.873146057128906
images_224/ART002-E-14494.jpg,8.548006057739258,15.835684776306152
images_224/ART002-E-14495.jpg,8.604376792907715,15.889966011047363
images_224/ART002-E-14496.jpg,8.506317138671875,15.961087226867676
images_224/ART002-E-14497.jpg,8.66003704071045,15.905061721801758
images_224/ART002-E-14498.jpg,8.654691696166992,15.949460983276367
images_224/ART002-E-14499.jpg,8.68468952178955,15.955436706542969
images_224/ART002-E-14500.jpg,8.707303047180176,15.936219215393066
images_224/ART002-E-14501.jpg,8.67218017578125,15.901684761047363
images_224/ART002-E-14502.jpg,8.640542030334473,15.925564765930176
images_224/ART002-E-14503.jpg,8.705910682678223,15.939826965332031
images_224/ART002-E-14504.jpg,8.660512924194336,15.919095993041992
images_224/ART002-E-14505.jpg,8.692343711853027,15.9358491897583
images_224/ART002-E-14506.jpg,8.620227813720703,15.924967765808105
images_224/ART002-E-14507.jpg,8.700243949890137,15.97696304321289
images_224/ART002-E-14508.jpg,9.085457801818848,16.219560623168945
images_224/ART002-E-14509.jpg,9.13564682006836,16.33311653137207
images_224/ART002-E-14510.jpg,8.835872650146484,16.00415802001953
images_224/ART002-E-14511.jpg,9.273674964904785,16.519718170166016
images_224/ART002-E-14512.jpg,9.300864219665527,16.520702362060547
images_224/ART002-E-14513.jpg,8.817103385925293,15.99680233001709
images_224/ART002-E-14514.jpg,8.879500389099121,16.045557022094727
images_224/ART002-E-14515.jpg,8.83835506439209,16.014171600341797
images_224/ART002-E-14516.jpg,8.667915344238281,15.946724891662598
images_224/ART002-E-14517.jpg,9.314411163330078,16.51692771911621
images_224/ART002-E-14518.jpg,8.83651065826416,16.02603530883789
images_224/ART002-E-14519.jpg,8.932531356811523,16.08067512512207
images_224/ART002-E-14520.jpg,9.259542465209961,16.47366714477539
images_224/ART002-E-14521.jpg,9.126531600952148,16.282758712768555
images_224/ART002-E-14522.jpg,9.262439727783203,16.479618072509766
images_224/ART002-E-14523.jpg,9.230359077453613,16.42806053161621
images_224/ART002-E-14524.jpg,9.213811874389648,16.418733596801758
images_224/ART002-E-14525.jpg,9.036979675292969,16.110763549804688
images_224/ART002-E-14526.jpg,9.20167064666748,16.382970809936523
images_224/ART002-E-14527.jpg,9.21855640411377,16.403146743774414
images_224/ART002-E-14528.jpg,8.930088996887207,15.795780181884766
images_224/ART002-E-14529.jpg,8.68205451965332,15.286334037780762
images_224/ART002-E-14530.jpg,8.658896446228027,15.299161911010742
images_224/ART002-E-14531.jpg,8.754141807556152,15.359240531921387
images_224/ART002-E-14532.jpg,8.776006698608398,15.412463188171387
images_224/ART002-E-14533.jpg,8.699935913085938,15.331258773803711
images_224/ART002-E-14534.jpg,8.73222827911377,15.380642890930176
images_224/ART002-E-14535.jpg,8.67603874206543,15.294426918029785
images_224/ART002-E-14536.jpg,8.689172744750977,15.309371948242188
images_224/ART002-E-14537.jpg,8.720355987548828,15.348786354064941
images_224/ART002-E-14538.jpg,8.73247241973877,15.375631332397461
images_224/ART002-E-14539.jpg,8.68677043914795,15.290192604064941
images_224/ART002-E-14540.jpg,8.625014305114746,15.236442565917969
images_224/ART002-E-14541.jpg,8.551936149597168,15.22257137298584
images_224/ART002-E-14542.jpg,8.631227493286133,15.29162883758545
images_224/ART002-E-14543.jpg,8.676810264587402,15.286513328552246
images_224/ART002-E-14544.jpg,8.567595481872559,15.192458152770996
images_224/ART002-E-14545.jpg,8.590046882629395,15.214970588684082
images_224/ART002-E-14546.jpg,8.630022048950195,15.28486442565918
images_224/ART002-E-14547.jpg,8.596516609191895,15.263619422912598
images_224/ART002-E-14548.jpg,8.536653518676758,15.241371154785156
images_224/ART002-E-14549.jpg,8.552250862121582,15.195099830627441
images_224/ART002-E-14550.jpg,8.591361999511719,15.219908714294434
images_224/ART002-E-14551.jpg,8.586319923400879,15.193707466125488
images_224/ART002-E-14552.jpg,8.560084342956543,15.211382865905762
images_224/ART002-E-14553.jpg,8.493355751037598,15.18175983428955
images_224/ART002-E-14554.jpg,8.605850219726562,15.227831840515137
images_224/ART002-E-14555.jpg,8.547978401184082,15.235464096069336
images_224/ART002-E-14556.jpg,8.472334861755371,15.148534774780273
images_224/ART002-E-14557.jpg,8.04924488067627,15.3906888961792
images_224/ART002-E-14558.jpg,8.50358772277832,15.180327415466309
images_224/ART002-E-14559.jpg,8.473294258117676,15.20369815826416
images_224/ART002-E-14560.jpg,8.023505210876465,15.397751808166504
images_224/ART002-E-14561.jpg,8.129640579223633,15.345529556274414
images_224/ART002-E-14562.jpg,8.509334564208984,15.20004940032959
images_224/ART002-E-14563.jpg,8.504636764526367,15.197145462036133
images_224/ART002-E-14564.jpg,8.504914283752441,15.201580047607422
images_224/ART002-E-14565.jpg,8.408219337463379,15.140340805053711
images_224/ART002-E-14566.jpg,7.1026763916015625,15.55180835723877
images_224/ART002-E-14567.jpg,8.201008796691895,15.109196662902832
images_224/ART002-E-14568.jpg,8.262115478515625,15.107519149780273
images_224/ART002-E-14569.jpg,8.263832092285156,15.13693904876709
images_224/ART002-E-14570.jpg,8.229256629943848,15.09560775756836
images_224/ART002-E-14571.jpg,8.220521926879883,15.090987205505371
images_224/ART002-E-14572.jpg,8.182847023010254,15.059549331665039
images_224/ART002-E-14573.jpg,8.15634822845459,15.017361640930176
images_224/ART002-E-14574.jpg,8.160842895507812,15.031545639038086
images_224/ART002-E-14575.jpg,8.165053367614746,15.034616470336914
images_224/ART002-E-14576.jpg,8.145413398742676,14.989378929138184
images_224/ART002-E-14577.jpg,8.153190612792969,15.021801948547363
images_224/ART002-E-14578.jpg,8.149127006530762,14.972555160522461
images_224/ART002-E-14579.jpg,8.149595260620117,14.995279312133789
images_224/ART002-E-14580.jpg,8.134879112243652,15.013917922973633
images_224/ART002-E-14581.jpg,8.155716896057129,15.03391170501709
images_224/ART002-E-14582.jpg,8.180503845214844,15.046849250793457
images_224/ART002-E-14583.jpg,8.176424026489258,15.061017036437988
images_224/ART002-E-14584.jpg,8.180405616760254,15.093245506286621
images_224/ART002-E-14585.jpg,8.172759056091309,15.067195892333984
images_224/ART002-E-14586.jpg,8.192953109741211,15.094422340393066
images_224/ART002-E-14587.jpg,8.186721801757812,15.132969856262207
images_224/ART002-E-14588.jpg,8.189745903015137,15.07899284362793
images_224/ART002-E-14589.jpg,8.157615661621094,15.2152681350708
images_224/ART002-E-14590.jpg,8.198417663574219,15.239714622497559
images_224/ART002-E-14591.jpg,8.235917091369629,15.176928520202637
images_224/ART002-E-14592.jpg,8.133871078491211,15.341085433959961
images_224/ART002-E-14593.jpg,8.526167869567871,15.219864845275879
images_224/ART002-E-14594.jpg,8.16195297241211,15.334457397460938
images_224/ART002-E-14595.jpg,8.2738676071167,15.192228317260742
images_224/ART002-E-14596.jpg,8.528684616088867,15.23608684539795
images_224/ART002-E-14597.jpg,8.550589561462402,15.258920669555664
images_224/ART002-E-14598.jpg,8.554566383361816,15.251583099365234
images_224/ART002-E-14599.jpg,8.53468132019043,15.257048606872559
images_224/ART002-E-14600.jpg,8.567391395568848,15.287613868713379
images_224/ART002-E-14601.jpg,8.566462516784668,15.29047966003418
images_224/ART002-E-14602.jpg,8.572898864746094,15.30988883972168
images_224/ART002-E-14603.jpg,8.586288452148438,15.302563667297363
images_224/ART002-E-14604.jpg,9.24741268157959,16.45744514465332
images_224/ART002-E-14605.jpg,8.784591674804688,15.971061706542969
images_224/ART002-E-14606.jpg,9.293965339660645,16.51633071899414
images_224/ART002-E-14607.jpg,9.306160926818848,16.524127960205078
images_224/ART002-E-14608.jpg,9.288413047790527,16.520652770996094
images_224/ART002-E-14609.jpg,9.304363250732422,16.520902633666992
images_224/ART002-E-14610.jpg,9.303181648254395,16.5330867767334
images_224/ART002-E-14611.jpg,8.913447380065918,16.061811447143555
images_224/ART002-E-14612.jpg,9.332695960998535,16.543170928955078
images_224/ART002-E-14613.jpg,9.289644241333008,16.502880096435547
images_224/ART002-E-14614.jpg,9.250382423400879,16.467365264892578
images_224/ART002-E-14615.jpg,9.286308288574219,16.49390983581543
images_224/ART002-E-14616.jpg,9.239810943603516,16.437217712402344
images_224/ART002-E-14617.jpg,9.041314125061035,16.116146087646484
images_224/ART002-E-14618.jpg,8.788164138793945,15.908809661865234
images_224/ART002-E-14619.jpg,9.280064582824707,16.51510238647461
images_224/ART002-E-14620.jpg,9.354283332824707,16.60429573059082
images_224/ART002-E-14621.jpg,9.342944145202637,16.561920166015625
images_224/ART002-E-14622.jpg,9.359322547912598,16.607147216796875
images_224/ART002-E-14623.jpg,9.38149642944336,16.605714797973633
images_224/ART002-E-14624.jpg,9.400350570678711,16.62364959716797
images_224/ART002-E-14625.jpg,9.3821382522583,16.6434383392334
images_224/ART002-E-14626.jpg,9.401844024658203,16.659465789794922
images_224/ART002-E-14627.jpg,9.372695922851562,16.595064163208008
images_224/ART002-E-14628.jpg,9.420260429382324,16.680009841918945
images_224/ART002-E-14629.jpg,9.449980735778809,16.713603973388672
images_224/ART002-E-14630.jpg,9.336113929748535,15.892984390258789
images_224/ART002-E-14631.jpg,9.41988754272461,16.671188354492188
images_224/ART002-E-14632.jpg,9.399402618408203,15.858111381530762
images_224/ART002-E-14633.jpg,9.421435356140137,16.652652740478516
images_224/ART002-E-14634.jpg,9.453819274902344,16.71604347229004
images_224/ART002-E-14635.jpg,9.518720626831055,16.81772804260254
images_224/ART002-E-14636.jpg,9.47492790222168,16.773996353149414
images_224/ART002-E-14637.jpg,9.573756217956543,17.010549545288086
images_224/ART002-E-14638.jpg,9.567744255065918,17.09333038330078
images_224/ART002-E-14639.jpg,9.629693031311035,17.15778160095215
images_224/ART002-E-14640.jpg,9.612065315246582,17.18829917907715
images_224/ART002-E-14641.jpg,9.657498359680176,17.366840362548828
images_224/ART002-E-14642.jpg,9.774919509887695,17.214248657226562
images_224/ART002-E-14643.jpg,9.81569766998291,17.3907470703125
images_224/ART002-E-14644.jpg,9.704985618591309,17.28987693786621
images_224/ART002-E-14645.jpg,9.676377296447754,17.192405700683594
images_224/ART002-E-14646.jpg,9.751364707946777,17.355493545532227
images_224/ART002-E-14647.jpg,9.787094116210938,17.506938934326172
images_224/ART002-E-14648.jpg,9.68367862701416,17.52442741394043
images_224/ART002-E-14649.jpg,9.394065856933594,15.872777938842773
images_224/ART002-E-14650.jpg,9.828617095947266,17.54067611694336
images_224/ART002-E-14651.jpg,9.937716484069824,17.541627883911133
images_224/ART002-E-14652.jpg,9.984128952026367,17.625391006469727
images_224/ART002-E-14653.jpg,9.950508117675781,17.614728927612305
images_224/ART002-E-14654.jpg,9.987127304077148,17.565109252929688
images_224/ART002-E-14655.jpg,10.019392967224121,17.611263275146484
images_224/ART002-E-14656.jpg,10.063017845153809,17.65498924255371
images_224/ART002-E-14657.jpg,10.07284164428711,17.6828670501709
images_224/ART002-E-14658.jpg,10.110522270202637,17.73539924621582
images_224/ART002-E-14659.jpg,10.114891052246094,17.74713897705078
images_224/ART002-E-14660.jpg,10.111601829528809,17.73735809326172
images_224/ART002-E-14661.jpg,10.182669639587402,17.779586791992188
images_224/ART002-E-14662.jpg,10.216742515563965,17.78798484802246
images_224/ART002-E-14663.jpg,10.349634170532227,17.812654495239258
images_224/ART002-E-14664.jpg,10.421784400939941,17.839590072631836
images_224/ART002-E-14665.jpg,10.602978706359863,17.926105499267578
images_224/ART002-E-14666.jpg,8.101085662841797,21.243602752685547
images_224/ART002-E-14667.jpg,10.469244956970215,17.846261978149414
images_224/ART002-E-14668.jpg,8.099355697631836,21.245756149291992
images_224/ART002-E-14669.jpg,8.100968360900879,21.244558334350586
images_224/ART002-E-14670.jpg,10.426961898803711,17.847654342651367
images_224/ART002-E-14671.jpg,8.103055953979492,21.242708206176758
images_224/ART002-E-14672.jpg,8.09988784790039,21.245590209960938
images_224/ART002-E-14673.jpg,10.43212890625,17.844470977783203
images_224/ART002-E-14674.jpg,10.471051216125488,17.864177703857422
images_224/ART002-E-14675.jpg,8.098482131958008,21.24713706970215
images_224/ART002-E-14676.jpg,8.097862243652344,21.24769401550293
images_224/ART002-E-14677.jpg,10.474653244018555,17.866445541381836
images_224/ART002-E-14678.jpg,8.100428581237793,21.244693756103516
images_224/ART002-E-14679.jpg,8.096078872680664,21.249279022216797
images_224/ART002-E-14680.jpg,10.393248558044434,17.836532592773438
images_224/ART002-E-14681.jpg,8.045153617858887,21.30293846130371
images_224/ART002-E-14682.jpg,10.416925430297852,17.879989624023438
images_224/ART002-E-14683.jpg,10.36068058013916,17.83476448059082
images_224/ART002-E-14684.jpg,10.430334091186523,17.868152618408203
images_224/ART002-E-14685.jpg,10.440120697021484,17.88261604309082
images_224/ART002-E-14686.jpg,8.088680267333984,21.256790161132812
images_224/ART002-E-14687.jpg,8.089652061462402,21.255043029785156
images_224/ART002-E-14688.jpg,10.368192672729492,17.857763290405273
images_224/ART002-E-14689.jpg,10.4663724899292,17.931264877319336
images_224/ART002-E-14690.jpg,10.440557479858398,17.89859962463379
images_224/ART002-E-14691.jpg,10.549237251281738,17.960683822631836
images_224/ART002-E-14692.jpg,10.442953109741211,17.890823364257812
images_224/ART002-E-14693.jpg,10.485291481018066,17.896146774291992
images_224/ART002-E-14694.jpg,8.063008308410645,21.281787872314453
images_224/ART002-E-14695.jpg,8.058091163635254,21.286964416503906
images_224/ART002-E-14696.jpg,8.057421684265137,21.28870964050293
images_224/ART002-E-14697.jpg,10.501036643981934,17.920265197753906
images_224/ART002-E-14698.jpg,10.537128448486328,17.940196990966797
images_224/ART002-E-14699.jpg,10.566612243652344,17.962993621826172
images_224/ART002-E-14700.jpg,10.64201545715332,18.00823402404785
images_224/ART002-E-14701.jpg,10.608908653259277,17.97849464416504
images_224/ART002-E-14702.jpg,10.563115119934082,17.93157386779785
images_224/ART002-E-14703.jpg,8.094890594482422,21.251468658447266
images_224/ART002-E-14704.jpg,10.627235412597656,17.997648239135742
images_224/ART002-E-14705.jpg,10.666966438293457,18.016443252563477
images_224/ART002-E-14706.jpg,10.617534637451172,17.974567413330078
images_224/ART002-E-14707.jpg,10.671006202697754,18.013626098632812
images_224/ART002-E-14708.jpg,10.648146629333496,18.00026512145996
images_224/ART002-E-14709.jpg,8.099087715148926,21.246402740478516
images_224/ART002-E-14710.jpg,8.106163024902344,21.237207412719727
images_224/ART002-E-14711.jpg,10.668105125427246,18.025266647338867
images_224/ART002-E-14712.jpg,10.6578950881958,18.01055908203125
images_224/ART002-E-14713.jpg,8.101320266723633,21.244260787963867
images_224/ART002-E-14714.jpg,10.710089683532715,18.031383514404297
images_224/ART002-E-14715.jpg,10.649325370788574,18.002399444580078
images_224/ART002-E-14716.jpg,10.660140991210938,18.01493263244629
images_224/ART002-E-14717.jpg,8.106343269348145,21.238815307617188
images_224/ART002-E-14718.jpg,10.658620834350586,18.00367546081543
images_224/ART002-E-14719.jpg,10.666280746459961,18.05046844482422
images_224/ART002-E-14720.jpg,10.689603805541992,18.037769317626953
images_224/ART002-E-14721.jpg,8.101096153259277,21.244924545288086
images_224/ART002-E-14722.jpg,10.681479454040527,18.018564224243164
images_224/ART002-E-14723.jpg,10.667987823486328,18.0334415435791
images_224/ART002-E-14724.jpg,10.675981521606445,18.077194213867188
images_224/ART002-E-14725.jpg,10.671309471130371,18.036407470703125
images_224/ART002-E-14726.jpg,8.110488891601562,21.234294891357422
images_224/ART002-E-14727.jpg,10.639299392700195,18.009035110473633
images_224/ART002-E-14728.jpg,10.651633262634277,18.009042739868164
images_224/ART002-E-14729.jpg,8.119226455688477,21.216129302978516
images_224/ART002-E-14730.jpg,10.660943031311035,18.023656845092773
images_224/ART002-E-14731.jpg,10.577692985534668,17.967924118041992
images_224/ART002-E-14732.jpg,10.38546371459961,17.911781311035156
images_224/ART002-E-14733.jpg,10.354567527770996,17.90340805053711
images_224/ART002-E-14734.jpg,10.621947288513184,17.997543334960938
images_224/ART002-E-14735.jpg,10.295194625854492,17.911052703857422
images_224/ART002-E-14736.jpg,10.303690910339355,17.921592712402344
images_224/ART002-E-14737.jpg,10.288537979125977,17.904111862182617
images_224/ART002-E-14738.jpg,10.181341171264648,17.84269905090332
images_224/ART002-E-14739.jpg,10.113271713256836,17.811656951904297
images_224/ART002-E-14740.jpg,10.039507865905762,17.84516716003418
images_224/ART002-E-14741.jpg,10.11208724975586,17.80316734313965
images_224/ART002-E-14742.jpg,10.139674186706543,17.834705352783203
images_224/ART002-E-14743.jpg,9.830677032470703,17.8520565032959
images_224/ART002-E-14744.jpg,9.752965927124023,17.87896156311035
images_224/ART002-E-14745.jpg,9.612574577331543,17.87824821472168
images_224/ART002-E-14746.jpg,9.651515007019043,17.877124786376953
images_224/ART002-E-14747.jpg,9.687151908874512,17.84605598449707
images_224/ART002-E-14748.jpg,9.685805320739746,17.83557891845703
images_224/ART002-E-14749.jpg,9.734150886535645,17.83003807067871
images_224/ART002-E-14750.jpg,9.54202938079834,17.649660110473633
images_224/ART002-E-14751.jpg,9.497538566589355,17.63340187072754
images_224/ART002-E-14752.jpg,9.500808715820312,17.57415771484375
images_224/ART002-E-14753.jpg,9.485334396362305,17.64856719970703
images_224/ART002-E-14754.jpg,9.561628341674805,17.73147964477539
images_224/ART002-E-14755.jpg,9.52791976928711,17.658849716186523
images_224/ART002-E-14756.jpg,9.498611450195312,17.6381778717041
images_224/ART002-E-14757.jpg,9.454813003540039,17.554929733276367
images_224/ART002-E-14758.jpg,7.2132792472839355,15.567115783691406
images_224/ART002-E-14759.jpg,9.47161865234375,17.65159797668457
images_224/ART002-E-14760.jpg,7.212057590484619,15.596626281738281
images_224/ART002-E-14761.jpg,9.388998985290527,17.648042678833008
images_224/ART002-E-14762.jpg,9.352534294128418,17.574373245239258
images_224/ART002-E-14763.jpg,9.221198081970215,17.50443458557129
images_224/ART002-E-14764.jpg,9.175870895385742,17.4664306640625
images_224/ART002-E-14765.jpg,9.17509937286377,17.45844268798828
images_224/ART002-E-14766.jpg,9.179641723632812,17.459619522094727
images_224/ART002-E-14767.jpg,7.12614107131958,15.560112953186035
images_224/ART002-E-14768.jpg,7.129886150360107,15.54265022277832
images_224/ART002-E-14769.jpg,7.125541687011719,15.573579788208008
images_224/ART002-E-14770.jpg,7.131612777709961,15.563713073730469
images_224/ART002-E-14771.jpg,8.990586280822754,17.303264617919922
images_224/ART002-E-14772.jpg,8.808902740478516,17.168357849121094
images_224/ART002-E-14773.jpg,8.788431167602539,17.162797927856445
images_224/ART002-E-14774.jpg,7.205644130706787,15.667912483215332
images_224/ART002-E-14775.jpg,7.11806583404541,15.56557559967041
images_224/ART002-E-14776.jpg,7.128758907318115,15.64841079711914
images_224/ART002-E-14777.jpg,8.892210006713867,17.22706413269043
images_224/ART002-E-14778.jpg,7.124701976776123,15.692985534667969
images_224/ART002-E-14779.jpg,7.112288475036621,15.80062484741211
images_224/ART002-E-14780.jpg,8.895920753479004,17.224884033203125
images_224/ART002-E-14781.jpg,7.121230125427246,15.602316856384277
images_224/ART002-E-14782.jpg,7.113144397735596,15.62234115600586
images_224/ART002-E-14783.jpg,7.128875732421875,15.826643943786621
images_224/ART002-E-14784.jpg,8.78353214263916,17.13442611694336
images_224/ART002-E-14785.jpg,7.118222713470459,15.801968574523926
images_224/ART002-E-14786.jpg,7.119015216827393,15.80481243133545
images_224/ART002-E-14787.jpg,7.134685516357422,15.808302879333496
images_224/ART002-E-14788.jpg,7.174051284790039,15.831988334655762
images_224/ART002-E-14789.jpg,7.176644802093506,15.831747055053711
images_224/ART002-E-14790.jpg,8.754129409790039,17.12063217163086
images_224/ART002-E-14791.jpg,8.703099250793457,17.088176727294922
images_224/ART002-E-14792.jpg,8.708881378173828,17.09634780883789
images_224/ART002-E-14793.jpg,7.155514240264893,15.825465202331543
images_224/ART002-E-14794.jpg,7.153996467590332,15.822951316833496
images_224/ART002-E-14795.jpg,8.746787071228027,17.11660385131836
images_224/ART002-E-14796.jpg,8.716955184936523,17.103591918945312
images_224/ART002-E-14797.jpg,7.210798740386963,15.854863166809082
images_224/ART002-E-14798.jpg,8.753684997558594,17.125823974609375
images_224/ART002-E-14799.jpg,7.177395343780518,15.833980560302734
images_224/ART002-E-14800.jpg,7.277146339416504,15.768355369567871
images_224/ART002-E-14801.jpg,8.482542037963867,16.208276748657227
images_224/ART002-E-14802.jpg,8.790227890014648,17.153209686279297
images_224/ART002-E-14803.jpg,8.767354965209961,17.158103942871094
images_224/ART002-E-14804.jpg,7.203453063964844,15.817215919494629
images_224/ART002-E-14805.jpg,7.175289154052734,15.834672927856445
images_224/ART002-E-14806.jpg,8.767691612243652,17.128028869628906
images_224/ART002-E-14807.jpg,7.206945419311523,15.82179069519043
images_224/ART002-E-14808.jpg,8.751045227050781,17.127695083618164
images_224/ART002-E-14809.jpg,8.75245475769043,17.114713668823242
images_224/ART002-E-14810.jpg,8.741853713989258,17.122047424316406
images_224/ART002-E-14811.jpg,7.195499420166016,15.816987037658691
images_224/ART002-E-14812.jpg,7.10993766784668,15.792560577392578
images_224/ART002-E-14813.jpg,8.787040710449219,17.137649536132812
images_224/ART002-E-14814.jpg,7.132623195648193,15.792742729187012
images_224/ART002-E-14815.jpg,7.120480537414551,15.800336837768555
images_224/ART002-E-14816.jpg,7.131282806396484,15.737775802612305
images_224/ART002-E-14817.jpg,7.101064682006836,15.788562774658203
images_224/ART002-E-14818.jpg,7.127289772033691,15.806719779968262
images_224/ART002-E-14819.jpg,7.116669178009033,15.804872512817383
images_224/ART002-E-14820.jpg,8.77946949005127,17.15810203552246
images_224/ART002-E-14821.jpg,8.881187438964844,17.229228973388672
images_224/ART002-E-14822.jpg,8.928778648376465,17.269445419311523
images_224/ART002-E-14823.jpg,7.152040481567383,15.629914283752441
images_224/ART002-E-14824.jpg,7.125517845153809,15.647894859313965
images_224/ART002-E-14825.jpg,7.172724723815918,15.577451705932617
images_224/ART002-E-14826.jpg,7.1935133934021,15.659658432006836
images_224/ART002-E-14827.jpg,8.988253593444824,17.320825576782227
images_224/ART002-E-14828.jpg,7.156184196472168,15.644566535949707
images_224/ART002-E-14829.jpg,7.169639587402344,15.65481185913086
images_224/ART002-E-14830.jpg,8.938101768493652,17.275270462036133
images_224/ART002-E-14831.jpg,7.123730182647705,15.591459274291992
images_224/ART002-E-14832.jpg,8.910440444946289,17.24689483642578
images_224/ART002-E-14833.jpg,8.955713272094727,17.289323806762695
images_224/ART002-E-14834.jpg,9.065289497375488,17.349233627319336
images_224/ART002-E-14835.jpg,7.140631198883057,15.591109275817871
images_224/ART002-E-14836.jpg,7.136288166046143,15.573906898498535
images_224/ART002-E-14837.jpg,7.1306915283203125,15.572043418884277
images_224/ART002-E-14838.jpg,7.095569610595703,15.536333084106445
images_224/ART002-E-14839.jpg,7.1312689781188965,15.582921028137207
images_224/ART002-E-14840.jpg,9.00920581817627,17.339143753051758
images_224/ART002-E-14841.jpg,8.941635131835938,17.288583755493164
images_224/ART002-E-14842.jpg,7.133279323577881,15.582371711730957
images_224/ART002-E-14843.jpg,7.137772560119629,15.562291145324707
images_224/ART002-E-14844.jpg,7.143677234649658,15.561288833618164
images_224/ART002-E-14845.jpg,7.134633541107178,15.457832336425781
images_224/ART002-E-14846.jpg,7.120870590209961,15.543739318847656
images_224/ART002-E-14847.jpg,9.030532836914062,17.365755081176758
images_224/ART002-E-14848.jpg,7.15850830078125,15.552391052246094
images_224/ART002-E-14849.jpg,7.180578231811523,15.554608345031738
images_224/ART002-E-14850.jpg,7.150074005126953,15.555047035217285
images_224/ART002-E-14851.jpg,7.158538341522217,15.546249389648438
images_224/ART002-E-14852.jpg,7.189469814300537,15.5491304397583
images_224/ART002-E-14853.jpg,7.207070827484131,15.522706985473633
images_224/ART002-E-14854.jpg,9.37775707244873,17.655988693237305
images_224/ART002-E-14855.jpg,9.36746597290039,17.648744583129883
images_224/ART002-E-14856.jpg,7.218879699707031,15.564245223999023
images_224/ART002-E-14857.jpg,7.1798319816589355,15.54787826538086
images_224/ART002-E-14858.jpg,9.364739418029785,17.733070373535156
images_224/ART002-E-14859.jpg,7.234997749328613,15.563630104064941
images_224/ART002-E-14860.jpg,9.26697063446045,17.768495559692383
images_224/ART002-E-14861.jpg,9.412035942077637,17.682701110839844
images_224/ART002-E-14862.jpg,7.237537384033203,15.553383827209473
images_224/ART002-E-14863.jpg,9.462203025817871,17.646320343017578
images_224/ART002-E-14864.jpg,9.375625610351562,17.746395111083984
images_224/ART002-E-14865.jpg,9.440933227539062,17.681074142456055
images_224/ART002-E-14866.jpg,9.435123443603516,17.65899085998535
images_224/ART002-E-14867.jpg,9.492791175842285,17.616878509521484
images_224/ART002-E-14868.jpg,9.437180519104004,17.68423080444336
images_224/ART002-E-14869.jpg,7.363028526306152,15.529646873474121
images_224/ART002-E-14870.jpg,9.435542106628418,17.702903747558594
images_224/ART002-E-14871.jpg,9.44243335723877,17.700468063354492
images_224/ART002-E-14872.jpg,9.447052001953125,17.665136337280273
images_224/ART002-E-14873.jpg,9.389142990112305,17.759262084960938
images_224/ART002-E-14874.jpg,9.307211875915527,17.87779998779297
images_224/ART002-E-14875.jpg,9.136116981506348,18.186676025390625
images_224/ART002-E-14876.jpg,9.352156639099121,17.825632095336914
images_224/ART002-E-14877.jpg,9.287257194519043,17.91719627380371
images_224/ART002-E-14878.jpg,9.2697114944458,17.960081100463867
images_224/ART002-E-14879.jpg,9.271930694580078,17.941364288330078
images_224/ART002-E-14880.jpg,9.154206275939941,18.142988204956055
images_224/ART002-E-14881.jpg,9.110526084899902,18.210250854492188
images_224/ART002-E-14882.jpg,9.143814086914062,18.20326042175293
images_224/ART002-E-14883.jpg,9.101758003234863,18.24222183227539
images_224/ART002-E-14884.jpg,9.103425025939941,18.227914810180664
images_224/ART002-E-14885.jpg,9.085126876831055,18.249404907226562
images_224/ART002-E-14886.jpg,9.107429504394531,18.249696731567383
images_224/ART002-E-14887.jpg,8.685680389404297,19.255809783935547
images_224/ART002-E-14888.jpg,9.11939811706543,18.22115707397461
images_224/ART002-E-14889.jpg,9.101714134216309,18.23984146118164
images_224/ART002-E-14890.jpg,8.911027908325195,19.378385543823242
images_224/ART002-E-14891.jpg,9.031164169311523,18.267793655395508
images_224/ART002-E-14892.jpg,9.096147537231445,18.273038864135742
images_224/ART002-E-14893.jpg,8.998153686523438,18.323528289794922
images_224/ART002-E-14894.jpg,8.605974197387695,19.317569732666016
images_224/ART002-E-14895.jpg,8.370288848876953,19.119361877441406
images_224/ART002-E-14896.jpg,8.874373435974121,18.31049919128418
images_224/ART002-E-14897.jpg,8.597456932067871,18.452619552612305
images_224/ART002-E-14898.jpg,8.18446159362793,19.03854751586914
images_224/ART002-E-14899.jpg,7.795711994171143,19.220355987548828
images_224/ART002-E-14900.jpg,8.393960952758789,18.55716896057129
images_224/ART002-E-14901.jpg,8.471745491027832,18.50043487548828
images_224/ART002-E-14902.jpg,7.883364200592041,19.20125961303711
images_224/ART002-E-14903.jpg,7.796298027038574,19.23138427734375
images_224/ART002-E-14904.jpg,7.9729905128479,19.043155670166016
images_224/ART002-E-14905.jpg,7.781215667724609,19.224201202392578
images_224/ART002-E-14906.jpg,7.7941975593566895,19.228713989257812
images_224/ART002-E-14907.jpg,7.787370681762695,19.21638298034668
images_224/ART002-E-14908.jpg,7.808878421783447,19.24322509765625
images_224/ART002-E-14909.jpg,7.805352210998535,19.16074562072754
images_224/ART002-E-14910.jpg,8.075571060180664,19.010894775390625
images_224/ART002-E-14911.jpg,8.070016860961914,18.93122673034668
images_224/ART002-E-14912.jpg,8.050427436828613,19.072725296020508
images_224/ART002-E-14913.jpg,8.443865776062012,18.444501876831055
images_224/ART002-E-14914.jpg,8.384523391723633,18.540884017944336
images_224/ART002-E-14915.jpg,8.131001472473145,18.961383819580078
images_224/ART002-E-14916.jpg,8.16092586517334,18.981740951538086
images_224/ART002-E-14917.jpg,8.44660472869873,18.44723892211914
images_224/ART002-E-14918.jpg,8.425240516662598,18.465131759643555
images_224/ART002-E-14920.jpg,8.409127235412598,18.475112915039062
images_224/ART002-E-14921.jpg,8.199207305908203,18.9000244140625
images_224/ART002-E-14922.jpg,8.480820655822754,18.449207305908203
images_224/ART002-E-14923.jpg,8.232372283935547,18.90448760986328
images_224/ART002-E-14924.jpg,8.199277877807617,18.938060760498047
images_224/ART002-E-14925.jpg,8.198970794677734,18.901355743408203
images_224/ART002-E-14926.jpg,8.220752716064453,18.893657684326172
images_224/ART002-E-14927.jpg,8.44214916229248,18.440563201904297
images_224/ART002-E-14928.jpg,8.47126579284668,18.41963005065918
images_224/ART002-E-14929.jpg,8.472465515136719,18.414308547973633
images_224/ART002-E-14930.jpg,8.394889831542969,18.492956161499023
images_224/ART002-E-14931.jpg,8.305891990661621,18.550168991088867
images_224/ART002-E-14932.jpg,8.361839294433594,18.51308822631836
images_224/ART002-E-14933.jpg,8.387724876403809,18.490966796875
images_224/ART002-E-14934.jpg,8.332281112670898,18.551437377929688
images_224/ART002-E-14935.jpg,8.12076473236084,18.80722999572754
images_224/ART002-E-14936.jpg,8.361560821533203,18.50537872314453
images_224/ART002-E-14937.jpg,8.234064102172852,18.556564331054688
images_224/ART002-E-14938.jpg,8.01266098022461,18.90377426147461
images_224/ART002-E-14939.jpg,8.065780639648438,18.733264923095703
images_224/ART002-E-14940.jpg,8.010578155517578,18.747129440307617
images_224/ART002-E-14941.jpg,8.006135940551758,18.7034969329834
images_224/ART002-E-14942.jpg,8.335619926452637,18.525028228759766
images_224/ART002-E-14943.jpg,7.907467365264893,18.86956024169922
images_224/ART002-E-14944.jpg,8.111708641052246,18.712316513061523
images_224/ART002-E-14945.jpg,8.311665534973145,18.5548152923584
images_224/ART002-E-14946.jpg,7.994175434112549,18.66284942626953
images_224/ART002-E-14947.jpg,7.9682512283325195,18.646284103393555
images_224/ART002-E-14948.jpg,7.9882049560546875,18.748640060424805
images_224/ART002-E-14949.jpg,7.957180500030518,18.64983558654785
images_224/ART002-E-14950.jpg,7.925796031951904,18.65875816345215
images_224/ART002-E-14951.jpg,7.927643299102783,18.848756790161133
images_224/ART002-E-14952.jpg,7.949610233306885,18.6177978515625
images_224/ART002-E-14953.jpg,7.950346946716309,18.639366149902344
images_224/ART002-E-14954.jpg,7.917727947235107,18.821557998657227
images_224/ART002-E-14955.jpg,7.940455436706543,18.65266990661621
images_224/ART002-E-14956.jpg,7.952766418457031,18.620676040649414
images_224/ART002-E-14957.jpg,7.966717720031738,18.662399291992188
images_224/ART002-E-14958.jpg,7.914048671722412,18.62392234802246
images_224/ART002-E-14959.jpg,7.952116966247559,18.640254974365234
images_224/ART002-E-14960.jpg,7.962962627410889,18.664875030517578
images_224/ART002-E-14961.jpg,7.930428981781006,18.649696350097656
images_224/ART002-E-14962.jpg,7.99890661239624,18.66649055480957
images_224/ART002-E-14963.jpg,7.866674423217773,18.984607696533203
images_224/ART002-E-14964.jpg,8.115687370300293,18.681154251098633
images_224/ART002-E-14965.jpg,7.835232734680176,19.060503005981445
images_224/ART002-E-14966.jpg,8.092718124389648,18.78082847595215
images_224/ART002-E-14967.jpg,7.885941028594971,19.119474411010742
images_224/ART002-E-14968.jpg,8.102039337158203,18.819002151489258
images_224/ART002-E-14969.jpg,8.213656425476074,18.72265625
images_224/ART002-E-14970.jpg,8.475239753723145,18.41315269470215
images_224/ART002-E-14971.jpg,8.462930679321289,18.42871856689453
images_224/ART002-E-14972.jpg,8.477218627929688,18.420169830322266
images_224/ART002-E-14973.jpg,8.473954200744629,18.419904708862305
images_224/ART002-E-14974.jpg,8.37783145904541,18.52093505859375
images_224/ART002-E-14975.jpg,8.29145336151123,18.86333465576172
images_224/ART002-E-14976.jpg,8.16111946105957,18.956178665161133
images_224/ART002-E-14977.jpg,8.410390853881836,18.516794204711914
images_224/ART002-E-14978.jpg,8.316245079040527,19.163251876831055
images_224/ART002-E-14979.jpg,8.537557601928711,19.280288696289062
images_224/ART002-E-14980.jpg,8.515219688415527,19.26726722717285
images_224/ART002-E-14981.jpg,8.458404541015625,19.19322395324707
images_224/ART002-E-14982.jpg,8.929656982421875,18.343172073364258
images_224/ART002-E-14983.jpg,9.036565780639648,18.289920806884766
images_224/ART002-E-14984.jpg,9.050640106201172,18.286760330200195
images_224/ART002-E-14985.jpg,9.052513122558594,18.319780349731445
images_224/ART002-E-14986.jpg,9.072944641113281,18.493349075317383
images_224/ART002-E-14987.jpg,9.128490447998047,19.456693649291992
images_224/ART002-E-14988.jpg,9.234212875366211,19.534706115722656
images_224/ART002-E-14989.jpg,9.154963493347168,19.591480255126953
images_224/ART002-E-14990.jpg,9.274011611938477,19.462568283081055
images_224/ART002-E-14991.jpg,9.269314765930176,19.48739242553711
images_224/ART002-E-14992.jpg,9.273043632507324,19.46564292907715
images_224/ART002-E-14993.jpg,9.289713859558105,19.523252487182617
images_224/ART002-E-14994.jpg,9.343282699584961,19.527618408203125
images_224/ART002-E-14995.jpg,9.328315734863281,19.501781463623047
images_224/ART002-E-14996.jpg,9.762605667114258,18.99271583557129
images_224/ART002-E-14997.jpg,9.633328437805176,19.424236297607422
images_224/ART002-E-14998.jpg,9.410407066345215,19.4785213470459
images_224/ART002-E-14999.jpg,9.79542350769043,19.083887100219727
images_224/ART002-E-15000.jpg,9.358372688293457,19.48101806640625
images_224/ART002-E-15001.jpg,9.829204559326172,19.025238037109375
images_224/ART002-E-15002.jpg,9.796339988708496,19.106752395629883
images_224/ART002-E-15003.jpg,9.353270530700684,19.537090301513672
images_224/ART002-E-15004.jpg,9.809367179870605,19.07414436340332
images_224/ART002-E-15005.jpg,9.814088821411133,19.06784439086914
images_224/ART002-E-15006.jpg,9.796372413635254,19.105329513549805
images_224/ART002-E-15007.jpg,9.474517822265625,19.487937927246094
images_224/ART002-E-15008.jpg,9.811943054199219,19.060136795043945
images_224/ART002-E-15009.jpg,9.665667533874512,19.485153198242188
images_224/ART002-E-15010.jpg,9.81095027923584,19.084232330322266
images_224/ART002-E-15011.jpg,9.70820426940918,19.49746322631836
images_224/ART002-E-15012.jpg,9.768204689025879,19.459501266479492
images_224/ART002-E-15013.jpg,9.834299087524414,19.045629501342773
images_224/ART002-E-15014.jpg,9.81808090209961,19.043170928955078
images_224/ART002-E-15015.jpg,9.80764389038086,19.472126007080078
images_224/ART002-E-15016.jpg,9.8211669921875,19.475086212158203
images_224/ART002-E-15017.jpg,9.812849044799805,19.228797912597656
images_224/ART002-E-15018.jpg,9.79461669921875,19.50218963623047
images_224/ART002-E-15019.jpg,9.786046028137207,19.498998641967773
images_224/ART002-E-15020.jpg,9.815266609191895,19.471923828125
images_224/ART002-E-15021.jpg,9.806180000305176,19.475061416625977
images_224/ART002-E-15022.jpg,9.821524620056152,19.482025146484375
images_224/ART002-E-15023.jpg,9.826614379882812,19.511423110961914
images_224/ART002-E-15024.jpg,9.816231727600098,19.48137092590332
images_224/ART002-E-15025.jpg,9.791425704956055,19.495685577392578
images_224/ART002-E-15026.jpg,9.822612762451172,19.484375
images_224/ART002-E-15027.jpg,9.796867370605469,19.495317459106445
images_224/ART002-E-15028.jpg,9.801597595214844,19.472244262695312
images_224/ART002-E-15029.jpg,9.79195499420166,19.436676025390625
images_224/ART002-E-15030.jpg,9.76799201965332,19.526874542236328
images_224/ART002-E-15031.jpg,9.796163558959961,19.459131240844727
images_224/ART002-E-15032.jpg,9.744044303894043,19.477277755737305
images_224/ART002-E-15033.jpg,9.840415000915527,19.535085678100586
images_224/ART002-E-15034.jpg,9.88914680480957,19.514339447021484
images_224/ART002-E-15035.jpg,9.728865623474121,19.404428482055664
images_224/ART002-E-15036.jpg,9.78019905090332,19.13549041748047
images_224/ART002-E-15037.jpg,9.779955863952637,19.49870491027832
images_224/ART002-E-15038.jpg,9.760050773620605,19.48815155029297
images_224/ART002-E-15039.jpg,9.805071830749512,19.09856414794922
images_224/ART002-E-15040.jpg,9.712312698364258,19.434377670288086
images_224/ART002-E-15041.jpg,9.707343101501465,19.403812408447266
images_224/ART002-E-15042.jpg,9.80587387084961,19.099781036376953
images_224/ART002-E-15043.jpg,9.808810234069824,19.078397750854492
images_224/ART002-E-15044.jpg,9.79269790649414,19.099693298339844
images_224/ART002-E-15045.jpg,9.684311866760254,19.402477264404297
images_224/ART002-E-15046.jpg,9.764812469482422,19.18549919128418
images_224/ART002-E-15047.jpg,9.408740043640137,19.49648094177246
images_224/ART002-E-15048.jpg,9.808650970458984,19.087303161621094
images_224/ART002-E-15049.jpg,9.674422264099121,19.486692428588867
images_224/ART002-E-15050.jpg,9.461060523986816,19.502113342285156
images_224/ART002-E-15051.jpg,9.646018028259277,19.49158477783203
images_224/ART002-E-15052.jpg,9.464337348937988,19.506933212280273
images_224/ART002-E-15053.jpg,9.400264739990234,19.509620666503906
images_224/ART002-E-15054.jpg,9.374652862548828,19.499067306518555
images_224/ART002-E-15055.jpg,9.293156623840332,19.51536750793457
images_224/ART002-E-15056.jpg,9.272078514099121,19.52730941772461
images_224/ART002-E-15057.jpg,9.29316520690918,19.536109924316406
images_224/ART002-E-15058.jpg,9.19240665435791,19.55387306213379
images_224/ART002-E-15059.jpg,9.238840103149414,19.594440460205078
images_224/ART002-E-15060.jpg,9.195343971252441,19.520736694335938
images_224/ART002-E-15061.jpg,9.208165168762207,19.525339126586914
images_224/ART002-E-15062.jpg,9.274385452270508,19.555124282836914
images_224/ART002-E-15063.jpg,9.202860832214355,19.563817977905273
images_224/ART002-E-15064.jpg,9.198662757873535,19.497398376464844
images_224/ART002-E-15065.jpg,9.231306076049805,19.57070541381836
images_224/ART002-E-15066.jpg,9.221845626831055,19.54779624938965
images_224/ART002-E-15067.jpg,9.221550941467285,19.51227378845215
images_224/ART002-E-15068.jpg,9.229251861572266,19.475358963012695
images_224/ART002-E-15069.jpg,9.168536186218262,19.500045776367188
images_224/ART002-E-15070.jpg,9.203757286071777,19.47353172302246
images_224/ART002-E-15071.jpg,9.100238800048828,19.461271286010742
images_224/ART002-E-15072.jpg,9.168123245239258,19.484878540039062
images_224/ART002-E-15073.jpg,9.160347938537598,19.48879623413086
images_224/ART002-E-15074.jpg,9.175085067749023,19.486717224121094
images_224/ART002-E-15075.jpg,9.137320518493652,19.474349975585938
images_224/ART002-E-15076.jpg,8.836746215820312,19.46580696105957
images_224/ART002-E-15077.jpg,7.93871545791626,19.420562744140625
images_224/ART002-E-15078.jpg,8.035523414611816,19.37601089477539
images_224/ART002-E-15079.jpg,7.898987293243408,19.3842716217041
images_224/ART002-E-15080.jpg,7.853450775146484,19.423051834106445
images_224/ART002-E-15081.jpg,7.892899513244629,19.425960540771484
images_224/ART002-E-15082.jpg,7.8603835105896,19.4428653717041
images_224/ART002-E-15083.jpg,7.843540191650391,19.38608741760254
images_224/ART002-E-15084.jpg,7.845470905303955,19.369590759277344
images_224/ART002-E-15085.jpg,7.801877975463867,19.279203414916992
images_224/ART002-E-15086.jpg,7.7702484130859375,19.201698303222656
images_224/ART002-E-15087.jpg,7.763820648193359,19.190038681030273
images_224/ART002-E-15088.jpg,7.8020806312561035,19.269020080566406
images_224/ART002-E-15089.jpg,7.756650447845459,19.06647491455078
images_224/ART002-E-15090.jpg,7.73216438293457,19.076601028442383
images_224/ART002-E-15091.jpg,7.751868724822998,19.09900665283203
images_224/ART002-E-15092.jpg,7.733806133270264,19.280765533447266
images_224/ART002-E-15093.jpg,7.813470840454102,19.224185943603516
images_224/ART002-E-15094.jpg,7.749724864959717,19.144489288330078
images_224/ART002-E-15095.jpg,7.747068405151367,19.096820831298828
images_224/ART002-E-15096.jpg,7.7337212562561035,19.01912498474121
images_224/ART002-E-15097.jpg,7.759477615356445,19.0435791015625
images_224/ART002-E-15098.jpg,7.755798816680908,19.030542373657227
images_224/ART002-E-15099.jpg,7.767243385314941,19.05482292175293
images_224/ART002-E-15100.jpg,7.754673004150391,19.05937385559082
images_224/ART002-E-15101.jpg,7.831320762634277,18.817962646484375
images_224/ART002-E-15102.jpg,7.840188980102539,18.736183166503906
images_224/ART002-E-15103.jpg,7.835517406463623,18.69994354248047
images_224/ART002-E-15104.jpg,7.811091423034668,18.684600830078125
images_224/ART002-E-15105.jpg,7.841386795043945,18.673046112060547
images_224/ART002-E-15106.jpg,7.828770637512207,18.680503845214844
images_224/ART002-E-15107.jpg,7.822124481201172,18.68465232849121
images_224/ART002-E-15108.jpg,7.814067840576172,18.662357330322266
images_224/ART002-E-15109.jpg,7.838459014892578,18.70830726623535
images_224/ART002-E-15110.jpg,7.879266738891602,18.669723510742188
images_224/ART002-E-15111.jpg,7.885892391204834,18.66583251953125
images_224/ART002-E-15112.jpg,7.8338847160339355,18.6903018951416
images_224/ART002-E-15113.jpg,7.887238025665283,18.7423152923584
images_224/ART002-E-15114.jpg,7.9071807861328125,18.756973266601562
images_224/ART002-E-15115.jpg,7.891988277435303,18.956933975219727
images_224/ART002-E-15116.jpg,7.848564624786377,19.01925277709961
images_224/ART002-E-15117.jpg,7.848082065582275,18.76170539855957
images_224/ART002-E-15118.jpg,7.8396124839782715,18.672548294067383
images_224/ART002-E-15119.jpg,7.976113319396973,18.80693817138672
images_224/ART002-E-15120.jpg,8.015894889831543,18.868488311767578
images_224/ART002-E-15121.jpg,8.046211242675781,18.81637191772461
images_224/ART002-E-15122.jpg,8.077104568481445,18.839033126831055
images_224/ART002-E-15123.jpg,8.023771286010742,18.947824478149414
images_224/ART002-E-15124.jpg,8.125834465026855,18.945148468017578
images_224/ART002-E-15125.jpg,8.086281776428223,18.95945167541504
images_224/ART002-E-15126.jpg,8.110600471496582,18.968374252319336
images_224/ART002-E-15127.jpg,8.135587692260742,18.995729446411133
images_224/ART002-E-15128.jpg,8.092222213745117,19.036996841430664
images_224/ART002-E-15129.jpg,7.945347785949707,19.14291763305664
images_224/ART002-E-15130.jpg,7.9857330322265625,19.137941360473633
images_224/ART002-E-15131.jpg,7.912048816680908,19.172000885009766
images_224/ART002-E-15132.jpg,8.014392852783203,19.104049682617188
images_224/ART002-E-15133.jpg,7.906831741333008,19.177202224731445
images_224/ART002-E-15134.jpg,7.989534378051758,19.126367568969727
images_224/ART002-E-15135.jpg,7.933473110198975,19.14542007446289
images_224/ART002-E-15136.jpg,7.928040981292725,19.162961959838867
images_224/ART002-E-15137.jpg,8.006114959716797,19.133161544799805
images_224/ART002-E-15138.jpg,7.976581573486328,19.151277542114258
images_224/ART002-E-15139.jpg,8.106338500976562,19.068265914916992
images_224/ART002-E-15140.jpg,8.132757186889648,19.150346755981445
images_224/ART002-E-15141.jpg,8.19765853881836,19.0865535736084
images_224/ART002-E-15142.jpg,8.143802642822266,19.06157684326172
images_224/ART002-E-15143.jpg,8.328211784362793,19.12309455871582
images_224/ART002-E-15144.jpg,8.280573844909668,19.119525909423828
images_224/ART002-E-15145.jpg,8.475460052490234,19.281265258789062
images_224/ART002-E-15146.jpg,8.366432189941406,19.179126739501953
images_224/ART002-E-15147.jpg,8.398698806762695,19.22086524963379
images_224/ART002-E-15148.jpg,8.430013656616211,19.231719970703125
images_224/ART002-E-15149.jpg,8.505630493164062,19.30254364013672
images_224/ART002-E-15150.jpg,8.467354774475098,19.274789810180664
images_224/ART002-E-15151.jpg,8.592469215393066,19.3483829498291
images_224/ART002-E-15152.jpg,8.566643714904785,19.338991165161133
images_224/ART002-E-15153.jpg,8.579083442687988,19.334447860717773
images_224/ART002-E-15154.jpg,8.570924758911133,19.3525333404541
images_224/ART002-E-15155.jpg,8.637665748596191,19.37932777404785
images_224/ART002-E-15156.jpg,8.676935195922852,19.447160720825195
images_224/ART002-E-15157.jpg,8.649417877197266,19.42351722717285
images_224/ART002-E-15158.jpg,8.641845703125,19.401216506958008
images_224/ART002-E-15159.jpg,8.64780330657959,19.428756713867188
images_224/ART002-E-15160.jpg,8.657336235046387,19.42761993408203
images_224/ART002-E-15161.jpg,8.710623741149902,19.43211555480957
images_224/ART002-E-15162.jpg,8.738980293273926,19.584449768066406
images_224/ART002-E-15163.jpg,8.771086692810059,19.635957717895508
images_224/ART002-E-15164.jpg,8.753089904785156,19.58016014099121
images_224/ART002-E-15165.jpg,8.772695541381836,19.611953735351562
images_224/ART002-E-15166.jpg,8.955323219299316,20.00077247619629
images_224/ART002-E-15167.jpg,8.949189186096191,20.012401580810547
images_224/ART002-E-15168.jpg,8.952912330627441,20.066526412963867
images_224/ART002-E-15169.jpg,8.936232566833496,19.991762161254883
images_224/ART002-E-15170.jpg,8.972203254699707,19.989791870117188
images_224/ART002-E-15171.jpg,8.962718963623047,19.98990249633789
images_224/ART002-E-15172.jpg,8.96507740020752,20.024259567260742
images_224/ART002-E-15173.jpg,8.9761323928833,19.98692512512207
images_224/ART002-E-15174.jpg,8.920421600341797,20.023080825805664
images_224/ART002-E-15175.jpg,8.953594207763672,20.053068161010742
images_224/ART002-E-15176.jpg,8.943592071533203,20.07157325744629
images_224/ART002-E-15177.jpg,8.961299896240234,20.06229591369629
images_224/ART002-E-15178.jpg,8.95496654510498,20.0439510345459
images_224/ART002-E-15179.jpg,8.961435317993164,20.063095092773438
images_224/ART002-E-15180.jpg,9.019705772399902,20.04595184326172
images_224/ART002-E-15181.jpg,8.979485511779785,20.053483963012695
images_224/ART002-E-15182.jpg,8.974446296691895,20.053916931152344
images_224/ART002-E-15183.jpg,8.969488143920898,20.0655517578125
images_224/ART002-E-15184.jpg,8.938370704650879,20.095258712768555
images_224/ART002-E-15185.jpg,9.004356384277344,20.044095993041992
images_224/ART002-E-15186.jpg,8.978019714355469,20.05596351623535
images_224/ART002-E-15187.jpg,8.989492416381836,20.054920196533203
images_224/ART002-E-15188.jpg,9.063494682312012,19.97005271911621
images_224/ART002-E-15189.jpg,9.029419898986816,20.02728843688965
images_224/ART002-E-15190.jpg,8.966252326965332,20.03018569946289
images_224/ART002-E-15191.jpg,9.04975700378418,20.005878448486328
images_224/ART002-E-15192.jpg,9.042019844055176,20.007213592529297
images_224/ART002-E-15193.jpg,8.979118347167969,20.056833267211914
images_224/ART002-E-15194.jpg,9.05644702911377,19.981889724731445
images_224/ART002-E-15195.jpg,9.061760902404785,19.98369026184082
images_224/ART002-E-15196.jpg,9.05387020111084,19.991708755493164
images_224/ART002-E-15197.jpg,9.025851249694824,20.020776748657227
images_224/ART002-E-15198.jpg,9.029281616210938,20.002029418945312
images_224/ART002-E-15199.jpg,9.040667533874512,20.003582000732422
images_224/ART002-E-15200.jpg,9.041194915771484,19.997024536132812
images_224/ART002-E-15201.jpg,9.004497528076172,20.016420364379883
images_224/ART002-E-15202.jpg,9.084558486938477,19.97216796875
images_224/ART002-E-15203.jpg,9.088624000549316,19.945947647094727
images_224/ART002-E-15204.jpg,9.010963439941406,19.961013793945312
images_224/ART002-E-15205.jpg,9.122870445251465,19.948463439941406
images_224/ART002-E-15206.jpg,9.099355697631836,19.934598922729492
images_224/ART002-E-15207.jpg,9.104591369628906,19.92017364501953
images_224/ART002-E-15208.jpg,9.122875213623047,19.909271240234375
images_224/ART002-E-15209.jpg,9.12069320678711,19.900068283081055
images_224/ART002-E-15210.jpg,9.081280708312988,19.935691833496094
images_224/ART002-E-15211.jpg,9.269988059997559,19.52806282043457
images_224/ART002-E-15212.jpg,9.332512855529785,19.48133659362793
images_224/ART002-E-15213.jpg,9.554765701293945,19.257118225097656
images_224/ART002-E-15214.jpg,9.374177932739258,19.534862518310547
images_224/ART002-E-15215.jpg,9.549524307250977,19.31751251220703
images_224/ART002-E-15216.jpg,9.457186698913574,19.412776947021484
images_224/ART002-E-15217.jpg,9.571084022521973,19.34870719909668
images_224/ART002-E-15218.jpg,9.41107177734375,19.471391677856445
images_224/ART002-E-15219.jpg,9.35025405883789,19.488323211669922
images_224/ART002-E-15220.jpg,9.394054412841797,19.503210067749023
images_224/ART002-E-15221.jpg,9.376559257507324,19.556201934814453
images_224/ART002-E-15222.jpg,9.370022773742676,19.54425811767578
images_224/ART002-E-15224.jpg,8.705007553100586,16.132705688476562
images_224/ART002-E-15225.jpg,8.263876914978027,-2.9584875106811523
images_224/ART002-E-15229.jpg,8.229338645935059,-2.952592372894287
images_224/ART002-E-15230.jpg,1.3407634496688843,0.7569227814674377
images_224/ART002-E-15231.jpg,1.3284016847610474,0.774441659450531
images_224/ART002-E-15232.jpg,1.333852767944336,0.7656553983688354
images_224/ART002-E-15233.jpg,1.3307548761367798,0.7697908878326416
images_224/ART002-E-15234.jpg,1.333186388015747,0.7631381154060364
images_224/ART002-E-15235.jpg,1.3362551927566528,0.7624062895774841
images_224/ART002-E-15236.jpg,1.2644426822662354,1.4408137798309326
images_224/ART002-E-15237.jpg,1.2725944519042969,1.4567914009094238
images_224/ART002-E-15238.jpg,1.260500431060791,1.4621902704238892
images_224/ART002-E-15239.jpg,1.2321834564208984,1.3779164552688599
images_224/ART002-E-15240.jpg,1.2476388216018677,1.381264567375183
images_224/ART002-E-15241.jpg,1.2536242008209229,1.4094443321228027
images_224/ART002-E-15242.jpg,1.2559043169021606,1.4221993684768677
images_224/ART002-E-15243.jpg,1.2818082571029663,1.371922492980957
images_224/ART002-E-15244.jpg,1.2574063539505005,1.3997538089752197
images_224/ART002-E-15245.jpg,1.28350830078125,1.4120099544525146
images_224/ART002-E-15246.jpg,1.2600396871566772,1.3552577495574951
images_224/ART002-E-15247.jpg,1.28733491897583,1.348762035369873
images_224/ART002-E-15248.jpg,1.2572498321533203,1.407249927520752
images_224/ART002-E-15249.jpg,1.2650564908981323,1.4267746210098267
images_224/ART002-E-15250.jpg,1.2519559860229492,1.414551019668579
images_224/ART002-E-15251.jpg,1.212602138519287,1.31773841381073
images_224/ART002-E-15252.jpg,1.3170019388198853,0.7860859632492065
images_224/ART002-E-15253.jpg,1.3221381902694702,0.7754336595535278
images_224/ART002-E-15254.jpg,1.3270153999328613,0.7526358962059021
images_224/ART002-E-15255.jpg,1.3224798440933228,0.7760151028633118
images_224/ART002-E-15256.jpg,1.3228949308395386,0.7735445499420166
images_224/ART002-E-15257.jpg,1.3220967054367065,0.7764096856117249
images_224/ART002-E-15258.jpg,1.3224581480026245,0.7744520306587219
images_224/ART002-E-15259.jpg,1.3224176168441772,0.7743303775787354
images_224/ART002-E-15260.jpg,1.3301823139190674,0.7614145278930664
images_224/ART002-E-15261.jpg,1.3210811614990234,0.7744547724723816
images_224/ART002-E-15262.jpg,1.3227688074111938,0.7744105458259583
images_224/ART002-E-15263.jpg,1.3503361940383911,0.7367006540298462
images_224/ART002-E-15264.jpg,1.303701639175415,0.813996434211731
images_224/ART002-E-15265.jpg,1.320099115371704,0.7812254428863525
images_224/ART002-E-15266.jpg,1.325222373008728,0.7705134153366089
images_224/ART002-E-15268.jpg,4.771742343902588,-7.508419990539551
images_224/ART002-E-15269.jpg,6.875355243682861,-4.2450480461120605
images_224/ART002-E-15386.jpg,5.351809978485107,-2.425832748413086
images_224/ART002-E-15387.jpg,5.1807403564453125,-2.778602361679077
images_224/ART002-E-15388.jpg,5.2399001121521,-2.612797498703003
images_224/ART002-E-15389.jpg,5.7581915855407715,-1.8265724182128906
images_224/ART002-E-15390.jpg,7.894298553466797,-2.4614241123199463
images_224/ART002-E-15391.jpg,5.388164043426514,-2.304657220840454
images_224/ART002-E-15392.jpg,4.9978532791137695,-3.445221424102783
images_224/ART002-E-15393.jpg,5.141458988189697,-2.9493319988250732
images_224/ART002-E-15394.jpg,5.778693675994873,-1.8171136379241943
images_224/ART002-E-15395.jpg,7.89387845993042,-2.4759466648101807
images_224/ART002-E-15396.jpg,5.33995246887207,-2.3408327102661133
images_224/ART002-E-15397.jpg,4.987196445465088,-3.4435832500457764
images_224/ART002-E-15398.jpg,5.208008289337158,-2.698338270187378
images_224/ART002-E-15399.jpg,5.767670154571533,-1.8226836919784546
images_224/ART002-E-15400.jpg,7.895758628845215,-2.493258476257324
images_224/ART002-E-15401.jpg,5.350745677947998,-2.354462146759033
images_224/ART002-E-15402.jpg,5.044178009033203,-3.2721354961395264
images_224/ART002-E-15403.jpg,5.231951713562012,-2.68062424659729
images_224/ART002-E-15404.jpg,5.775290489196777,-1.813354730606079
images_224/ART002-E-15405.jpg,7.920300006866455,-2.4802262783050537
images_224/ART002-E-15406.jpg,5.4536213874816895,-2.3955814838409424
images_224/ART002-E-15407.jpg,5.089623928070068,-2.9195268154144287
images_224/ART002-E-15408.jpg,5.22081184387207,-2.689377546310425
images_224/ART002-E-15409.jpg,5.7677483558654785,-1.820768117904663
images_224/ART002-E-15410.jpg,7.955972194671631,-2.5023045539855957
images_224/ART002-E-15411.jpg,5.420952796936035,-2.370347261428833
images_224/ART002-E-15412.jpg,5.22147798538208,-2.731971263885498
images_224/ART002-E-15413.jpg,5.2320451736450195,-2.642021656036377
images_224/ART002-E-15414.jpg,5.767512321472168,-1.8244740962982178
images_224/ART002-E-15415.jpg,7.929505825042725,-2.5026965141296387
images_224/ART002-E-15416.jpg,5.342378616333008,-2.4782440662384033
images_224/ART002-E-15417.jpg,5.212395668029785,-2.758441209793091
images_224/ART002-E-15418.jpg,5.22299861907959,-2.6813652515411377
images_224/ART002-E-15419.jpg,5.789565563201904,-1.797340989112854
images_224/ART002-E-15420.jpg,7.851522445678711,-2.5259459018707275
images_224/ART002-E-15421.jpg,5.328630447387695,-2.321150541305542
images_224/ART002-E-15422.jpg,5.208338737487793,-2.7557661533355713
images_224/ART002-E-15423.jpg,5.225489616394043,-2.648369789123535
images_224/ART002-E-15424.jpg,5.83415412902832,-1.7696123123168945
images_224/ART002-E-15425.jpg,7.864153861999512,-2.4076385498046875
images_224/ART002-E-15426.jpg,5.3129096031188965,-2.327620029449463
images_224/ART002-E-15427.jpg,5.091775417327881,-3.0871307849884033
images_224/ART002-E-15428.jpg,5.221999645233154,-2.652743101119995
images_224/ART002-E-15429.jpg,5.846523761749268,-1.7282668352127075
images_224/ART002-E-15430.jpg,7.853277683258057,-2.406541347503662
images_224/ART002-E-15431.jpg,5.326925277709961,-2.3073089122772217
images_224/ART002-E-15432.jpg,5.201605319976807,-2.7795026302337646
images_224/ART002-E-15433.jpg,5.249166011810303,-2.554982900619507
images_224/ART002-E-15434.jpg,5.917203903198242,-1.6390440464019775
images_224/ART002-E-15435.jpg,7.870630741119385,-2.3554465770721436
images_224/ART002-E-15436.jpg,5.335367202758789,-2.3680474758148193
images_224/ART002-E-15437.jpg,5.201001167297363,-2.7650701999664307
images_224/ART002-E-15438.jpg,5.2130279541015625,-2.6661179065704346
images_224/ART002-E-15439.jpg,5.931830406188965,-1.6569714546203613
images_224/ART002-E-15440.jpg,7.8600544929504395,-2.3677926063537598
images_224/ART002-E-15441.jpg,5.328685283660889,-2.3114068508148193
images_224/ART002-E-15442.jpg,5.195456504821777,-2.7654829025268555
images_224/ART002-E-15443.jpg,5.210196018218994,-2.6853413581848145
images_224/ART002-E-15444.jpg,5.958237171173096,-1.5790528059005737
images_224/ART002-E-15445.jpg,6.963902950286865,-4.142743110656738
images_224/ART002-E-15446.jpg,5.288912773132324,-2.4657998085021973
images_224/ART002-E-15447.jpg,4.742169380187988,-7.544745922088623
images_224/ART002-E-15448.jpg,5.166223049163818,-2.830270290374756
images_224/ART002-E-15449.jpg,5.963900089263916,-1.5690181255340576
images_224/ART002-E-15450.jpg,7.833286762237549,-2.3066627979278564
images_224/ART002-E-15451.jpg,5.321281909942627,-2.3908159732818604
images_224/ART002-E-15452.jpg,4.769300937652588,-7.54609489440918
images_224/ART002-E-15453.jpg,5.1279072761535645,-2.9814770221710205
images_224/ART002-E-15454.jpg,5.959968090057373,-1.5715088844299316
images_224/ART002-E-15455.jpg,7.876431941986084,-2.3623242378234863
images_224/ART002-E-15456.jpg,5.349338531494141,-2.3948752880096436
images_224/ART002-E-15457.jpg,5.689288139343262,-8.069523811340332
images_224/ART002-E-15458.jpg,5.135362148284912,-2.999321222305298
images_224/ART002-E-15459.jpg,5.969359874725342,-1.5569888353347778
images_224/ART002-E-15460.jpg,7.853827953338623,-2.3319318294525146
images_224/ART002-E-15461.jpg,4.686779975891113,-7.284358978271484
images_224/ART002-E-15462.jpg,7.4056854248046875,-9.229792594909668
images_224/ART002-E-15463.jpg,6.5555291175842285,-8.994701385498047
images_224/ART002-E-15464.jpg,4.6562418937683105,-6.036180019378662
images_224/ART002-E-15465.jpg,7.824045181274414,-2.280822515487671
images_224/ART002-E-15466.jpg,5.274682998657227,-2.550748348236084
images_224/ART002-E-15467.jpg,5.635589122772217,-7.978359699249268
images_224/ART002-E-15468.jpg,4.862120151519775,-3.844882011413574
images_224/ART002-E-15469.jpg,5.937341213226318,-1.6066309213638306
images_224/ART002-E-15470.jpg,7.84108829498291,-2.330409049987793
images_224/ART002-E-15471.jpg,5.3317952156066895,-2.3943169116973877
images_224/ART002-E-15472.jpg,4.486679553985596,-7.084466934204102
images_224/ART002-E-15473.jpg,4.956777095794678,-3.5603830814361572
images_224/ART002-E-15474.jpg,5.9595947265625,-1.5809904336929321
images_224/ART002-E-15475.jpg,7.848085880279541,-2.311863422393799
images_224/ART002-E-15476.jpg,5.325900077819824,-2.397859573364258
images_224/ART002-E-15477.jpg,4.651628494262695,-7.317574977874756
images_224/ART002-E-15478.jpg,5.007509231567383,-3.329969882965088
images_224/ART002-E-15479.jpg,5.972022533416748,-1.5660579204559326
images_224/ART002-E-15480.jpg,7.8693060874938965,-2.3481693267822266
images_224/ART002-E-15481.jpg,5.348766803741455,-2.3977420330047607
images_224/ART002-E-15482.jpg,5.889201641082764,-8.638235092163086
images_224/ART002-E-15483.jpg,5.146920680999756,-2.934603214263916
images_224/ART002-E-15484.jpg,5.965067386627197,-1.600512981414795
images_224/ART002-E-15485.jpg,7.844387054443359,-2.320016622543335
images_224/ART002-E-15486.jpg,5.398709297180176,-2.410989999771118
images_224/ART002-E-15487.jpg,4.744205474853516,-8.032231330871582
images_224/ART002-E-15488.jpg,5.1514573097229,-2.911989450454712
images_224/ART002-E-15489.jpg,5.967745780944824,-1.5710076093673706
images_224/ART002-E-15490.jpg,7.850051403045654,-2.308964252471924
images_224/ART002-E-15491.jpg,4.707962989807129,-7.307063102722168
images_224/ART002-E-15492.jpg,4.355044841766357,-6.9449567794799805
images_224/ART002-E-15493.jpg,6.657110691070557,-8.830747604370117
images_224/ART002-E-15494.jpg,5.004166603088379,-3.6796083450317383
images_224/ART002-E-15495.jpg,7.862176895141602,-2.3047776222229004
images_224/ART002-E-15496.jpg,4.828150272369385,-3.8987886905670166
images_224/ART002-E-15497.jpg,5.167556285858154,-7.644262790679932
images_224/ART002-E-15498.jpg,6.272052764892578,-8.790481567382812
images_224/ART002-E-15499.jpg,5.928231239318848,-1.612043023109436
images_224/ART002-E-15500.jpg,7.840018272399902,-2.2657859325408936
images_224/ART002-E-15501.jpg,5.220719337463379,-2.8024628162384033
images_224/ART002-E-15502.jpg,3.2269179821014404,-4.752250671386719
images_224/ART002-E-15503.jpg,7.729254245758057,-9.649274826049805
images_224/ART002-E-15504.jpg,5.850773334503174,-1.7106043100357056
images_224/ART002-E-15505.jpg,7.872421741485596,-2.332213878631592
images_224/ART002-E-15506.jpg,7.979464054107666,-9.392550468444824
images_224/ART002-E-15507.jpg,7.804017543792725,-8.935425758361816
images_224/ART002-E-15508.jpg,8.017759323120117,-9.110479354858398
images_224/ART002-E-15509.jpg,6.764391899108887,-5.601327896118164
images_224/ART002-E-15510.jpg,7.831554889678955,-4.617517948150635
images_224/ART002-E-15511.jpg,4.9634785652160645,-3.6227848529815674
images_224/ART002-E-15512.jpg,3.201965570449829,-4.731194972991943
images_224/ART002-E-15513.jpg,6.677355766296387,-9.1576566696167
images_224/ART002-E-15514.jpg,5.926170349121094,-1.6116667985916138
images_224/ART002-E-15515.jpg,7.822275638580322,-2.26069974899292
images_224/ART002-E-15516.jpg,5.245051383972168,-2.75462007522583
images_224/ART002-E-15517.jpg,3.4203736782073975,-4.953786373138428
images_224/ART002-E-15518.jpg,4.116974353790283,-6.5124053955078125
images_224/ART002-E-15519.jpg,5.935751914978027,-1.5984387397766113
images_224/ART002-E-15520.jpg,7.864948749542236,-2.31518816947937
images_224/ART002-E-15521.jpg,5.329808235168457,-2.4560158252716064
images_224/ART002-E-15522.jpg,4.166384696960449,-6.585113048553467
images_224/ART002-E-15523.jpg,4.738543510437012,-7.646299362182617
images_224/ART002-E-15524.jpg,5.967827796936035,-1.567806601524353
images_224/ART002-E-15525.jpg,7.870509624481201,-2.3390862941741943
images_224/ART002-E-15526.jpg,5.327282905578613,-2.5337026119232178
images_224/ART002-E-15527.jpg,4.652749538421631,-7.239023685455322
images_224/ART002-E-15528.jpg,5.536396503448486,-8.56265640258789
images_224/ART002-E-15529.jpg,5.965216636657715,-1.6024171113967896
images_224/ART002-E-15530.jpg,7.800206661224365,-2.254514694213867
images_224/ART002-E-15531.jpg,5.3499603271484375,-2.4794564247131348
images_224/ART002-E-15532.jpg,6.049221992492676,-8.602789878845215
images_224/ART002-E-15533.jpg,5.841708183288574,-8.622800827026367
images_224/ART002-E-15534.jpg,5.948445796966553,-1.5931109189987183
images_224/ART002-E-15535.jpg,7.839122772216797,-2.290245532989502
images_224/ART002-E-15536.jpg,5.23985481262207,-2.7510135173797607
images_224/ART002-E-15537.jpg,6.163708209991455,-8.763327598571777
images_224/ART002-E-15538.jpg,7.436750888824463,-9.665550231933594
images_224/ART002-E-15539.jpg,5.93463659286499,-1.6042900085449219
images_224/ART002-E-15540.jpg,7.865044116973877,-2.317875623703003
images_224/ART002-E-15541.jpg,5.2724223136901855,-2.7658462524414062
images_224/ART002-E-15542.jpg,4.9446234703063965,-7.511923789978027
images_224/ART002-E-15543.jpg,6.040487766265869,-8.478870391845703
images_224/ART002-E-15544.jpg,5.9117512702941895,-1.6197540760040283
images_224/ART002-E-15545.jpg,7.85700798034668,-2.2810375690460205
images_224/ART002-E-15546.jpg,5.26516056060791,-2.684817314147949
images_224/ART002-E-15547.jpg,3.406766653060913,-4.931594371795654
images_224/ART002-E-15548.jpg,5.411702632904053,-7.796755313873291
images_224/ART002-E-15549.jpg,5.934098243713379,-1.6030421257019043
images_224/ART002-E-15550.jpg,7.851934909820557,-2.3054730892181396
images_224/ART002-E-15551.jpg,5.138790130615234,-3.095224618911743
images_224/ART002-E-15552.jpg,5.626341342926025,-8.278752326965332
images_224/ART002-E-15553.jpg,5.248514652252197,-7.961925983428955
images_224/ART002-E-15554.jpg,5.932424545288086,-1.5992003679275513
images_224/ART002-E-15555.jpg,7.848621845245361,-2.3050060272216797
images_224/ART002-E-15556.jpg,5.32474946975708,-7.840061187744141
images_224/ART002-E-15557.jpg,5.090000152587891,-7.564719200134277
images_224/ART002-E-15558.jpg,6.31051778793335,-8.534523010253906
images_224/ART002-E-15559.jpg,5.1324872970581055,-3.3788559436798096
images_224/ART002-E-15560.jpg,7.776050090789795,-3.0528247356414795
images_224/ART002-E-15561.jpg,4.82326078414917,-3.9286046028137207
images_224/ART002-E-15562.jpg,6.6703009605407715,-8.919068336486816
images_224/ART002-E-15563.jpg,4.731191635131836,-7.693177700042725
images_224/ART002-E-15564.jpg,5.028988838195801,-3.5308754444122314
images_224/ART002-E-15565.jpg,8.07514476776123,-2.9237446784973145
images_224/ART002-E-15566.jpg,4.802141189575195,-3.9998297691345215
images_224/ART002-E-15567.jpg,4.510847091674805,-7.121781826019287
images_224/ART002-E-15568.jpg,6.01378059387207,-8.784788131713867
images_224/ART002-E-15569.jpg,5.006353378295898,-3.5706772804260254
images_224/ART002-E-15570.jpg,8.083552360534668,-2.954063653945923
images_224/ART002-E-15571.jpg,14.49040699005127,-2.3568291664123535
images_224/ART002-E-15572.jpg,3.4842638969421387,11.02480411529541
images_224/ART002-E-15573.jpg,3.4836370944976807,11.025557518005371
images_224/ART002-E-15574.jpg,8.036651611328125,-2.643463373184204
images_224/ART002-E-15575.jpg,8.073515892028809,-2.7931792736053467
images_224/ART002-E-15576.jpg,4.529955863952637,-6.179296493530273
images_224/ART002-E-15577.jpg,4.715775012969971,-7.328794956207275
images_224/ART002-E-15578.jpg,4.437397480010986,-7.038890361785889
images_224/ART002-E-15579.jpg,6.686967849731445,-4.227739334106445
images_224/ART002-E-15580.jpg,8.15116024017334,-2.963859796524048
images_224/ART002-E-15581.jpg,4.846799850463867,-5.22104549407959
images_224/ART002-E-15582.jpg,4.755678176879883,-7.391790390014648
images_224/ART002-E-15583.jpg,6.923177719116211,-9.145256996154785
images_224/ART002-E-15584.jpg,6.6078267097473145,-4.28141975402832
images_224/ART002-E-15585.jpg,7.7446770668029785,-3.197951555252075
images_224/ART002-E-15586.jpg,4.115652561187744,-6.436673164367676
images_224/ART002-E-15587.jpg,5.655068397521973,-8.267163276672363
images_224/ART002-E-15588.jpg,7.43556547164917,-9.043435096740723
images_224/ART002-E-15589.jpg,6.7626190185546875,-4.243362903594971
images_224/ART002-E-15590.jpg,7.756321430206299,-3.277055501937866
images_224/ART002-E-15591.jpg,4.692559719085693,-5.1272196769714355
images_224/ART002-E-15592.jpg,3.344716787338257,-4.861127853393555
images_224/ART002-E-15593.jpg,5.611724853515625,-7.859600067138672
images_224/ART002-E-15594.jpg,6.296935081481934,-3.990835428237915
images_224/ART002-E-15595.jpg,8.061043739318848,-2.9287021160125732
images_224/ART002-E-15596.jpg,4.817664623260498,-3.9673726558685303
images_224/ART002-E-15597.jpg,4.996097087860107,-7.57257604598999
images_224/ART002-E-15598.jpg,4.754744529724121,-7.994120121002197
images_224/ART002-E-15599.jpg,5.109025001525879,-3.441291093826294
images_224/ART002-E-15600.jpg,8.185229301452637,-2.969600200653076
images_224/ART002-E-15601.jpg,4.68496561050415,-4.690512657165527
images_224/ART002-E-15602.jpg,4.8057684898376465,-7.4538140296936035
images_224/ART002-E-15603.jpg,4.886227130889893,-7.900083541870117
images_224/ART002-E-15604.jpg,5.12701940536499,-3.4360859394073486
images_224/ART002-E-15605.jpg,8.149565696716309,-2.9854464530944824
images_224/ART002-E-15606.jpg,4.812730312347412,-3.945131301879883
images_224/ART002-E-15607.jpg,5.801659107208252,-8.326169967651367
images_224/ART002-E-15608.jpg,6.228492259979248,-8.917689323425293
images_224/ART002-E-15609.jpg,5.128546714782715,-3.407754898071289
images_224/ART002-E-15610.jpg,8.215913772583008,-2.9491472244262695
images_224/ART002-E-15611.jpg,4.862513065338135,-3.8498432636260986
images_224/ART002-E-15612.jpg,5.29888391494751,-7.837832450866699
images_224/ART002-E-15613.jpg,5.913280487060547,-8.573179244995117
images_224/ART002-E-15614.jpg,5.163405418395996,-3.3812499046325684
images_224/ART002-E-15615.jpg,8.290159225463867,-2.9717226028442383
images_224/ART002-E-15616.jpg,3.857443332672119,-5.353761672973633
images_224/ART002-E-15617.jpg,4.396330833435059,-7.022406101226807
images_224/ART002-E-15618.jpg,4.740964412689209,-7.565315246582031
images_224/ART002-E-15619.jpg,5.126041412353516,-3.3961520195007324
images_224/ART002-E-15620.jpg,8.248273849487305,-2.994925022125244
images_224/ART002-E-15621.jpg,4.816049098968506,-3.9508464336395264
images_224/ART002-E-15622.jpg,3.2789230346679688,-4.795836925506592
images_224/ART002-E-15623.jpg,5.916996479034424,-8.70068359375
images_224/ART002-E-15624.jpg,5.123154163360596,-3.4275412559509277
images_224/ART002-E-15625.jpg,8.206144332885742,-2.9551985263824463
images_224/ART002-E-15626.jpg,6.199644565582275,-4.901218891143799
images_224/ART002-E-15627.jpg,5.516524314880371,-8.225019454956055
images_224/ART002-E-15628.jpg,6.643837928771973,-5.629153728485107
images_224/ART002-E-15629.jpg,8.062117576599121,-2.7023844718933105
images_224/ART002-E-15630.jpg,7.852249622344971,-2.9790449142456055
images_224/ART002-E-15631.jpg,6.028021335601807,-5.0105109214782715
images_224/ART002-E-15632.jpg,6.636952877044678,-8.818193435668945
images_224/ART002-E-15633.jpg,6.841580390930176,-8.929666519165039
images_224/ART002-E-15634.jpg,5.346415996551514,-3.388394355773926
images_224/ART002-E-15635.jpg,8.134302139282227,-2.9651622772216797
images_224/ART002-E-15636.jpg,4.7603960037231445,-5.165447235107422
images_224/ART002-E-15637.jpg,6.735919952392578,-9.14354133605957
images_224/ART002-E-15638.jpg,7.924970626831055,-8.945300102233887
images_224/ART002-E-15639.jpg,5.894290447235107,-3.3488516807556152
images_224/ART002-E-15640.jpg,8.218046188354492,-2.906968593597412
images_224/ART002-E-15641.jpg,4.714441299438477,-5.098503112792969
images_224/ART002-E-15642.jpg,4.760574817657471,-7.333656311035156
images_224/ART002-E-15643.jpg,5.580775737762451,-7.815747261047363
images_224/ART002-E-15644.jpg,11.207210540771484,-3.9483234882354736
images_224/ART002-E-15645.jpg,8.09122085571289,-2.8947207927703857
images_224/ART002-E-15646.jpg,3.5800352096557617,-5.668859004974365
images_224/ART002-E-15647.jpg,5.5886664390563965,-7.838189125061035
images_224/ART002-E-15648.jpg,4.893855094909668,-7.398919582366943
images_224/ART002-E-15649.jpg,5.919218063354492,-3.417860746383667
images_224/ART002-E-15650.jpg,8.115774154663086,-2.945019006729126
images_224/ART002-E-15651.jpg,6.347400188446045,-4.8009467124938965
images_224/ART002-E-15652.jpg,6.563651084899902,-8.923885345458984
images_224/ART002-E-15653.jpg,6.994760513305664,-4.554051876068115
images_224/ART002-E-15654.jpg,5.8632402420043945,-3.3512632846832275
images_224/ART002-E-15655.jpg,8.205111503601074,-2.980506420135498
images_224/ART002-E-15656.jpg,3.9291374683380127,-5.332212448120117
images_224/ART002-E-15657.jpg,4.876706600189209,-7.440087795257568
images_224/ART002-E-15658.jpg,4.736137866973877,-7.342447757720947
images_224/ART002-E-15659.jpg,5.8433518409729,-3.3564586639404297
images_224/ART002-E-15660.jpg,8.161124229431152,-2.967607259750366
images_224/ART002-E-15661.jpg,4.341315746307373,-5.165378093719482
images_224/ART002-E-15662.jpg,5.659840106964111,-7.858053684234619
images_224/ART002-E-15663.jpg,7.998788833618164,-9.350528717041016
images_224/ART002-E-15664.jpg,5.863349914550781,-3.3562216758728027
images_224/ART002-E-15665.jpg,8.180590629577637,-2.9921417236328125
images_224/ART002-E-15666.jpg,4.236403465270996,-5.0897650718688965
images_224/ART002-E-15667.jpg,5.02929162979126,-7.514237403869629
images_224/ART002-E-15668.jpg,7.3758392333984375,-9.881510734558105
images_224/ART002-E-15669.jpg,5.256602764129639,-3.3624267578125
images_224/ART002-E-15670.jpg,8.209545135498047,-2.979205369949341
images_224/ART002-E-15671.jpg,4.712651252746582,-4.798280239105225
images_224/ART002-E-15672.jpg,7.826318264007568,-8.842041015625
images_224/ART002-E-15673.jpg,7.949230670928955,-8.842406272888184
images_224/ART002-E-15674.jpg,5.821183204650879,-3.356724500656128
images_224/ART002-E-15675.jpg,8.230731964111328,-3.008934497833252
images_224/ART002-E-15676.jpg,4.545632839202881,-5.080604553222656
images_224/ART002-E-15677.jpg,7.546707630157471,-9.909052848815918
images_224/ART002-E-15678.jpg,7.409151077270508,-9.828857421875
images_224/ART002-E-15679.jpg,5.363504886627197,-3.374725103378296
images_224/ART002-E-15680.jpg,8.187986373901367,-2.999192953109741
images_224/ART002-E-15681.jpg,3.7761099338531494,-5.469288349151611
images_224/ART002-E-15682.jpg,4.570617198944092,-7.1803998947143555
images_224/ART002-E-15683.jpg,4.995334625244141,-7.458887100219727
images_224/ART002-E-15684.jpg,5.873311996459961,-3.3610126972198486
images_224/ART002-E-15685.jpg,8.176121711730957,-3.0147907733917236
images_224/ART002-E-15686.jpg,3.740394115447998,-5.3297858238220215
images_224/ART002-E-15687.jpg,3.515552282333374,-5.092456340789795
images_224/ART002-E-15688.jpg,5.831692218780518,-8.567184448242188
images_224/ART002-E-15689.jpg,5.865825176239014,-3.3498623371124268
images_224/ART002-E-15690.jpg,8.174945831298828,-3.0223793983459473
images_224/ART002-E-15691.jpg,4.243743896484375,-5.082220554351807
images_224/ART002-E-15692.jpg,6.1541900634765625,-8.660110473632812
images_224/ART002-E-15693.jpg,5.039997577667236,-7.505608558654785
images_224/ART002-E-15694.jpg,5.857675552368164,-3.353748083114624
images_224/ART002-E-15695.jpg,8.185961723327637,-2.996351480484009
images_224/ART002-E-15696.jpg,4.414302349090576,-4.991549968719482
images_224/ART002-E-15697.jpg,5.677055835723877,-7.8303704261779785
images_224/ART002-E-15698.jpg,7.685692310333252,-9.138456344604492
images_224/ART002-E-15699.jpg,5.867297172546387,-3.3438777923583984
images_224/ART002-E-15700.jpg,8.181469917297363,-2.9924590587615967
images_224/ART002-E-15701.jpg,4.617478370666504,-4.826231479644775
images_224/ART002-E-15702.jpg,4.5091352462768555,-7.1155686378479
images_224/ART002-E-15703.jpg,5.0162153244018555,-7.443464279174805
images_224/ART002-E-15704.jpg,5.869709014892578,-3.358146905899048
images_224/ART002-E-15705.jpg,8.18684196472168,-3.0197291374206543
images_224/ART002-E-15706.jpg,3.9702250957489014,-5.264500617980957
images_224/ART002-E-15707.jpg,6.632726669311523,-8.956277847290039
images_224/ART002-E-15708.jpg,4.719393253326416,-7.305454730987549
images_224/ART002-E-15709.jpg,5.863846302032471,-3.3470890522003174
images_224/ART002-E-15710.jpg,8.203112602233887,-3.0326011180877686
images_224/ART002-E-15711.jpg,3.82338547706604,-5.363053321838379
images_224/ART002-E-15712.jpg,5.061493396759033,-7.5619707107543945
images_224/ART002-E-15713.jpg,4.799750804901123,-7.341309547424316
images_224/ART002-E-15714.jpg,5.867976665496826,-3.358206272125244
images_224/ART002-E-15715.jpg,8.185699462890625,-2.9849166870117188
images_224/ART002-E-15716.jpg,3.8824024200439453,-5.328071594238281
images_224/ART002-E-15717.jpg,4.755584239959717,-7.345804214477539
images_224/ART002-E-15718.jpg,5.031095027923584,-7.504226207733154
images_224/ART002-E-15719.jpg,5.760875225067139,-3.3538005352020264
images_224/ART002-E-15720.jpg,8.190232276916504,-3.0203235149383545
images_224/ART002-E-15721.jpg,5.2084527015686035,-8.436617851257324
images_224/ART002-E-15722.jpg,6.67115592956543,-8.929558753967285
images_224/ART002-E-15723.jpg,7.384289264678955,-9.137615203857422
images_224/ART002-E-15724.jpg,5.840816974639893,-3.4184951782226562
images_224/ART002-E-15725.jpg,8.177734375,-3.0132312774658203
images_224/ART002-E-15726.jpg,3.412823438644409,-4.935211658477783
images_224/ART002-E-15727.jpg,4.850411891937256,-7.381453990936279
images_224/ART002-E-15728.jpg,6.876924991607666,-9.012081146240234
images_224/ART002-E-15729.jpg,5.857152938842773,-3.3518381118774414
images_224/ART002-E-15730.jpg,8.099509239196777,-2.934018611907959
images_224/ART002-E-15731.jpg,4.685596466064453,-5.010339736938477
images_224/ART002-E-15732.jpg,6.627622127532959,-9.21227741241455
images_224/ART002-E-15733.jpg,6.685372829437256,-8.887359619140625
images_224/ART002-E-15734.jpg,5.884436130523682,-3.3526248931884766
images_224/ART002-E-15735.jpg,8.191280364990234,-3.0384082794189453
images_224/ART002-E-15736.jpg,3.835465669631958,-5.470586776733398
images_224/ART002-E-15737.jpg,6.289628505706787,-8.381617546081543
images_224/ART002-E-15738.jpg,7.0583720207214355,-9.133686065673828
images_224/ART002-E-15739.jpg,5.873344421386719,-3.36275315284729
images_224/ART002-E-15740.jpg,8.020435333251953,-2.908261775970459
images_224/ART002-E-15741.jpg,4.2013349533081055,-5.0866594314575195
images_224/ART002-E-15742.jpg,6.091439723968506,-8.649041175842285
images_224/ART002-E-15743.jpg,6.027696132659912,-8.689105987548828
images_224/ART002-E-15744.jpg,5.859408855438232,-3.3520987033843994
images_224/ART002-E-15745.jpg,8.158090591430664,-3.052879571914673
images_224/ART002-E-15746.jpg,5.52558708190918,-8.289263725280762
images_224/ART002-E-15747.jpg,4.723000526428223,-7.3292555809021
images_224/ART002-E-15748.jpg,6.188320636749268,-8.677495002746582
images_224/ART002-E-15749.jpg,6.874195098876953,-4.338715076446533
images_224/ART002-E-15750.jpg,7.432905197143555,-3.263502359390259
images_224/ART002-E-15751.jpg,4.774792671203613,-4.989315509796143
images_224/ART002-E-15752.jpg,4.461827754974365,-7.065224647521973
images_224/ART002-E-15753.jpg,5.365255355834961,-7.709961414337158
images_224/ART002-E-15754.jpg,5.214262962341309,-3.4292967319488525
images_224/ART002-E-15755.jpg,7.907741069793701,-2.7348663806915283
images_224/ART002-E-15756.jpg,4.141663551330566,-5.129469871520996
images_224/ART002-E-15757.jpg,5.902233123779297,-8.572220802307129
images_224/ART002-E-15758.jpg,4.694943428039551,-7.299393653869629
images_224/ART002-E-15759.jpg,10.812629699707031,-4.306123733520508
images_224/ART002-E-15760.jpg,8.149794578552246,-2.842456102371216
images_224/ART002-E-15761.jpg,4.539061546325684,-6.248700141906738
images_224/ART002-E-15762.jpg,3.4275476932525635,-4.9591264724731445
images_224/ART002-E-15763.jpg,5.318242073059082,-7.878481388092041
images_224/ART002-E-15764.jpg,6.864260196685791,-4.207942485809326
images_224/ART002-E-15765.jpg,7.452573776245117,-3.2201123237609863
images_224/ART002-E-15766.jpg,6.398743629455566,-8.861564636230469
images_224/ART002-E-15767.jpg,5.655779838562012,-7.967485427856445
images_224/ART002-E-15768.jpg,6.179956912994385,-8.929314613342285
images_224/ART002-E-15769.jpg,7.011795520782471,-4.139829635620117
images_224/ART002-E-15770.jpg,7.830831050872803,-2.939549207687378
images_224/ART002-E-15771.jpg,4.740781784057617,-7.305153846740723
images_224/ART002-E-15772.jpg,5.8080244064331055,-8.519326210021973
images_224/ART002-E-15773.jpg,5.087024688720703,-7.649710655212402
images_224/ART002-E-15774.jpg,6.9007744789123535,-4.121596813201904
images_224/ART002-E-15775.jpg,7.966193675994873,-2.713555335998535
images_224/ART002-E-15776.jpg,4.666392803192139,-7.230551242828369
images_224/ART002-E-15777.jpg,3.4490668773651123,-4.989559650421143
images_224/ART002-E-15778.jpg,4.824152946472168,-7.46267557144165
images_224/ART002-E-15779.jpg,7.210798263549805,-4.550066947937012
images_224/ART002-E-15780.jpg,8.034199714660645,-2.703930139541626
images_224/ART002-E-15781.jpg,5.11929178237915,-7.6945695877075195
images_224/ART002-E-15782.jpg,4.8348894119262695,-7.46562385559082
images_224/ART002-E-15783.jpg,6.491305828094482,-8.569622039794922
images_224/ART002-E-15784.jpg,7.193813323974609,-4.545260429382324
images_224/ART002-E-15785.jpg,8.02978515625,-2.741398811340332
images_224/ART002-E-15786.jpg,4.618056774139404,-7.161172866821289
images_224/ART002-E-15787.jpg,5.205597877502441,-7.99875020980835
images_224/ART002-E-15788.jpg,6.2130022048950195,-8.555877685546875
images_224/ART002-E-15789.jpg,7.188661098480225,-4.553486347198486
images_224/ART002-E-15790.jpg,8.015755653381348,-2.710620641708374
images_224/ART002-E-15791.jpg,4.972869396209717,-7.565293788909912
images_224/ART002-E-15792.jpg,5.627928733825684,-7.81076192855835
images_224/ART002-E-15793.jpg,6.0712890625,-8.835335731506348
images_224/ART002-E-15794.jpg,6.91699743270874,-4.638359546661377
images_224/ART002-E-15795.jpg,8.063023567199707,-2.7577528953552246
images_224/ART002-E-15796.jpg,4.549711227416992,-6.340317726135254
images_224/ART002-E-15797.jpg,5.658839225769043,-8.24055290222168
images_224/ART002-E-15798.jpg,7.088558197021484,-9.213756561279297
images_224/ART002-E-15799.jpg,6.938182830810547,-4.292844772338867
images_224/ART002-E-15800.jpg,7.445727825164795,-3.201809883117676
images_224/ART002-E-15801.jpg,4.652635097503662,-6.880956172943115
images_224/ART002-E-15802.jpg,4.49913215637207,-7.1063456535339355
images_224/ART002-E-15803.jpg,5.71955680847168,-8.177474021911621
images_224/ART002-E-15804.jpg,6.899064540863037,-4.1385908126831055
images_224/ART002-E-15805.jpg,7.445186614990234,-3.192613363265991
images_224/ART002-E-15806.jpg,4.629931449890137,-6.4209465980529785
images_224/ART002-E-15807.jpg,4.87321662902832,-7.519848346710205
images_224/ART002-E-15808.jpg,6.980965614318848,-9.071168899536133
images_224/ART002-E-15809.jpg,6.851268291473389,-4.189817428588867
images_224/ART002-E-15810.jpg,7.456573009490967,-3.195862054824829
images_224/ART002-E-15811.jpg,4.538492679595947,-6.26047945022583
images_224/ART002-E-15812.jpg,5.3411359786987305,-8.088794708251953
images_224/ART002-E-15813.jpg,6.367687702178955,-8.533641815185547
images_224/ART002-E-15814.jpg,6.860786437988281,-4.170165061950684
images_224/ART002-E-15815.jpg,7.450066566467285,-3.205521583557129
images_224/ART002-E-15816.jpg,4.537200927734375,-6.261717319488525
images_224/ART002-E-15817.jpg,4.122880935668945,-6.473644733428955
images_224/ART002-E-15818.jpg,4.592727184295654,-7.196878433227539
images_224/ART002-E-15819.jpg,6.806800365447998,-4.154450416564941
images_224/ART002-E-15820.jpg,7.454347610473633,-3.1910297870635986
images_224/ART002-E-15821.jpg,7.022557735443115,-5.503173828125
images_224/ART002-E-15822.jpg,7.150884628295898,-9.22315502166748
images_224/ART002-E-15823.jpg,7.420207500457764,-9.699369430541992
images_224/ART002-E-15824.jpg,6.885823726654053,-4.244357585906982
images_224/ART002-E-15825.jpg,7.451633930206299,-3.201497793197632
images_224/ART002-E-15826.jpg,7.030234336853027,-5.485382556915283
images_224/ART002-E-15827.jpg,7.865661144256592,-8.869574546813965
images_224/ART002-E-15828.jpg,8.03958511352539,-9.069876670837402
images_224/ART002-E-15829.jpg,6.8590474128723145,-4.169451713562012
images_224/ART002-E-15830.jpg,7.446755409240723,-3.2031373977661133
images_224/ART002-E-15831.jpg,4.549627304077148,-6.154164791107178
images_224/ART002-E-15832.jpg,4.1089186668396,-6.457365036010742
images_224/ART002-E-15833.jpg,5.229211330413818,-7.9959282875061035
images_224/ART002-E-15834.jpg,6.8846235275268555,-4.152914524078369
images_224/ART002-E-15835.jpg,7.455221652984619,-3.2354118824005127
images_224/ART002-E-15836.jpg,7.45182991027832,-9.508468627929688
images_224/ART002-E-15837.jpg,6.7189812660217285,-8.862750053405762
images_224/ART002-E-15838.jpg,6.707777976989746,-9.03648853302002
images_224/ART002-E-15839.jpg,7.245194435119629,-4.572383403778076
images_224/ART002-E-15840.jpg,11.951773643493652,-5.028900623321533
images_224/ART002-E-15841.jpg,5.512245178222656,-7.963228702545166
images_224/ART002-E-15842.jpg,6.194027423858643,-8.5067777633667
images_224/ART002-E-15843.jpg,6.883993625640869,-9.158247947692871
images_224/ART002-E-15844.jpg,7.307684421539307,-4.493655681610107
images_224/ART002-E-15845.jpg,12.108742713928223,-4.946610450744629
images_224/ART002-E-15846.jpg,3.524630546569824,-5.681142807006836
images_224/ART002-E-15847.jpg,5.368524074554443,-7.906891822814941
images_224/ART002-E-15848.jpg,4.838443279266357,-7.529862880706787
images_224/ART002-E-15849.jpg,10.868659973144531,-4.236299991607666
images_224/ART002-E-15850.jpg,11.8793363571167,-5.315557479858398
images_224/ART002-E-15851.jpg,6.985983848571777,-4.545895576477051
images_224/ART002-E-15852.jpg,4.51425838470459,-7.1185712814331055
images_224/ART002-E-15853.jpg,4.95496129989624,-7.464415550231934
images_224/ART002-E-15854.jpg,11.799060821533203,-5.048502445220947
images_224/ART002-E-15855.jpg,12.026497840881348,-6.0893096923828125
images_224/ART002-E-15856.jpg,7.548642158508301,-4.967784881591797
images_224/ART002-E-15857.jpg,5.401754379272461,-7.885166168212891
images_224/ART002-E-15858.jpg,5.585466384887695,-8.279057502746582
images_224/ART002-E-15859.jpg,11.842574119567871,-5.082357883453369
images_224/ART002-E-15860.jpg,11.993639945983887,-5.983104705810547
images_224/ART002-E-15861.jpg,7.100498199462891,-4.627071380615234
images_224/ART002-E-15862.jpg,6.950912952423096,-9.194178581237793
images_224/ART002-E-15863.jpg,5.6219048500061035,-8.271883010864258
images_224/ART002-E-15864.jpg,11.823092460632324,-5.123690128326416
images_224/ART002-E-15865.jpg,11.966115951538086,-6.113177299499512
images_224/ART002-E-15866.jpg,4.580576419830322,-6.241583824157715
images_224/ART002-E-15867.jpg,5.449991226196289,-8.13312816619873
images_224/ART002-E-15868.jpg,5.347147464752197,-7.79860782623291
images_224/ART002-E-15869.jpg,7.355400562286377,-4.497150897979736
images_224/ART002-E-15870.jpg,10.896410942077637,-4.583065032958984
images_224/ART002-E-15871.jpg,7.178999423980713,-4.541986465454102
images_224/ART002-E-15872.jpg,5.8370490074157715,-8.684852600097656
images_224/ART002-E-15873.jpg,4.564884185791016,-7.14810848236084
images_224/ART002-E-15874.jpg,7.351161956787109,-4.556241512298584
images_224/ART002-E-15875.jpg,10.953414916992188,-4.5046210289001465
images_224/ART002-E-15876.jpg,11.123556137084961,-4.75679349899292
images_224/ART002-E-15877.jpg,7.324490070343018,-4.545605182647705
images_224/ART002-E-15878.jpg,7.357117652893066,-4.545871257781982
images_224/ART002-E-15879.jpg,11.822248458862305,-5.123902320861816
images_224/ART002-E-15880.jpg,11.876754760742188,-5.222920894622803
images_224/ART002-E-15881.jpg,11.118999481201172,-4.738710880279541
images_224/ART002-E-15882.jpg,7.442845344543457,-4.744200706481934
images_224/ART002-E-15883.jpg,7.330564022064209,-4.557016849517822
images_224/ART002-E-15884.jpg,11.654930114746094,-5.115634441375732
images_224/ART002-E-15885.jpg,11.832392692565918,-5.220482349395752
images_224/ART002-E-15886.jpg,11.127944946289062,-4.759079456329346
images_224/ART002-E-15887.jpg,7.482358455657959,-4.840160369873047
images_224/ART002-E-15888.jpg,7.317568302154541,-4.546097755432129
images_224/ART002-E-15889.jpg,11.668877601623535,-5.106740474700928
images_224/ART002-E-15890.jpg,11.85051441192627,-5.229794979095459
images_224/ART002-E-15891.jpg,11.141653060913086,-4.801284313201904
images_224/ART002-E-15892.jpg,7.310904502868652,-4.607564449310303
images_224/ART002-E-15893.jpg,7.3730292320251465,-4.5380706787109375
images_224/ART002-E-15894.jpg,11.574076652526855,-5.082982063293457
images_224/ART002-E-15895.jpg,11.833982467651367,-5.260942459106445
images_224/ART002-E-15896.jpg,11.343911170959473,-4.94388484954834
images_224/ART002-E-15897.jpg,10.963154792785645,-4.654453754425049
images_224/ART002-E-15898.jpg,10.863649368286133,-4.575740337371826
images_224/ART002-E-15899.jpg,11.826234817504883,-5.188356399536133
images_224/ART002-E-15900.jpg,11.890087127685547,-5.314034938812256
images_224/ART002-E-15901.jpg,11.388748168945312,-4.970789432525635
images_224/ART002-E-15902.jpg,11.883923530578613,-5.372274875640869
images_224/ART002-E-15903.jpg,11.646249771118164,-5.0857253074646
images_224/ART002-E-15904.jpg,11.826004028320312,-5.207571029663086
images_224/ART002-E-15905.jpg,11.99571418762207,-6.055129528045654
images_224/ART002-E-15906.jpg,11.98615837097168,-6.111411094665527
images_224/ART002-E-15907.jpg,11.981201171875,-6.109620571136475
images_224/ART002-E-15908.jpg,11.821529388427734,-5.19854736328125
images_224/ART002-E-15909.jpg,11.871705055236816,-5.319023132324219
images_224/ART002-E-15910.jpg,11.987417221069336,-6.110533714294434
images_224/ART002-E-15911.jpg,11.9876070022583,-6.108036041259766
images_224/ART002-E-15912.jpg,11.984443664550781,-6.023341178894043
images_224/ART002-E-15913.jpg,11.827786445617676,-5.195536136627197
images_224/ART002-E-15914.jpg,11.875226974487305,-5.34085750579834
images_224/ART002-E-15915.jpg,11.982715606689453,-6.120208740234375
images_224/ART002-E-15916.jpg,11.981892585754395,-6.120362758636475
images_224/ART002-E-15917.jpg,11.988759994506836,-6.049047470092773
images_224/ART002-E-15918.jpg,11.848413467407227,-5.2432966232299805
images_224/ART002-E-15919.jpg,11.877045631408691,-5.329157829284668
images_224/ART002-E-15920.jpg,11.981247901916504,-6.114587306976318
images_224/ART002-E-15921.jpg,11.980403900146484,-6.121844291687012
images_224/ART002-E-15922.jpg,10.267596244812012,-4.49384880065918
images_224/ART002-E-15923.jpg,4.114265441894531,-6.3943305015563965
images_224/ART002-E-15924.jpg,7.582127094268799,-5.111103534698486
images_224/ART002-E-15925.jpg,10.368255615234375,-4.387843608856201
images_224/ART002-E-15926.jpg,10.363128662109375,-4.391695022583008
images_224/ART002-E-15927.jpg,6.851711750030518,-8.416563034057617
images_224/ART002-E-15928.jpg,4.923687934875488,-7.4513258934021
images_224/ART002-E-15929.jpg,5.789461135864258,-7.80025053024292
images_224/ART002-E-15930.jpg,7.351253986358643,-5.018679141998291
images_224/ART002-E-15931.jpg,11.212456703186035,-4.947430610656738
images_224/ART002-E-15932.jpg,7.131704807281494,-8.463147163391113
images_224/ART002-E-15933.jpg,5.510001182556152,-8.170897483825684
images_224/ART002-E-15934.jpg,6.970787048339844,-8.35113525390625
images_224/ART002-E-15935.jpg,7.660428524017334,-5.023322582244873
images_224/ART002-E-15936.jpg,11.14555835723877,-4.90182638168335
images_224/ART002-E-15937.jpg,7.097536563873291,-8.425451278686523
images_224/ART002-E-15938.jpg,5.5988287925720215,-8.192352294921875
images_224/ART002-E-15939.jpg,6.986159801483154,-8.354081153869629
images_224/ART002-E-15940.jpg,7.584048271179199,-5.016806602478027
images_224/ART002-E-15941.jpg,11.202445983886719,-4.905765533447266
images_224/ART002-E-15942.jpg,7.6589860916137695,-5.0052490234375
images_224/ART002-E-15943.jpg,6.900102138519287,-8.364126205444336
images_224/ART002-E-15944.jpg,6.843759059906006,-8.40700626373291
images_224/ART002-E-15945.jpg,11.407702445983887,-4.954548358917236
images_224/ART002-E-15946.jpg,11.795851707458496,-5.055022239685059
images_224/ART002-E-15947.jpg,11.182929992675781,-4.9403605461120605
images_224/ART002-E-15948.jpg,7.1673407554626465,-8.480584144592285
images_224/ART002-E-15949.jpg,7.655543327331543,-4.984264373779297
images_224/ART002-E-15950.jpg,11.362383842468262,-5.0040178298950195
images_224/ART002-E-15951.jpg,11.720880508422852,-5.25415563583374
images_224/ART002-E-15952.jpg,11.218393325805664,-4.934969902038574
images_224/ART002-E-15953.jpg,7.072963714599609,-8.411052703857422
images_224/ART002-E-15954.jpg,7.606327056884766,-5.003652572631836
images_224/ART002-E-15955.jpg,11.426971435546875,-5.034031391143799
images_224/ART002-E-15956.jpg,11.767752647399902,-5.171242713928223
images_224/ART002-E-15957.jpg,11.463010787963867,-5.038137912750244
images_224/ART002-E-15958.jpg,7.677169322967529,-5.00615119934082
images_224/ART002-E-15959.jpg,11.12338924407959,-4.938131332397461
images_224/ART002-E-15960.jpg,11.807280540466309,-5.230101108551025
images_224/ART002-E-15961.jpg,11.959580421447754,-6.10882043838501
images_224/ART002-E-15962.jpg,11.46558952331543,-5.049448490142822
images_224/ART002-E-15963.jpg,11.926270484924316,-6.171353340148926
images_224/ART002-E-15964.jpg,11.98713493347168,-6.095133304595947
images_224/ART002-E-15965.jpg,11.983062744140625,-6.116927623748779
images_224/ART002-E-15966.jpg,11.981225967407227,-6.115047931671143
images_224/ART002-E-15967.jpg,11.950764656066895,-6.123889923095703
images_224/ART002-E-15968.jpg,11.72356128692627,-5.10976505279541
images_224/ART002-E-15969.jpg,11.875568389892578,-5.310500144958496
images_224/ART002-E-15970.jpg,12.040725708007812,-6.034532070159912
images_224/ART002-E-15971.jpg,11.987324714660645,-6.1067214012146
images_224/ART002-E-15972.jpg,11.881887435913086,-5.296821594238281
images_224/ART002-E-15973.jpg,11.267436981201172,-4.968407154083252
images_224/ART002-E-15974.jpg,11.622780799865723,-5.099608421325684
images_224/ART002-E-15975.jpg,11.959393501281738,-6.127974987030029
images_224/ART002-E-15976.jpg,11.987807273864746,-6.1044158935546875
images_224/ART002-E-15977.jpg,11.863162994384766,-5.304833889007568
images_224/ART002-E-15978.jpg,11.254019737243652,-4.948575496673584
images_224/ART002-E-15979.jpg,11.555929183959961,-5.08123254776001
images_224/ART002-E-15980.jpg,11.974761009216309,-6.11400842666626
images_224/ART002-E-15981.jpg,11.995109558105469,-6.0794501304626465
images_224/ART002-E-15982.jpg,11.845305442810059,-5.285677433013916
images_224/ART002-E-15983.jpg,11.253364562988281,-4.971663951873779
images_224/ART002-E-15984.jpg,11.5095796585083,-5.058272361755371
images_224/ART002-E-15985.jpg,11.965529441833496,-6.123999118804932
images_224/ART002-E-15986.jpg,11.981118202209473,-6.10768985748291
images_224/ART002-E-15987.jpg,11.806927680969238,-5.259302616119385
images_224/ART002-E-15988.jpg,11.256550788879395,-5.001176834106445
images_224/ART002-E-15989.jpg,11.585359573364258,-5.086603164672852
images_224/ART002-E-15990.jpg,11.939423561096191,-6.148559093475342
images_224/ART002-E-15991.jpg,11.960701942443848,-6.113063812255859
images_224/ART002-E-15992.jpg,11.695348739624023,-5.145832538604736
images_224/ART002-E-15993.jpg,11.225186347961426,-4.941118240356445
images_224/ART002-E-15994.jpg,11.504043579101562,-5.062015056610107
images_224/ART002-E-15995.jpg,11.86453628540039,-5.325214862823486
images_224/ART002-E-15996.jpg,11.991531372070312,-6.079845905303955
images_224/ART002-E-15997.jpg,11.731498718261719,-5.143127918243408
images_224/ART002-E-15998.jpg,11.19447135925293,-4.933891773223877
images_224/ART002-E-15999.jpg,11.452263832092285,-5.025627613067627
images_224/ART002-E-16000.jpg,11.888228416442871,-5.313009262084961
images_224/ART002-E-16001.jpg,11.976494789123535,-6.115663528442383
images_224/ART002-E-16002.jpg,12.418770790100098,-4.7561726570129395
images_224/ART002-E-16003.jpg,12.426786422729492,-4.736689567565918
images_224/ART002-E-16004.jpg,12.445731163024902,-4.713805198669434
images_224/ART002-E-16005.jpg,12.224836349487305,-4.895567417144775
images_224/ART002-E-16006.jpg,12.11119556427002,-4.954873561859131
images_224/ART002-E-16007.jpg,12.394062995910645,-4.776182651519775
images_224/ART002-E-16008.jpg,12.458333015441895,-4.670111656188965
images_224/ART002-E-16009.jpg,12.43533992767334,-4.726508617401123
images_224/ART002-E-16010.jpg,12.242984771728516,-4.886812210083008
images_224/ART002-E-16011.jpg,12.179590225219727,-4.942027568817139
images_224/ART002-E-16012.jpg,12.41569709777832,-4.7486066818237305
images_224/ART002-E-16013.jpg,12.442816734313965,-4.707911491394043
images_224/ART002-E-16014.jpg,12.464786529541016,-4.702718257904053
images_224/ART002-E-16015.jpg,12.221134185791016,-4.906407356262207
images_224/ART002-E-16016.jpg,12.1576566696167,-4.96122407913208
images_224/ART002-E-16017.jpg,12.427355766296387,-4.738024711608887
images_224/ART002-E-16018.jpg,12.443696975708008,-4.709632873535156
images_224/ART002-E-16019.jpg,12.44490909576416,-4.71129846572876
images_224/ART002-E-16020.jpg,12.275433540344238,-4.874821186065674
images_224/ART002-E-16021.jpg,12.185790061950684,-4.928918361663818
images_224/ART002-E-16022.jpg,12.433690071105957,-4.729426383972168
images_224/ART002-E-16023.jpg,12.44725227355957,-4.706238746643066
images_224/ART002-E-16024.jpg,12.442319869995117,-4.711397171020508
images_224/ART002-E-16025.jpg,12.288180351257324,-4.855929851531982
images_224/ART002-E-16026.jpg,12.255006790161133,-4.879161357879639
images_224/ART002-E-16027.jpg,12.38144588470459,-4.781559467315674
images_224/ART002-E-16028.jpg,12.434134483337402,-4.6994218826293945
images_224/ART002-E-16029.jpg,12.447254180908203,-4.702780246734619
images_224/ART002-E-16030.jpg,12.25610065460205,-4.880513668060303
images_224/ART002-E-16031.jpg,12.181572914123535,-4.943872928619385
images_224/ART002-E-16032.jpg,5.318011283874512,-2.2581589221954346
images_224/ART002-E-16033.jpg,5.313210487365723,-2.340059995651245
images_224/ART002-E-16034.jpg,5.326067924499512,-2.27087140083313
images_224/ART002-E-16035.jpg,5.3359880447387695,-2.2398297786712646
images_224/ART002-E-16036.jpg,5.705552101135254,-1.865697979927063
images_224/ART002-E-16037.jpg,5.313521862030029,-2.2643840312957764
images_224/ART002-E-16038.jpg,5.270892143249512,-2.4979000091552734
images_224/ART002-E-16039.jpg,5.30491828918457,-2.253206968307495
images_224/ART002-E-16040.jpg,5.378446102142334,-2.18691086769104
images_224/ART002-E-16041.jpg,5.701180934906006,-1.90225088596344
images_224/ART002-E-16042.jpg,5.331165313720703,-2.265805244445801
images_224/ART002-E-16043.jpg,5.299447059631348,-2.3615963459014893
images_224/ART002-E-16044.jpg,5.321948528289795,-2.279078960418701
images_224/ART002-E-16045.jpg,5.62437105178833,-1.9538586139678955
images_224/ART002-E-16046.jpg,5.708693981170654,-1.9060148000717163
images_224/ART002-E-16047.jpg,5.341852188110352,-2.282526969909668
images_224/ART002-E-16048.jpg,5.321673393249512,-2.3418116569519043
images_224/ART002-E-16049.jpg,5.329206466674805,-2.304875135421753
images_224/ART002-E-16050.jpg,5.645689964294434,-1.9659353494644165
images_224/ART002-E-16051.jpg,5.697351932525635,-1.9055100679397583
images_224/ART002-E-16052.jpg,7.054990768432617,-2.403707981109619
images_224/ART002-E-16053.jpg,7.0538554191589355,-2.419522523880005
images_224/ART002-E-16054.jpg,7.056302547454834,-2.4148411750793457
images_224/ART002-E-16055.jpg,7.062801837921143,-2.4246695041656494
images_224/ART002-E-16056.jpg,7.06220817565918,-2.424975633621216
images_224/ART002-E-16057.jpg,7.061324119567871,-2.4285783767700195
images_224/ART002-E-16058.jpg,7.058259963989258,-2.4313132762908936
images_224/ART002-E-16059.jpg,7.063772201538086,-2.4202725887298584
images_224/ART002-E-16060.jpg,7.0727314949035645,-2.428666591644287
images_224/ART002-E-16061.jpg,7.065056324005127,-2.435420513153076
images_224/ART002-E-16062.jpg,7.065748691558838,-2.428009271621704
images_224/ART002-E-16063.jpg,7.0633416175842285,-2.4294040203094482
images_224/ART002-E-16064.jpg,7.065126419067383,-2.4275081157684326
images_224/ART002-E-16065.jpg,7.072680473327637,-2.43218731880188
images_224/ART002-E-16066.jpg,7.066532135009766,-2.432971239089966
images_224/ART002-E-16067.jpg,1.153880000114441,1.0854761600494385
images_224/ART002-E-16068.jpg,1.1612797975540161,1.1106481552124023
images_224/ART002-E-16069.jpg,1.1644877195358276,1.0969451665878296
images_224/ART002-E-16070.jpg,1.1598275899887085,1.094034194946289
images_224/ART002-E-16071.jpg,1.1197158098220825,1.0591331720352173
images_224/ART002-E-16072.jpg,1.1486459970474243,1.0843749046325684
images_224/ART002-E-16073.jpg,1.1509062051773071,1.030032992362976
images_224/ART002-E-16074.jpg,1.1368305683135986,1.0420951843261719
images_224/ART002-E-16075.jpg,1.1315951347351074,1.0366370677947998
images_224/ART002-E-16076.jpg,1.1449213027954102,1.0471848249435425
images_224/ART002-E-16077.jpg,1.1373974084854126,1.0510107278823853
images_224/ART002-E-16078.jpg,1.1354459524154663,1.0400859117507935
images_224/ART002-E-16079.jpg,1.1323822736740112,1.0427002906799316
images_224/ART002-E-16080.jpg,1.1055821180343628,1.068793535232544
images_224/ART002-E-16081.jpg,1.1980773210525513,1.0013619661331177
images_224/ART002-E-16082.jpg,1.2187495231628418,1.0045828819274902
images_224/ART002-E-16083.jpg,1.1857510805130005,1.0613784790039062
images_224/ART002-E-16084.jpg,1.2573906183242798,0.9189857840538025
images_224/ART002-E-16085.jpg,1.1392091512680054,1.196166753768921
images_224/ART002-E-16086.jpg,1.1773831844329834,1.1080443859100342
images_224/ART002-E-16087.jpg,1.1663005352020264,1.1056466102600098
images_224/ART002-E-16088.jpg,1.1557027101516724,1.3104130029678345
images_224/ART002-E-16089.jpg,1.1280872821807861,1.1990294456481934
images_224/ART002-E-16090.jpg,1.1193649768829346,1.1996281147003174
images_224/ART002-E-16091.jpg,1.0542089939117432,1.2205071449279785
images_224/ART002-E-16092.jpg,1.1244221925735474,1.1913230419158936
images_224/ART002-E-16093.jpg,1.1299889087677002,1.1978546380996704
images_224/ART002-E-16094.jpg,1.1454482078552246,1.2006480693817139
images_224/ART002-E-16095.jpg,1.151187777519226,1.2363985776901245
images_224/ART002-E-16096.jpg,1.1510250568389893,1.1446576118469238
images_224/ART002-E-16097.jpg,1.3130711317062378,0.7931641936302185
images_224/ART002-E-16098.jpg,1.319022536277771,0.7731596827507019
images_224/ART002-E-16099.jpg,1.1764265298843384,1.1680357456207275
images_224/ART002-E-16100.jpg,1.222764253616333,1.0479736328125
images_224/ART002-E-16101.jpg,1.243042230606079,0.9168167114257812
images_224/ART002-E-16102.jpg,1.1942507028579712,1.0914876461029053
images_224/ART002-E-16103.jpg,1.223608136177063,1.4058403968811035
images_224/ART002-E-16104.jpg,1.217128038406372,1.414454460144043
images_224/ART002-E-16105.jpg,1.2028417587280273,1.4355857372283936
images_224/ART002-E-16106.jpg,1.227919101715088,1.462646484375
images_224/ART002-E-16107.jpg,1.2242403030395508,1.4409675598144531
images_224/ART002-E-16108.jpg,1.2180752754211426,1.4324002265930176
images_224/ART002-E-16109.jpg,1.2135977745056152,1.4439070224761963
images_224/ART002-E-16110.jpg,1.210874080657959,1.456410527229309
images_224/ART002-E-16111.jpg,1.2162083387374878,1.4315646886825562
images_224/ART002-E-16112.jpg,1.2143352031707764,1.4518376588821411
images_224/ART002-E-16113.jpg,1.2205724716186523,1.4220880270004272
images_224/ART002-E-16114.jpg,1.2295719385147095,1.4324290752410889
images_224/ART002-E-16115.jpg,1.2117072343826294,1.4396672248840332
images_224/ART002-E-16116.jpg,1.2139520645141602,1.4231274127960205
images_224/ART002-E-16117.jpg,1.2494875192642212,1.434883952140808
images_224/ART002-E-16118.jpg,1.279610514640808,1.4866201877593994
images_224/ART002-E-16119.jpg,1.2391438484191895,1.4083977937698364
images_224/ART002-E-16120.jpg,1.2233436107635498,1.4119865894317627
images_224/ART002-E-16121.jpg,1.2437080144882202,1.4417505264282227
images_224/ART002-E-16122.jpg,1.2409703731536865,1.4653834104537964
images_224/ART002-E-16123.jpg,1.2586708068847656,1.4472124576568604
images_224/ART002-E-16124.jpg,1.260145902633667,1.4362167119979858
images_224/ART002-E-16125.jpg,1.2679439783096313,1.4505112171173096
images_224/ART002-E-16126.jpg,1.2512543201446533,1.4389044046401978
images_224/ART002-E-16127.jpg,1.2628381252288818,1.4501540660858154
images_224/ART002-E-16341.jpg,3.7398529052734375,-3.6225175857543945
images_224/ART002-E-16342.jpg,3.8027403354644775,-3.5784759521484375
images_224/ART002-E-16343.jpg,3.7535135746002197,-3.6249160766601562
images_224/ART002-E-16344.jpg,3.7496323585510254,-3.626055955886841
images_224/ART002-E-16345.jpg,-2.1178271770477295,1.546774983406067
images_224/ART002-E-16346.jpg,-2.117716073989868,1.5470415353775024
images_224/ART002-E-16347.jpg,3.483152389526367,11.02575969696045
images_224/ART002-E-16348.jpg,-2.117736577987671,1.5470080375671387
images_224/ART002-E-16349.jpg,-2.1180505752563477,1.5467413663864136
images_224/ART002-E-16350.jpg,-2.117595911026001,1.5473967790603638
images_224/ART002-E-16351.jpg,3.483182907104492,11.025701522827148
images_224/ART002-E-16352.jpg,-2.118011713027954,1.5462396144866943
images_224/ART002-E-16353.jpg,-2.117067337036133,1.5470649003982544
images_224/ART002-E-16354.jpg,3.483255386352539,11.025601387023926
images_224/ART002-E-16355.jpg,-2.116917848587036,1.5470163822174072
images_224/ART002-E-168.jpg,17.9909610748291,15.39693546295166
images_224/ART002-E-169.jpg,17.995912551879883,15.391875267028809
images_224/ART002-E-170.jpg,17.992719650268555,15.395005226135254
images_224/ART002-E-171.jpg,17.9925594329834,15.391127586364746
images_224/ART002-E-172.jpg,17.993988037109375,15.391167640686035
images_224/ART002-E-173.jpg,17.99673080444336,15.394238471984863
images_224/ART002-E-174.jpg,17.99612808227539,15.394373893737793
images_224/ART002-E-175.jpg,18.014379501342773,15.412309646606445
images_224/ART002-E-176.jpg,18.007652282714844,15.380409240722656
images_224/ART002-E-177.jpg,17.989274978637695,15.397265434265137
images_224/ART002-E-178.jpg,18.006908416748047,15.379283905029297
images_224/ART002-E-179.jpg,18.007434844970703,15.379051208496094
images_224/ART002-E-180.jpg,18.008636474609375,15.37724781036377
images_224/ART002-E-181.jpg,18.00950050354004,15.376421928405762
images_224/ART002-E-184.jpg,18.022768020629883,15.357396125793457
images_224/ART002-E-186.jpg,18.011966705322266,15.372614860534668
images_224/ART002-E-187.jpg,18.011600494384766,15.372817993164062
images_224/ART002-E-188.jpg,17.785289764404297,-4.425705432891846
images_224/ART002-E-189.jpg,17.77446174621582,-4.5522780418396
images_224/ART002-E-190.jpg,17.829614639282227,-4.401816368103027
images_224/ART002-E-19116.jpg,7.481701850891113,-9.907986640930176
images_224/ART002-E-19117.jpg,6.8003129959106445,-5.605460166931152
images_224/ART002-E-19118.jpg,9.987074851989746,9.262789726257324
images_224/ART002-E-19119.jpg,8.887633323669434,4.581783771514893
images_224/ART002-E-19120.jpg,9.943251609802246,9.310810089111328
images_224/ART002-E-19121.jpg,9.94530963897705,6.286204814910889
images_224/ART002-E-19122.jpg,9.462697982788086,4.252580642700195
images_224/ART002-E-19123.jpg,10.333922386169434,6.758681297302246
images_224/ART002-E-19124.jpg,9.873247146606445,6.208683013916016
images_224/ART002-E-19125.jpg,9.357163429260254,4.496063232421875
images_224/ART002-E-19126.jpg,10.588408470153809,6.99943733215332
images_224/ART002-E-19127.jpg,10.06558609008789,6.299091815948486
images_224/ART002-E-19128.jpg,9.749971389770508,4.523805618286133
images_224/ART002-E-19129.jpg,10.439382553100586,6.76370906829834
images_224/ART002-E-19130.jpg,9.81939697265625,6.060454845428467
images_224/ART002-E-19131.jpg,9.379655838012695,3.80009126663208
images_224/ART002-E-19132.jpg,9.887001037597656,6.119408130645752
images_224/ART002-E-19133.jpg,10.181159973144531,6.347942352294922
images_224/ART002-E-19134.jpg,9.64647102355957,4.283079624176025
images_224/ART002-E-19135.jpg,10.229576110839844,6.458474636077881
images_224/ART002-E-19136.jpg,12.990888595581055,5.532857894897461
images_224/ART002-E-19137.jpg,12.37203598022461,2.198465585708618
images_224/ART002-E-19138.jpg,12.903851509094238,5.686506748199463
images_224/ART002-E-19139.jpg,12.952720642089844,5.364645957946777
images_224/ART002-E-19140.jpg,12.368630409240723,2.194944381713867
images_224/ART002-E-19141.jpg,12.845602989196777,5.602361679077148
images_224/ART002-E-19142.jpg,9.86999225616455,6.1358232498168945
images_224/ART002-E-19143.jpg,9.487966537475586,3.954390525817871
images_224/ART002-E-19144.jpg,10.471761703491211,6.878023624420166
images_224/ART002-E-19145.jpg,10.00559139251709,6.136925220489502
images_224/ART002-E-19146.jpg,9.464750289916992,4.369041442871094
images_224/ART002-E-19147.jpg,10.780686378479004,6.554105281829834
images_224/ART002-E-19148.jpg,9.909310340881348,6.181633949279785
images_224/ART002-E-19149.jpg,9.57167911529541,4.37908411026001
images_224/ART002-E-19150.jpg,10.355957984924316,6.612192630767822
images_224/ART002-E-19151.jpg,9.950758934020996,6.137698650360107
images_224/ART002-E-19152.jpg,9.55632209777832,4.357062339782715
images_224/ART002-E-19153.jpg,10.378775596618652,6.705417633056641
images_224/ART002-E-19154.jpg,9.841273307800293,6.120067119598389
images_224/ART002-E-19155.jpg,9.38615608215332,3.8478450775146484
images_224/ART002-E-19156.jpg,10.363554954528809,6.744660377502441
images_224/ART002-E-19157.jpg,9.889845848083496,6.138253211975098
images_224/ART002-E-19158.jpg,9.610793113708496,4.383085250854492
images_224/ART002-E-19159.jpg,10.468588829040527,6.682115077972412
images_224/ART002-E-19160.jpg,9.985313415527344,6.213095664978027
images_224/ART002-E-19161.jpg,9.585676193237305,4.332683086395264
images_224/ART002-E-19162.jpg,10.365837097167969,6.6789655685424805
images_224/ART002-E-19163.jpg,9.93392276763916,6.21143102645874
images_224/ART002-E-19164.jpg,9.552740097045898,4.276888847351074
images_224/ART002-E-19165.jpg,10.502724647521973,6.697878837585449
images_224/ART002-E-19166.jpg,9.924362182617188,6.185554504394531
images_224/ART002-E-19167.jpg,9.598630905151367,4.367373943328857
images_224/ART002-E-19168.jpg,10.429534912109375,6.699301719665527
images_224/ART002-E-19169.jpg,15.335709571838379,-3.0619709491729736
images_224/ART002-E-19170.jpg,15.077862739562988,-2.8905510902404785
images_224/ART002-E-19171.jpg,14.86087417602539,-2.940276861190796
images_224/ART002-E-19172.jpg,15.230542182922363,-2.9816298484802246
images_224/ART002-E-19173.jpg,15.39492130279541,-3.0913758277893066
images_224/ART002-E-19174.jpg,14.785697937011719,-2.9758574962615967
images_224/ART002-E-19175.jpg,20.254776000976562,1.3508714437484741
images_224/ART002-E-19176.jpg,20.27361488342285,1.144565224647522
images_224/ART002-E-19177.jpg,20.748933792114258,1.7870327234268188
images_224/ART002-E-19178.jpg,20.1960391998291,1.118066430091858
images_224/ART002-E-19179.jpg,20.25116729736328,1.0460774898529053
images_224/ART002-E-19180.jpg,20.845218658447266,1.822007179260254
images_224/ART002-E-19181.jpg,20.138935089111328,1.1983855962753296
images_224/ART002-E-19182.jpg,20.29505157470703,0.9978773593902588
images_224/ART002-E-19183.jpg,20.8720645904541,1.8118101358413696
images_224/ART002-E-19184.jpg,20.961713790893555,1.629574179649353
images_224/ART002-E-19185.jpg,20.960941314697266,0.7791450023651123
images_224/ART002-E-19186.jpg,20.90497398376465,1.7606228590011597
images_224/ART002-E-19187.jpg,20.956809997558594,1.6683287620544434
images_224/ART002-E-19188.jpg,20.95717430114746,0.8422284126281738
images_224/ART002-E-19189.jpg,21.052574157714844,1.7095472812652588
images_224/ART002-E-19190.jpg,20.98118019104004,1.6876227855682373
images_224/ART002-E-19191.jpg,20.943845748901367,0.8402941823005676
images_224/ART002-E-19192.jpg,21.025272369384766,1.735445261001587
images_224/ART002-E-19193.jpg,21.06711769104004,1.6526731252670288
images_224/ART002-E-19194.jpg,20.966808319091797,0.8501611948013306
images_224/ART002-E-19195.jpg,21.03784942626953,1.7281858921051025
images_224/ART002-E-19196.jpg,10.746647834777832,-6.214953899383545
images_224/ART002-E-19197.jpg,12.999687194824219,-1.631022572517395
images_224/ART002-E-19198.jpg,10.120865821838379,-1.410736322402954
images_224/ART002-E-19199.jpg,10.818673133850098,-6.115331649780273
images_224/ART002-E-192.jpg,3.114072799682617,-0.2638545632362366
images_224/ART002-E-19200.jpg,12.890992164611816,-1.5592502355575562
images_224/ART002-E-19201.jpg,10.155678749084473,-1.4294506311416626
images_224/ART002-E-19202.jpg,21.052515029907227,1.5725253820419312
images_224/ART002-E-19203.jpg,21.00984001159668,0.8011881709098816
images_224/ART002-E-19204.jpg,21.042951583862305,1.71414053440094
images_224/ART002-E-19205.jpg,21.03528594970703,1.7081938982009888
images_224/ART002-E-19206.jpg,21.005229949951172,0.7891778349876404
images_224/ART002-E-19207.jpg,21.030426025390625,1.7272660732269287
images_224/ART002-E-19208.jpg,20.90275764465332,1.3772141933441162
images_224/ART002-E-19209.jpg,20.95673179626465,0.9750823974609375
images_224/ART002-E-19210.jpg,7.864099979400635,-2.42929744720459
images_224/ART002-E-19211.jpg,21.01589584350586,1.602866768836975
images_224/ART002-E-19212.jpg,21.00136375427246,0.8275320529937744
images_224/ART002-E-19213.jpg,21.027626037597656,1.7270386219024658
images_224/ART002-E-19214.jpg,9.222575187683105,4.270138740539551
images_224/ART002-E-19215.jpg,9.793513298034668,3.4550299644470215
images_224/ART002-E-19216.jpg,8.078056335449219,2.7421505451202393
images_224/ART002-E-19217.jpg,9.6528959274292,5.841614723205566
images_224/ART002-E-19218.jpg,9.787878036499023,3.4272024631500244
images_224/ART002-E-19219.jpg,8.113405227661133,2.7354674339294434
images_224/ART002-E-19220.jpg,9.696327209472656,5.9111433029174805
images_224/ART002-E-19221.jpg,9.494552612304688,3.6538853645324707
images_224/ART002-E-19222.jpg,8.092182159423828,2.8590221405029297
images_224/ART002-E-19223.jpg,9.706326484680176,5.9310808181762695
images_224/ART002-E-19224.jpg,9.597554206848145,3.6667940616607666
images_224/ART002-E-19225.jpg,8.302863121032715,-5.159567356109619
images_224/ART002-E-19226.jpg,4.864105701446533,-6.525583267211914
images_224/ART002-E-19227.jpg,8.450390815734863,-4.334404468536377
images_224/ART002-E-19228.jpg,8.34121036529541,-5.162228107452393
images_224/ART002-E-19229.jpg,4.380066394805908,-6.651370048522949
images_224/ART002-E-19230.jpg,8.471029281616211,-4.416613578796387
images_224/ART002-E-19231.jpg,8.24339485168457,-5.178574085235596
images_224/ART002-E-193.jpg,3.1590285301208496,-0.27328068017959595
images_224/ART002-E-194.jpg,3.141491413116455,-0.3062186539173126
images_224/ART002-E-195.jpg,3.127988338470459,-0.28543898463249207
images_224/ART002-E-19544.jpg,14.441933631896973,-2.9638149738311768
images_224/ART002-E-19545.jpg,5.275884628295898,-3.041506767272949
images_224/ART002-E-19546.jpg,14.50444507598877,-3.001343011856079
images_224/ART002-E-19547.jpg,14.527770042419434,-2.9778976440429688
images_224/ART002-E-19548.jpg,5.236572265625,-2.880866050720215
images_224/ART002-E-19549.jpg,14.515582084655762,-3.0146119594573975
images_224/ART002-E-19550.jpg,4.189975738525391,1.874205231666565
images_224/ART002-E-19551.jpg,0.7325592637062073,-9.83213996887207
images_224/ART002-E-19552.jpg,10.316550254821777,-10.791801452636719
images_224/ART002-E-19553.jpg,4.18752908706665,1.8754329681396484
images_224/ART002-E-19554.jpg,0.7330971956253052,-9.831591606140137
images_224/ART002-E-19555.jpg,10.315369606018066,-10.790575981140137
images_224/ART002-E-19556.jpg,4.18625020980835,1.8754209280014038
images_224/ART002-E-19557.jpg,0.7324649095535278,-9.832056999206543
images_224/ART002-E-19558.jpg,10.31656265258789,-10.791675567626953
images_224/ART002-E-19559.jpg,6.619619846343994,-3.8441526889801025
images_224/ART002-E-19560.jpg,4.047613143920898,-6.7978434562683105
images_224/ART002-E-19561.jpg,6.678998947143555,-3.836137294769287
images_224/ART002-E-19562.jpg,6.625973701477051,-3.866239309310913
images_224/ART002-E-19563.jpg,4.128753185272217,-6.795773506164551
images_224/ART002-E-19564.jpg,6.632692337036133,-3.848788261413574
images_224/ART002-E-19565.jpg,6.602251052856445,-3.8170278072357178
images_224/ART002-E-19566.jpg,3.217416763305664,-4.741474151611328
images_224/ART002-E-19567.jpg,6.630415439605713,-3.84018874168396
images_224/ART002-E-19568.jpg,4.185890197753906,1.8743315935134888
images_224/ART002-E-19569.jpg,0.7315048575401306,-9.833134651184082
images_224/ART002-E-19570.jpg,10.317863464355469,-10.785640716552734
images_224/ART002-E-19571.jpg,10.261751174926758,-10.72349739074707
images_224/ART002-E-19572.jpg,0.7326342463493347,-9.831982612609863
images_224/ART002-E-19573.jpg,10.314729690551758,-10.787569999694824
images_224/ART002-E-19574.jpg,4.18761682510376,1.8752837181091309
images_224/ART002-E-19575.jpg,0.7317635416984558,-9.833222389221191
images_224/ART002-E-19576.jpg,10.3151216506958,-10.787349700927734
images_224/ART002-E-19577.jpg,4.191140651702881,1.876718282699585
images_224/ART002-E-19578.jpg,0.7315648198127747,-9.833121299743652
images_224/ART002-E-19579.jpg,10.314093589782715,-10.788941383361816
images_224/ART002-E-19580.jpg,4.18739652633667,1.8751558065414429
images_224/ART002-E-19581.jpg,0.7341623902320862,-9.831316947937012
images_224/ART002-E-19582.jpg,10.315215110778809,-10.7905912399292
images_224/ART002-E-19583.jpg,4.18674373626709,1.8755824565887451
images_224/ART002-E-19584.jpg,0.73196941614151,-9.83285140991211
images_224/ART002-E-19585.jpg,10.31525993347168,-10.790185928344727
images_224/ART002-E-19586.jpg,4.187814712524414,1.8700982332229614
images_224/ART002-E-19587.jpg,0.7316830158233643,-9.833139419555664
images_224/ART002-E-19588.jpg,10.32279109954834,-10.79979133605957
images_224/ART002-E-19589.jpg,4.186593055725098,1.8748027086257935
images_224/ART002-E-19590.jpg,0.7325804233551025,-9.832107543945312
images_224/ART002-E-19591.jpg,10.313533782958984,-10.788751602172852
images_224/ART002-E-19592.jpg,4.188271522521973,1.8753284215927124
images_224/ART002-E-19593.jpg,0.7336152195930481,-9.83230209350586
images_224/ART002-E-19594.jpg,10.314311981201172,-10.789839744567871
images_224/ART002-E-19595.jpg,4.187201499938965,1.8752368688583374
images_224/ART002-E-19596.jpg,0.732017993927002,-9.832703590393066
images_224/ART002-E-19597.jpg,10.313448905944824,-10.789095878601074
images_224/ART002-E-19598.jpg,4.187322616577148,1.8751994371414185
images_224/ART002-E-19599.jpg,0.7325904965400696,-9.832237243652344
images_224/ART002-E-19600.jpg,10.313621520996094,-10.789538383483887
images_224/ART002-E-19601.jpg,4.187943935394287,1.8760493993759155
images_224/ART002-E-19602.jpg,0.7262094020843506,-9.839737892150879
images_224/ART002-E-19603.jpg,10.312847137451172,-10.788904190063477
images_224/ART002-E-19604.jpg,7.90648889541626,-8.884737968444824
images_224/ART002-E-19605.jpg,12.860740661621094,5.564040660858154
images_224/ART002-E-19606.jpg,11.639739990234375,3.3575246334075928
images_224/ART002-E-19607.jpg,12.964305877685547,5.674219131469727
images_224/ART002-E-19608.jpg,12.870150566101074,5.6601738929748535
images_224/ART002-E-19609.jpg,11.64590072631836,3.3765032291412354
images_224/ART002-E-19610.jpg,12.843622207641602,5.638177394866943
images_224/ART002-E-19611.jpg,12.899418830871582,5.609439373016357
images_224/ART002-E-19612.jpg,11.613249778747559,3.3599207401275635
images_224/ART002-E-19613.jpg,12.90463638305664,5.688420295715332
images_224/ART002-E-19614.jpg,10.891035079956055,5.238038063049316
images_224/ART002-E-19615.jpg,10.465034484863281,4.466534614562988
images_224/ART002-E-19616.jpg,10.907106399536133,6.1130852699279785
images_224/ART002-E-19617.jpg,10.966046333312988,5.051741123199463
images_224/ART002-E-19618.jpg,10.571035385131836,4.288458347320557
images_224/ART002-E-19619.jpg,10.863616943359375,6.114505767822266
images_224/ART002-E-19620.jpg,12.031034469604492,5.360302448272705
images_224/ART002-E-19621.jpg,10.95434856414795,3.7903993129730225
images_224/ART002-E-19622.jpg,11.707277297973633,6.133633613586426
images_224/ART002-E-19623.jpg,12.077773094177246,5.454771995544434
images_224/ART002-E-19624.jpg,10.943428993225098,3.4690370559692383
images_224/ART002-E-19625.jpg,11.856995582580566,6.0665059089660645
images_224/ART002-E-19626.jpg,12.063069343566895,5.468955993652344
images_224/ART002-E-19627.jpg,10.971723556518555,3.3535542488098145
images_224/ART002-E-19628.jpg,11.731067657470703,6.203308582305908
images_224/ART002-E-19629.jpg,12.062810897827148,5.4979143142700195
images_224/ART002-E-19630.jpg,10.940084457397461,3.4433701038360596
images_224/ART002-E-19631.jpg,11.730233192443848,6.147263050079346
images_224/ART002-E-19632.jpg,10.832633972167969,5.382573127746582
images_224/ART002-E-19633.jpg,10.551728248596191,3.9864537715911865
images_224/ART002-E-19634.jpg,10.822901725769043,6.079319953918457
images_224/ART002-E-19635.jpg,10.757351875305176,5.039571285247803
images_224/ART002-E-19636.jpg,10.334580421447754,3.9566774368286133
images_224/ART002-E-19637.jpg,10.78843879699707,6.008102893829346
images_224/ART002-E-19638.jpg,10.149811744689941,6.469089984893799
images_224/ART002-E-19639.jpg,9.012417793273926,5.086185932159424
images_224/ART002-E-19640.jpg,10.117671966552734,6.649476528167725
images_224/ART002-E-19641.jpg,10.238495826721191,7.73396635055542
images_224/ART002-E-19642.jpg,9.432244300842285,4.885771751403809
images_224/ART002-E-19643.jpg,10.678510665893555,6.428496360778809
images_224/ART002-E-19644.jpg,13.671679496765137,6.243897438049316
images_224/ART002-E-19645.jpg,12.632635116577148,3.509730577468872
images_224/ART002-E-19646.jpg,13.53087043762207,6.406504154205322
images_224/ART002-E-19647.jpg,13.285326957702637,6.619828224182129
images_224/ART002-E-19648.jpg,12.434268951416016,3.163642644882202
images_224/ART002-E-19649.jpg,13.480932235717773,6.359260559082031
images_224/ART002-E-19650.jpg,10.753475189208984,7.212210178375244
images_224/ART002-E-19651.jpg,9.743036270141602,4.797896862030029
images_224/ART002-E-19652.jpg,10.624366760253906,6.814992427825928
images_224/ART002-E-19653.jpg,10.685887336730957,7.021668910980225
images_224/ART002-E-19654.jpg,10.003196716308594,4.758584976196289
images_224/ART002-E-19655.jpg,10.499775886535645,6.650566101074219
images_224/ART002-E-19656.jpg,10.20635986328125,5.952916145324707
images_224/ART002-E-19657.jpg,10.159412384033203,5.771625995635986
images_224/ART002-E-19658.jpg,10.40710163116455,6.250533103942871
images_224/ART002-E-19659.jpg,10.237576484680176,5.926711559295654
images_224/ART002-E-19660.jpg,10.240928649902344,5.8958210945129395
images_224/ART002-E-19661.jpg,10.265571594238281,5.911039352416992
images_224/ART002-E-19662.jpg,10.248122215270996,5.912505149841309
images_224/ART002-E-19663.jpg,10.214150428771973,5.894710063934326
images_224/ART002-E-19664.jpg,10.226576805114746,5.935705184936523
images_224/ART002-E-19665.jpg,9.724918365478516,6.88527250289917
images_224/ART002-E-19666.jpg,8.36349105834961,5.712742328643799
images_224/ART002-E-19667.jpg,9.059563636779785,7.290058612823486
images_224/ART002-E-19668.jpg,9.684124946594238,6.981431484222412
images_224/ART002-E-19669.jpg,8.04156494140625,5.694332599639893
images_224/ART002-E-19670.jpg,9.161063194274902,7.260869026184082
images_224/ART002-E-19671.jpg,9.10753059387207,7.560352802276611
images_224/ART002-E-19672.jpg,8.038331031799316,5.651830196380615
images_224/ART002-E-19673.jpg,9.143167495727539,7.662250518798828
images_224/ART002-E-19674.jpg,9.812422752380371,7.9939069747924805
images_224/ART002-E-19675.jpg,8.261018753051758,5.692651271820068
images_224/ART002-E-19676.jpg,9.330526351928711,7.777236461639404
images_224/ART002-E-19677.jpg,10.145787239074707,8.009917259216309
images_224/ART002-E-19678.jpg,8.524724960327148,5.751099586486816
images_224/ART002-E-19679.jpg,10.35179328918457,8.070975303649902
images_224/ART002-E-19680.jpg,9.151981353759766,7.4139204025268555
images_224/ART002-E-19681.jpg,8.289762496948242,5.526054859161377
images_224/ART002-E-19682.jpg,9.257522583007812,7.361449241638184
images_224/ART002-E-19683.jpg,9.11174201965332,7.161555290222168
images_224/ART002-E-19684.jpg,8.200592994689941,5.626438140869141
images_224/ART002-E-19685.jpg,9.80907917022705,7.17179536819458
images_224/ART002-E-19686.jpg,9.183732986450195,7.136018753051758
images_224/ART002-E-19687.jpg,8.234013557434082,5.636569976806641
images_224/ART002-E-19688.jpg,9.241148948669434,7.281974792480469
images_224/ART002-E-19689.jpg,8.720471382141113,7.6402692794799805
images_224/ART002-E-19690.jpg,8.269590377807617,5.4296064376831055
images_224/ART002-E-19691.jpg,8.71164321899414,7.8274407386779785
images_224/ART002-E-19692.jpg,8.904630661010742,7.641573429107666
images_224/ART002-E-19693.jpg,8.223457336425781,5.576817512512207
images_224/ART002-E-19694.jpg,8.784337043762207,7.8168511390686035
images_224/ART002-E-19695.jpg,8.743846893310547,7.547060489654541
images_224/ART002-E-19696.jpg,8.266761779785156,5.687071800231934
images_224/ART002-E-19697.jpg,8.870344161987305,7.7868852615356445
images_224/ART002-E-19698.jpg,8.618986129760742,7.485162734985352
images_224/ART002-E-19699.jpg,7.98764181137085,5.698851108551025
images_224/ART002-E-19700.jpg,8.39411735534668,7.806610584259033
images_224/ART002-E-19701.jpg,8.422017097473145,7.001132011413574
images_224/ART002-E-19702.jpg,7.933533668518066,5.7104363441467285
images_224/ART002-E-19703.jpg,8.208209037780762,7.289519309997559
images_224/ART002-E-19704.jpg,8.30613899230957,6.673498630523682
images_224/ART002-E-19705.jpg,7.873881816864014,5.466855049133301
images_224/ART002-E-19706.jpg,8.41965103149414,7.600271224975586
images_224/ART002-E-19707.jpg,8.417640686035156,7.16524076461792
images_224/ART002-E-19708.jpg,7.802363872528076,5.450311660766602
images_224/ART002-E-19709.jpg,8.152103424072266,7.683374404907227
images_224/ART002-E-19710.jpg,8.294425964355469,7.1069231033325195
images_224/ART002-E-19711.jpg,7.997407913208008,5.674258232116699
images_224/ART002-E-19712.jpg,8.302032470703125,7.683463096618652
images_224/ART002-E-19713.jpg,8.719508171081543,7.634921073913574
images_224/ART002-E-19714.jpg,8.012665748596191,5.664831638336182
images_224/ART002-E-19715.jpg,8.332978248596191,7.812588691711426
images_224/ART002-E-19716.jpg,8.776400566101074,7.739363670349121
images_224/ART002-E-19717.jpg,8.22110366821289,5.572159767150879
images_224/ART002-E-19718.jpg,8.630245208740234,7.84096097946167
images_224/ART002-E-19719.jpg,8.758357048034668,7.757570266723633
images_224/ART002-E-19720.jpg,8.314558029174805,5.439386367797852
images_224/ART002-E-19721.jpg,8.755287170410156,7.846831321716309
images_224/ART002-E-19722.jpg,8.618698120117188,7.513373374938965
images_224/ART002-E-19723.jpg,8.124547004699707,5.696873664855957
images_224/ART002-E-19724.jpg,8.778111457824707,7.830931663513184
images_224/ART002-E-19725.jpg,8.745869636535645,7.746109485626221
images_224/ART002-E-19726.jpg,8.267534255981445,5.519568920135498
images_224/ART002-E-19727.jpg,8.736178398132324,7.851926326751709
images_224/ART002-E-19728.jpg,8.7276611328125,7.629225254058838
images_224/ART002-E-19729.jpg,8.458556175231934,5.728437900543213
images_224/ART002-E-19730.jpg,8.60728931427002,7.890164375305176
images_224/ART002-E-19731.jpg,8.46948528289795,7.30462646484375
images_224/ART002-E-19732.jpg,8.092052459716797,5.616798400878906
images_224/ART002-E-19733.jpg,8.424641609191895,7.807616710662842
images_224/ART002-E-19734.jpg,8.325850486755371,7.039299011230469
images_224/ART002-E-19735.jpg,7.872073173522949,5.503671169281006
images_224/ART002-E-19736.jpg,8.17086410522461,7.629364013671875
images_224/ART002-E-19737.jpg,8.275538444519043,6.9029693603515625
images_224/ART002-E-19738.jpg,7.854990482330322,5.4708733558654785
images_224/ART002-E-19739.jpg,8.085993766784668,7.650753974914551
images_224/ART002-E-19740.jpg,8.381360054016113,7.157061576843262
images_224/ART002-E-19741.jpg,7.968570232391357,5.651467323303223
images_224/ART002-E-19742.jpg,8.236139297485352,7.667098045349121
images_224/ART002-E-19743.jpg,8.417766571044922,7.330966949462891
images_224/ART002-E-19744.jpg,8.116063117980957,5.550082206726074
images_224/ART002-E-19745.jpg,8.642786026000977,7.7963385581970215
images_224/ART002-E-19746.jpg,8.713865280151367,7.6683759689331055
images_224/ART002-E-19747.jpg,8.138561248779297,5.557751178741455
images_224/ART002-E-19748.jpg,8.566019058227539,7.876838684082031
images_224/ART002-E-19749.jpg,8.698602676391602,7.691742420196533
images_224/ART002-E-19750.jpg,8.250274658203125,5.491732597351074
images_224/ART002-E-19751.jpg,8.612665176391602,7.848576068878174
images_224/ART002-E-19752.jpg,10.854275703430176,5.284566402435303
images_224/ART002-E-19753.jpg,10.514436721801758,4.287397861480713
images_224/ART002-E-19754.jpg,10.855956077575684,6.132859706878662
images_224/ART002-E-19755.jpg,11.187097549438477,4.981379508972168
images_224/ART002-E-19756.jpg,10.625887870788574,4.079715251922607
images_224/ART002-E-19757.jpg,11.268391609191895,6.140931129455566
images_224/ART002-E-19758.jpg,12.090572357177734,5.451885223388672
images_224/ART002-E-19759.jpg,10.970026969909668,3.5296666622161865
images_224/ART002-E-19760.jpg,11.806203842163086,6.121075630187988
images_224/ART002-E-19761.jpg,12.09000015258789,5.407931804656982
images_224/ART002-E-19762.jpg,11.058430671691895,3.4072141647338867
images_224/ART002-E-19763.jpg,11.826436996459961,6.065479278564453
images_224/ART002-E-19764.jpg,12.013924598693848,5.241750717163086
images_224/ART002-E-19765.jpg,10.97358226776123,3.4649288654327393
images_224/ART002-E-19766.jpg,11.791337013244629,6.099034309387207
images_224/ART002-E-19767.jpg,12.00545883178711,5.155738353729248
images_224/ART002-E-19768.jpg,10.979423522949219,3.377472400665283
images_224/ART002-E-19769.jpg,11.76045036315918,6.138000965118408
images_224/ART002-E-19770.jpg,12.062360763549805,5.384223461151123
images_224/ART002-E-19771.jpg,10.948551177978516,3.424192428588867
images_224/ART002-E-19772.jpg,11.749577522277832,6.151330947875977
images_224/ART002-E-19773.jpg,10.824724197387695,5.628838539123535
images_224/ART002-E-19774.jpg,10.469218254089355,3.939924478530884
images_224/ART002-E-19775.jpg,10.788566589355469,6.0510430335998535
images_224/ART002-E-19776.jpg,10.836701393127441,4.990635871887207
images_224/ART002-E-19777.jpg,10.247833251953125,3.8463125228881836
images_224/ART002-E-19778.jpg,10.793041229248047,6.009842872619629
images_224/ART002-E-19779.jpg,10.784358978271484,4.916074275970459
images_224/ART002-E-19780.jpg,10.380339622497559,4.124654769897461
images_224/ART002-E-19781.jpg,10.66353702545166,6.031004905700684
images_224/ART002-E-19782.jpg,10.72546100616455,5.660154342651367
images_224/ART002-E-19783.jpg,10.620231628417969,3.922502040863037
images_224/ART002-E-19784.jpg,10.820418357849121,6.077427387237549
images_224/ART002-E-19785.jpg,10.921509742736816,5.534649848937988
images_224/ART002-E-19786.jpg,10.679872512817383,3.8036439418792725
images_224/ART002-E-19787.jpg,11.656087875366211,6.156932830810547
images_224/ART002-E-19788.jpg,11.975895881652832,5.554548740386963
images_224/ART002-E-19789.jpg,11.062387466430664,3.198608160018921
images_224/ART002-E-19790.jpg,11.783256530761719,6.114218711853027
images_224/ART002-E-19791.jpg,12.042214393615723,5.441592693328857
images_224/ART002-E-19792.jpg,11.002786636352539,3.3223752975463867
images_224/ART002-E-19793.jpg,11.786454200744629,6.103026390075684
images_224/ART002-E-19794.jpg,12.089075088500977,5.462599754333496
images_224/ART002-E-19795.jpg,11.050971031188965,3.5405828952789307
images_224/ART002-E-19796.jpg,11.804550170898438,6.076293468475342
images_224/ART002-E-19797.jpg,12.082923889160156,5.4751057624816895
images_224/ART002-E-19798.jpg,11.11471939086914,3.7044613361358643
images_224/ART002-E-19799.jpg,11.781189918518066,6.105372905731201
images_224/ART002-E-19800.jpg,11.997180938720703,5.268670558929443
images_224/ART002-E-19801.jpg,10.9428071975708,3.880460023880005
images_224/ART002-E-19802.jpg,11.695989608764648,6.215836048126221
images_224/ART002-E-19803.jpg,10.87771224975586,5.080795764923096
images_224/ART002-E-19804.jpg,10.472126960754395,4.493191719055176
images_224/ART002-E-19805.jpg,11.051883697509766,6.151033878326416
images_224/ART002-E-19806.jpg,10.4204683303833,5.934417724609375
images_224/ART002-E-19807.jpg,10.31602668762207,5.866326808929443
images_224/ART002-E-19808.jpg,10.645217895507812,6.003796577453613
images_224/ART002-E-19809.jpg,10.92711067199707,5.372468948364258
images_224/ART002-E-19810.jpg,10.480895042419434,4.411104679107666
images_224/ART002-E-19811.jpg,10.843076705932617,6.141191482543945
images_224/ART002-E-19812.jpg,11.035839080810547,5.047724723815918
images_224/ART002-E-19813.jpg,10.572574615478516,4.271793842315674
images_224/ART002-E-19814.jpg,11.00709342956543,6.118172645568848
images_224/ART002-E-19815.jpg,12.09312915802002,5.452846527099609
images_224/ART002-E-19816.jpg,10.955259323120117,3.4705638885498047
images_224/ART002-E-19817.jpg,11.844449043273926,6.099814414978027
images_224/ART002-E-19818.jpg,12.127046585083008,5.474026679992676
images_224/ART002-E-19819.jpg,10.970342636108398,3.5631606578826904
images_224/ART002-E-19820.jpg,11.737425804138184,6.26780891418457
images_224/ART002-E-19821.jpg,12.103959083557129,5.510806560516357
images_224/ART002-E-19822.jpg,11.054370880126953,3.1435344219207764
images_224/ART002-E-19823.jpg,11.766056060791016,6.0922393798828125
images_224/ART002-E-19824.jpg,10.772603034973145,5.81232213973999
images_224/ART002-E-19825.jpg,10.372841835021973,3.911198377609253
images_224/ART002-E-19826.jpg,10.753643989562988,5.994133472442627
images_224/ART002-E-19827.jpg,10.597273826599121,5.594107151031494
images_224/ART002-E-19828.jpg,10.390509605407715,3.9107861518859863
images_224/ART002-E-19829.jpg,10.70620059967041,6.0508575439453125
images_224/ART002-E-19830.jpg,10.732608795166016,6.41157341003418
images_224/ART002-E-19832.jpg,10.745929718017578,6.307236194610596
images_224/ART002-E-19833.jpg,11.648932456970215,6.966130256652832
images_224/ART002-E-19834.jpg,10.74782943725586,4.211082458496094
images_224/ART002-E-19835.jpg,11.699628829956055,6.764786243438721
images_224/ART002-E-19836.jpg,11.657308578491211,6.801979064941406
images_224/ART002-E-19837.jpg,10.750378608703613,4.216498374938965
images_224/ART002-E-19838.jpg,11.6258544921875,6.794544696807861
images_224/ART002-E-19839.jpg,12.06295394897461,5.8820037841796875
images_224/ART002-E-19840.jpg,10.851275444030762,4.0630598068237305
images_224/ART002-E-19841.jpg,11.728286743164062,6.385720252990723
images_224/ART002-E-19842.jpg,11.86733341217041,6.04295539855957
images_224/ART002-E-19843.jpg,10.874431610107422,4.056845664978027
images_224/ART002-E-19844.jpg,11.602632522583008,6.472586631774902
images_224/ART002-E-19845.jpg,10.917925834655762,5.747225761413574
images_224/ART002-E-19846.jpg,10.472525596618652,4.619948387145996
images_224/ART002-E-19847.jpg,10.782635688781738,6.238864421844482
images_224/ART002-E-19848.jpg,10.85590934753418,5.589379787445068
images_224/ART002-E-19849.jpg,10.383039474487305,4.574326038360596
images_224/ART002-E-19850.jpg,10.663216590881348,6.3177313804626465
images_224/ART002-E-19851.jpg,10.117108345031738,6.558951377868652
images_224/ART002-E-19852.jpg,10.182072639465332,4.611349582672119
images_224/ART002-E-19853.jpg,10.53319263458252,6.412481307983398
images_224/ART002-E-19854.jpg,10.686812400817871,7.020827770233154
images_224/ART002-E-19855.jpg,9.75074291229248,4.978888511657715
images_224/ART002-E-19856.jpg,10.70827865600586,6.6522345542907715
images_224/ART002-E-19857.jpg,10.90907096862793,7.269465923309326
images_224/ART002-E-19858.jpg,9.68529987335205,4.7837443351745605
images_224/ART002-E-19859.jpg,10.639853477478027,6.859137535095215
images_224/ART002-E-19860.jpg,13.055790901184082,6.5595879554748535
images_224/ART002-E-19861.jpg,12.425403594970703,3.0963714122772217
images_224/ART002-E-19862.jpg,13.6945161819458,6.478557586669922
images_224/ART002-E-19863.jpg,13.581534385681152,6.268100738525391
images_224/ART002-E-19864.jpg,12.525466918945312,3.20683217048645
images_224/ART002-E-19865.jpg,13.819278717041016,6.463261604309082
images_224/ART002-E-19866.jpg,12.970276832580566,6.6514573097229
images_224/ART002-E-19867.jpg,10.505084991455078,4.512110233306885
images_224/ART002-E-19868.jpg,11.760276794433594,6.840301990509033
images_224/ART002-E-19869.jpg,10.210360527038574,8.017704010009766
images_224/ART002-E-19870.jpg,9.58301830291748,4.811756610870361
images_224/ART002-E-19871.jpg,10.720210075378418,6.434302806854248
images_224/ART002-E-19872.jpg,10.222257614135742,6.5045166015625
images_224/ART002-E-19873.jpg,9.289331436157227,4.9379563331604
images_224/ART002-E-19874.jpg,10.478012084960938,6.375643730163574
images_224/ART002-E-19875.jpg,10.10780143737793,6.5894670486450195
images_224/ART002-E-19876.jpg,9.279726028442383,4.956640720367432
images_224/ART002-E-19877.jpg,10.263968467712402,6.434147357940674
images_224/ART002-E-19878.jpg,9.148253440856934,7.272688388824463
images_224/ART002-E-19879.jpg,8.289962768554688,5.578776836395264
images_224/ART002-E-19880.jpg,9.507834434509277,7.09988260269165
images_224/ART002-E-19881.jpg,10.01498794555664,7.92815637588501
images_224/ART002-E-19882.jpg,9.0711030960083,5.083559036254883
images_224/ART002-E-19883.jpg,9.506769180297852,7.708829879760742
images_224/ART002-E-19884.jpg,9.223241806030273,7.762514114379883
images_224/ART002-E-19885.jpg,8.321730613708496,5.629043102264404
images_224/ART002-E-19886.jpg,9.413531303405762,7.8228302001953125
images_224/ART002-E-19887.jpg,8.691191673278809,7.65540075302124
images_224/ART002-E-19888.jpg,8.04444408416748,5.684729099273682
images_224/ART002-E-19889.jpg,8.320385932922363,7.764827251434326
images_224/ART002-E-19890.jpg,8.407865524291992,7.196906089782715
images_224/ART002-E-19891.jpg,7.993961334228516,5.699712753295898
images_224/ART002-E-19892.jpg,8.374794960021973,7.737349987030029
images_224/ART002-E-19893.jpg,8.349019050598145,7.109525203704834
images_224/ART002-E-19894.jpg,8.007113456726074,5.705782413482666
images_224/ART002-E-19895.jpg,8.316902160644531,7.30420446395874
images_224/ART002-E-19896.jpg,9.288444519042969,6.9643235206604
images_224/ART002-E-19897.jpg,8.024286270141602,5.713084697723389
images_224/ART002-E-19898.jpg,9.044984817504883,7.242539405822754
images_224/ART002-E-19899.jpg,9.767614364624023,6.959905624389648
images_224/ART002-E-19900.jpg,8.225319862365723,5.850168228149414
images_224/ART002-E-19901.jpg,9.153792381286621,7.053564548492432
images_224/ART002-E-19902.jpg,8.529911041259766,7.186157703399658
images_224/ART002-E-19903.jpg,7.817930698394775,5.425354957580566
images_224/ART002-E-19904.jpg,8.224346160888672,7.688866138458252
images_224/ART002-E-19905.jpg,8.513283729553223,7.303508281707764
images_224/ART002-E-19906.jpg,7.976178169250488,5.6926350593566895
images_224/ART002-E-19907.jpg,8.437298774719238,7.809836387634277
images_224/ART002-E-19908.jpg,8.577174186706543,7.393519878387451
images_224/ART002-E-19909.jpg,7.992754936218262,5.699220180511475
images_224/ART002-E-19910.jpg,8.512927055358887,7.910204887390137
images_224/ART002-E-19911.jpg,8.887721061706543,7.575606822967529
images_224/ART002-E-19912.jpg,8.20250129699707,5.648736953735352
images_224/ART002-E-19913.jpg,8.637639999389648,7.830323696136475
images_224/ART002-E-19914.jpg,8.723880767822266,7.669337749481201
images_224/ART002-E-19915.jpg,8.196022987365723,5.5716142654418945
images_224/ART002-E-19916.jpg,8.613993644714355,7.885608673095703
images_224/ART002-E-19917.jpg,8.749490737915039,7.748830318450928
images_224/ART002-E-19918.jpg,8.25856876373291,5.5143723487854
images_224/ART002-E-19919.jpg,8.731698036193848,7.81532096862793
images_224/ART002-E-19920.jpg,8.719417572021484,7.753692150115967
images_224/ART002-E-19921.jpg,8.246867179870605,5.477267742156982
images_224/ART002-E-19922.jpg,8.672256469726562,7.8630595207214355
images_224/ART002-E-19923.jpg,8.688069343566895,7.702060699462891
images_224/ART002-E-19924.jpg,8.19879150390625,5.579495906829834
images_224/ART002-E-19925.jpg,8.625747680664062,7.837216854095459
images_224/ART002-E-19926.jpg,8.35480785369873,7.2351603507995605
images_224/ART002-E-19927.jpg,8.201794624328613,5.6093645095825195
images_224/ART002-E-19928.jpg,8.567734718322754,7.8563232421875
images_224/ART002-E-19929.jpg,8.596923828125,7.517693519592285
images_224/ART002-E-19930.jpg,8.014641761779785,5.593952178955078
images_224/ART002-E-19931.jpg,8.244502067565918,7.4946370124816895
images_224/ART002-E-19932.jpg,8.400054931640625,7.095176696777344
images_224/ART002-E-19933.jpg,7.870716571807861,5.399921417236328
images_224/ART002-E-19934.jpg,8.16958999633789,7.618852138519287
images_224/ART002-E-19935.jpg,8.350502967834473,7.0542731285095215
images_224/ART002-E-19936.jpg,7.874802589416504,5.495084762573242
images_224/ART002-E-19937.jpg,8.205418586730957,7.6930155754089355
images_224/ART002-E-19938.jpg,10.456738471984863,10.030171394348145
images_224/ART002-E-19939.jpg,10.964361190795898,11.72257137298584
images_224/ART002-E-19940.jpg,9.906365394592285,9.458419799804688
images_224/ART002-E-19941.jpg,9.930439949035645,9.419523239135742
images_224/ART002-E-19942.jpg,10.951684951782227,11.682832717895508
images_224/ART002-E-19943.jpg,9.889887809753418,9.449872970581055
images_224/ART002-E-19944.jpg,11.876047134399414,5.030464172363281
images_224/ART002-E-19945.jpg,10.82742691040039,3.950162410736084
images_224/ART002-E-19946.jpg,11.224428176879883,6.132499694824219
images_224/ART002-E-19947.jpg,11.887813568115234,5.166062831878662
images_224/ART002-E-19948.jpg,10.97916030883789,3.8187990188598633
images_224/ART002-E-19949.jpg,11.464153289794922,6.112980842590332
images_224/ART002-E-19950.jpg,11.985416412353516,5.132816314697266
images_224/ART002-E-19951.jpg,10.912906646728516,3.7705962657928467
images_224/ART002-E-19952.jpg,11.572309494018555,5.205386161804199
images_224/ART002-E-19953.jpg,12.087973594665527,5.041082859039307
images_224/ART002-E-19954.jpg,11.209086418151855,3.6157655715942383
images_224/ART002-E-19955.jpg,11.636378288269043,5.252851486206055
images_224/ART002-E-19956.jpg,12.119290351867676,5.133652210235596
images_224/ART002-E-19957.jpg,11.088869094848633,3.6546590328216553
images_224/ART002-E-19958.jpg,11.831512451171875,5.866874694824219
images_224/ART002-E-19959.jpg,12.08017635345459,5.078975200653076
images_224/ART002-E-19960.jpg,11.298179626464844,3.644988775253296
images_224/ART002-E-19961.jpg,11.880369186401367,5.877495765686035
images_224/ART002-E-19962.jpg,12.054702758789062,5.101438999176025
images_224/ART002-E-19963.jpg,11.273070335388184,3.4656355381011963
images_224/ART002-E-19964.jpg,11.768733978271484,5.7678961753845215
images_224/ART002-E-19965.jpg,11.845937728881836,4.9310688972473145
images_224/ART002-E-19966.jpg,11.092179298400879,3.2626843452453613
images_224/ART002-E-19967.jpg,11.701272964477539,5.2411065101623535
images_224/ART002-E-19968.jpg,12.083422660827637,5.126850128173828
images_224/ART002-E-19969.jpg,11.230110168457031,3.3848671913146973
images_224/ART002-E-19970.jpg,11.701774597167969,5.492144584655762
images_224/ART002-E-19971.jpg,10.862971305847168,4.969229698181152
images_224/ART002-E-19972.jpg,10.370390892028809,3.947955369949341
images_224/ART002-E-19973.jpg,11.136611938476562,6.190465450286865
images_224/ART002-E-19974.jpg,10.517500877380371,6.44822883605957
images_224/ART002-E-19975.jpg,9.940295219421387,4.458054542541504
images_224/ART002-E-19976.jpg,10.639239311218262,6.461845397949219
images_224/ART002-E-19977.jpg,13.593446731567383,6.084219932556152
images_224/ART002-E-19978.jpg,11.970795631408691,3.423748016357422
images_224/ART002-E-19979.jpg,13.546716690063477,6.388636589050293
images_224/ART002-E-19980.jpg,12.998331069946289,6.008218288421631
images_224/ART002-E-19981.jpg,11.440043449401855,3.356334924697876
images_224/ART002-E-19982.jpg,12.978090286254883,6.006957530975342
images_224/ART002-E-19983.jpg,12.96755313873291,5.984025955200195
images_224/ART002-E-19984.jpg,11.711857795715332,3.334163188934326
images_224/ART002-E-19985.jpg,13.051650047302246,6.027637481689453
images_224/ART002-E-19986.jpg,13.001764297485352,5.9547319412231445
images_224/ART002-E-19987.jpg,11.750251770019531,3.340118169784546
images_224/ART002-E-19988.jpg,13.143020629882812,6.130847930908203
images_224/ART002-E-19989.jpg,12.972436904907227,5.9898681640625
images_224/ART002-E-19990.jpg,11.699875831604004,3.3216922283172607
images_224/ART002-E-19991.jpg,13.282713890075684,6.178475379943848
images_224/ART002-E-19992.jpg,13.07452392578125,6.118171691894531
images_224/ART002-E-19993.jpg,11.923649787902832,3.285356283187866
images_224/ART002-E-19994.jpg,13.223026275634766,6.140675067901611
images_224/ART002-E-19995.jpg,12.8805513381958,5.9190993309021
images_224/ART002-E-19996.jpg,12.312623023986816,2.331019878387451
images_224/ART002-E-19997.jpg,12.973949432373047,5.841647148132324
images_224/ART002-E-19998.jpg,10.823616981506348,6.045094013214111
images_224/ART002-E-19999.jpg,10.345582008361816,4.7052741050720215
images_224/ART002-E-20000.jpg,11.05389404296875,6.498770713806152
images_224/ART002-E-20001.jpg,10.735560417175293,5.936671733856201
images_224/ART002-E-20002.jpg,10.377594947814941,4.603785037994385
images_224/ART002-E-20003.jpg,10.272661209106445,6.427185535430908
images_224/ART002-E-20004.jpg,10.524713516235352,5.952647686004639
images_224/ART002-E-20005.jpg,10.333939552307129,4.595927715301514
images_224/ART002-E-20006.jpg,10.16868782043457,6.440415859222412
images_224/ART002-E-20007.jpg,10.66955280303955,6.348867416381836
images_224/ART002-E-20008.jpg,10.05705738067627,4.734430313110352
images_224/ART002-E-20009.jpg,10.893097877502441,6.6187357902526855
images_224/ART002-E-20010.jpg,13.114178657531738,6.2036027908325195
images_224/ART002-E-20011.jpg,11.810206413269043,3.289520025253296
images_224/ART002-E-20012.jpg,13.382953643798828,6.286497592926025
images_224/ART002-E-20013.jpg,13.122517585754395,6.302939414978027
images_224/ART002-E-20014.jpg,11.842212677001953,3.257030725479126
images_224/ART002-E-20015.jpg,13.502124786376953,6.3406572341918945
images_224/ART002-E-20016.jpg,13.1970853805542,6.323507308959961
images_224/ART002-E-20017.jpg,12.196489334106445,3.280524492263794
images_224/ART002-E-20018.jpg,13.466630935668945,6.339654445648193
images_224/ART002-E-20019.jpg,13.230031967163086,6.281236171722412
images_224/ART002-E-20020.jpg,12.208460807800293,3.210949182510376
images_224/ART002-E-20021.jpg,13.348638534545898,6.367489814758301
images_224/ART002-E-20022.jpg,13.266024589538574,6.371176719665527
images_224/ART002-E-20023.jpg,12.32776927947998,3.1668760776519775
images_224/ART002-E-20024.jpg,13.42752456665039,6.329442501068115
images_224/ART002-E-20025.jpg,13.945242881774902,6.006147384643555
images_224/ART002-E-20026.jpg,12.602992057800293,3.533215284347534
images_224/ART002-E-20027.jpg,14.550186157226562,6.539840221405029
images_224/ART002-E-20028.jpg,14.051148414611816,5.948060989379883
images_224/ART002-E-20029.jpg,12.695302963256836,3.6290247440338135
images_224/ART002-E-20030.jpg,14.574156761169434,6.495950222015381
images_224/ART002-E-20031.jpg,9.862549781799316,7.0112175941467285
images_224/ART002-E-20032.jpg,9.467608451843262,4.677917957305908
images_224/ART002-E-20033.jpg,9.911550521850586,7.351414680480957
images_224/ART002-E-20034.jpg,9.390998840332031,6.996066570281982
images_224/ART002-E-20035.jpg,9.271258354187012,5.124946117401123
images_224/ART002-E-20036.jpg,9.69693374633789,7.548687934875488
images_224/ART002-E-20037.jpg,9.29212474822998,7.048548698425293
images_224/ART002-E-20038.jpg,9.182709693908691,5.134607315063477
images_224/ART002-E-20039.jpg,9.496707916259766,7.5708699226379395
images_224/ART002-E-20040.jpg,9.169044494628906,7.042667865753174
images_224/ART002-E-20041.jpg,9.353618621826172,4.88295316696167
images_224/ART002-E-20042.jpg,9.518542289733887,7.629910945892334
images_224/ART002-E-20043.jpg,14.775683403015137,5.497150421142578
images_224/ART002-E-20044.jpg,12.684553146362305,3.6639885902404785
images_224/ART002-E-20045.jpg,14.7247896194458,6.381915092468262
images_224/ART002-E-20046.jpg,14.789043426513672,5.428895473480225
images_224/ART002-E-20047.jpg,12.65622615814209,3.6362698078155518
images_224/ART002-E-20048.jpg,14.734371185302734,6.357340335845947
images_224/ART002-E-20049.jpg,14.901039123535156,5.625084400177002
images_224/ART002-E-20050.jpg,12.98952865600586,3.1634910106658936
images_224/ART002-E-20051.jpg,14.907990455627441,5.914107799530029
images_224/ART002-E-20052.jpg,14.905871391296387,5.618715763092041
images_224/ART002-E-20053.jpg,12.910398483276367,3.1268928050994873
images_224/ART002-E-20054.jpg,14.837564468383789,5.909275531768799
images_224/ART002-E-20055.jpg,14.915213584899902,5.676962375640869
images_224/ART002-E-20056.jpg,12.840513229370117,3.3045454025268555
images_224/ART002-E-20057.jpg,14.9125337600708,5.8348493576049805
images_224/ART002-E-20058.jpg,8.772504806518555,7.353879451751709
images_224/ART002-E-20059.jpg,7.878261566162109,5.5232834815979
images_224/ART002-E-20060.jpg,8.439101219177246,7.498139381408691
images_224/ART002-E-20061.jpg,9.140932083129883,6.690972328186035
images_224/ART002-E-20062.jpg,9.482528686523438,4.777798652648926
images_224/ART002-E-20063.jpg,8.608810424804688,7.0307745933532715
images_224/ART002-E-20064.jpg,9.358681678771973,6.489527702331543
images_224/ART002-E-20065.jpg,9.838189125061035,4.617012977600098
images_224/ART002-E-20066.jpg,9.025374412536621,6.79412317276001
images_224/ART002-E-20067.jpg,9.36030101776123,6.534384727478027
images_224/ART002-E-20068.jpg,9.824503898620605,4.6277313232421875
images_224/ART002-E-20069.jpg,9.025583267211914,6.752834796905518
images_224/ART002-E-20070.jpg,8.30337905883789,6.626666069030762
images_224/ART002-E-20071.jpg,7.829194068908691,5.220818519592285
images_224/ART002-E-20072.jpg,8.649981498718262,6.874438762664795
images_224/ART002-E-20073.jpg,8.262569427490234,6.725595951080322
images_224/ART002-E-20074.jpg,7.863196849822998,5.229018688201904
images_224/ART002-E-20075.jpg,8.457706451416016,7.000028133392334
images_224/ART002-E-20076.jpg,8.295069694519043,6.903174877166748
images_224/ART002-E-20077.jpg,7.930432319641113,5.254987716674805
images_224/ART002-E-20078.jpg,8.301907539367676,6.950502872467041
images_224/ART002-E-20079.jpg,8.301779747009277,6.789623260498047
images_224/ART002-E-20080.jpg,7.867700576782227,5.238694667816162
images_224/ART002-E-20081.jpg,8.441568374633789,6.940307140350342
images_224/ART002-E-20082.jpg,7.724035263061523,6.924544334411621
images_224/ART002-E-20083.jpg,7.539304733276367,5.386570453643799
images_224/ART002-E-20084.jpg,8.332767486572266,7.005359649658203
images_224/ART002-E-20085.jpg,8.03887939453125,7.016340255737305
images_224/ART002-E-20086.jpg,7.5009765625,5.515344142913818
images_224/ART002-E-20087.jpg,7.820903778076172,7.4616594314575195
images_224/ART002-E-20088.jpg,7.989352703094482,6.972463607788086
images_224/ART002-E-20089.jpg,7.41510534286499,5.684947490692139
images_224/ART002-E-20090.jpg,7.916046142578125,7.553859233856201
images_224/ART002-E-20091.jpg,7.931169509887695,6.990970134735107
images_224/ART002-E-20092.jpg,7.353732585906982,5.696099281311035
images_224/ART002-E-20093.jpg,7.881559371948242,7.527697563171387
images_224/ART002-E-20094.jpg,7.895563125610352,6.991457939147949
images_224/ART002-E-20095.jpg,7.457011699676514,5.683131694793701
images_224/ART002-E-20096.jpg,7.915065765380859,7.5462727546691895
images_224/ART002-E-20097.jpg,8.687963485717773,7.4457478523254395
images_224/ART002-E-20098.jpg,8.205265998840332,5.506024360656738
images_224/ART002-E-20099.jpg,8.582170486450195,7.575456619262695
images_224/ART002-E-20100.jpg,8.856671333312988,7.449728012084961
images_224/ART002-E-20101.jpg,8.24573040008545,5.452062606811523
images_224/ART002-E-20102.jpg,8.87382984161377,7.589497089385986
images_224/ART002-E-20103.jpg,8.963648796081543,7.204705715179443
images_224/ART002-E-20104.jpg,9.142743110656738,5.123138904571533
images_224/ART002-E-20105.jpg,9.184234619140625,7.593325138092041
images_224/ART002-E-20106.jpg,8.778481483459473,7.016300678253174
images_224/ART002-E-20107.jpg,9.019591331481934,5.036418914794922
images_224/ART002-E-20108.jpg,9.237056732177734,7.57788610458374
images_224/ART002-E-20109.jpg,8.693800926208496,7.489787578582764
images_224/ART002-E-20110.jpg,8.153470039367676,5.5377349853515625
images_224/ART002-E-20111.jpg,8.758853912353516,7.587552547454834
images_224/ART002-E-20112.jpg,7.849681854248047,6.895998954772949
images_224/ART002-E-20113.jpg,7.492688179016113,5.5543413162231445
images_224/ART002-E-20114.jpg,7.9017229080200195,7.166659832000732
images_224/ART002-E-20115.jpg,7.938502311706543,6.800722599029541
images_224/ART002-E-20116.jpg,7.495981216430664,5.522922992706299
images_224/ART002-E-20117.jpg,7.944050312042236,6.940382957458496
images_224/ART002-E-20118.jpg,7.774794101715088,7.003899097442627
images_224/ART002-E-20119.jpg,7.518487930297852,5.455229759216309
images_224/ART002-E-20120.jpg,7.776518821716309,7.325631618499756
images_224/ART002-E-20121.jpg,7.546431541442871,7.008177757263184
images_224/ART002-E-20122.jpg,7.500656604766846,5.419926166534424
images_224/ART002-E-20123.jpg,7.599440574645996,7.079013347625732
images_224/ART002-E-20124.jpg,7.482203960418701,6.95083475112915
images_224/ART002-E-20125.jpg,7.450672626495361,5.311381816864014
images_224/ART002-E-20126.jpg,7.754272937774658,7.274967193603516
images_224/ART002-E-20127.jpg,7.535196781158447,6.983863353729248
images_224/ART002-E-20128.jpg,7.548305034637451,5.363602638244629
images_224/ART002-E-20129.jpg,7.8785810470581055,7.060740947723389
images_224/ART002-E-20130.jpg,14.070199012756348,5.958761692047119
images_224/ART002-E-20131.jpg,12.703746795654297,3.64159893989563
images_224/ART002-E-20132.jpg,14.707721710205078,6.379701137542725
images_224/ART002-E-20133.jpg,12.575108528137207,5.720709800720215
images_224/ART002-E-20134.jpg,11.701125144958496,3.362703561782837
images_224/ART002-E-20135.jpg,12.773356437683105,5.872036933898926
images_224/ART002-E-20136.jpg,12.981135368347168,5.981631278991699
images_224/ART002-E-20137.jpg,11.706412315368652,3.329606294631958
images_224/ART002-E-20138.jpg,12.896539688110352,5.873142719268799
images_224/ART002-E-20139.jpg,12.937723159790039,5.922548294067383
images_224/ART002-E-20140.jpg,11.745072364807129,3.3409693241119385
images_224/ART002-E-20141.jpg,12.82650375366211,5.8900556564331055
images_224/ART002-E-20142.jpg,12.922883987426758,5.89841365814209
images_224/ART002-E-20143.jpg,11.700499534606934,3.3231801986694336
images_224/ART002-E-20144.jpg,13.144679069519043,6.128365516662598
images_224/ART002-E-20145.jpg,12.966086387634277,5.967289924621582
images_224/ART002-E-20146.jpg,11.588783264160156,3.377054452896118
images_224/ART002-E-20147.jpg,13.028825759887695,6.028467655181885
images_224/ART002-E-20148.jpg,13.14533805847168,6.134183883666992
images_224/ART002-E-20149.jpg,11.714890480041504,3.3339929580688477
images_224/ART002-E-20150.jpg,13.281648635864258,6.348272800445557
images_224/ART002-E-20151.jpg,9.886664390563965,6.918898582458496
images_224/ART002-E-20152.jpg,9.586848258972168,4.639976978302002
images_224/ART002-E-20153.jpg,9.893856048583984,7.436215400695801
images_224/ART002-E-20154.jpg,9.393091201782227,6.969297409057617
images_224/ART002-E-20155.jpg,9.263969421386719,5.131260871887207
images_224/ART002-E-20156.jpg,9.620564460754395,7.596650123596191
images_224/ART002-E-20157.jpg,9.363581657409668,5.275863170623779
images_224/ART002-E-20158.jpg,9.287035942077637,5.102792263031006
images_224/ART002-E-20159.jpg,9.58892822265625,7.571587562561035
images_224/ART002-E-20160.jpg,9.499147415161133,7.041044235229492
images_224/ART002-E-20161.jpg,9.558984756469727,4.6929426193237305
images_224/ART002-E-20162.jpg,14.67956256866455,6.456270694732666
images_224/ART002-E-20163.jpg,14.11491584777832,5.9250969886779785
images_224/ART002-E-20164.jpg,12.687337875366211,3.6764543056488037
images_224/ART002-E-20165.jpg,14.609235763549805,6.4376983642578125
images_224/ART002-E-20166.jpg,14.051243782043457,5.931412696838379
images_224/ART002-E-20167.jpg,12.690147399902344,3.630178451538086
images_224/ART002-E-20168.jpg,14.673611640930176,6.443111896514893
images_224/ART002-E-20169.jpg,13.936485290527344,6.026371479034424
images_224/ART002-E-20170.jpg,12.669942855834961,3.342761516571045
images_224/ART002-E-20171.jpg,14.311259269714355,6.4582200050354
images_224/ART002-E-20172.jpg,13.216522216796875,6.320248126983643
images_224/ART002-E-20173.jpg,12.375455856323242,3.1428720951080322
images_224/ART002-E-20174.jpg,13.446969985961914,6.372749328613281
images_224/ART002-E-20175.jpg,13.213984489440918,6.3419718742370605
images_224/ART002-E-20176.jpg,12.383610725402832,3.1428213119506836
images_224/ART002-E-20177.jpg,13.590928077697754,6.368900775909424
images_224/ART002-E-20178.jpg,13.20775318145752,6.3616414070129395
images_224/ART002-E-20179.jpg,11.863078117370605,3.353400707244873
images_224/ART002-E-20180.jpg,13.608441352844238,6.4217987060546875
images_224/ART002-E-20181.jpg,14.882242202758789,5.638467788696289
images_224/ART002-E-20182.jpg,12.957557678222656,3.1190602779388428
images_224/ART002-E-20183.jpg,14.881830215454102,6.051690101623535
images_224/ART002-E-20184.jpg,14.87851333618164,5.579472064971924
images_224/ART002-E-20185.jpg,12.647186279296875,3.6913235187530518
images_224/ART002-E-20186.jpg,14.787748336791992,6.266915798187256
images_224/ART002-E-20187.jpg,9.412919044494629,7.385617256164551
images_224/ART002-E-20188.jpg,9.319541931152344,4.882026672363281
images_224/ART002-E-20189.jpg,9.539384841918945,7.651858806610107
images_224/ART002-E-20190.jpg,9.247114181518555,7.0192131996154785
images_224/ART002-E-20191.jpg,9.245745658874512,4.947253704071045
images_224/ART002-E-20192.jpg,9.495625495910645,7.598865985870361
images_224/ART002-E-20193.jpg,9.07956600189209,6.986662864685059
images_224/ART002-E-20194.jpg,9.230669975280762,5.102780818939209
images_224/ART002-E-20195.jpg,9.632027626037598,7.616809368133545
images_224/ART002-E-20196.jpg,15.814982414245605,7.4170050621032715
images_224/ART002-E-20197.jpg,12.498889923095703,3.8006856441497803
images_224/ART002-E-20198.jpg,14.601250648498535,6.699443340301514
images_224/ART002-E-20199.jpg,9.844600677490234,8.81786823272705
images_224/ART002-E-20200.jpg,8.281250953674316,5.713385581970215
images_224/ART002-E-20201.jpg,9.797439575195312,9.15980339050293
images_224/ART002-E-20202.jpg,10.091022491455078,9.375253677368164
images_224/ART002-E-20203.jpg,8.938486099243164,4.619600296020508
images_224/ART002-E-20204.jpg,9.835498809814453,9.12918472290039
images_224/ART002-E-20205.jpg,14.669391632080078,5.582088470458984
images_224/ART002-E-20206.jpg,12.687359809875488,3.687000036239624
images_224/ART002-E-20207.jpg,14.747640609741211,6.361205577850342
images_224/ART002-E-20208.jpg,14.008646011352539,5.928347110748291
images_224/ART002-E-20209.jpg,12.696186065673828,3.692103624343872
images_224/ART002-E-20210.jpg,14.616284370422363,6.521571636199951
images_224/ART002-E-20211.jpg,14.073789596557617,5.9161200523376465
images_224/ART002-E-20212.jpg,12.684110641479492,3.5999724864959717
images_224/ART002-E-20213.jpg,14.605314254760742,6.473443508148193
images_224/ART002-E-20214.jpg,14.789155960083008,5.4682087898254395
images_224/ART002-E-20215.jpg,12.655980110168457,3.692904472351074
images_224/ART002-E-20216.jpg,14.696991920471191,6.399630546569824
images_224/ART002-E-20217.jpg,13.933807373046875,6.030554294586182
images_224/ART002-E-20218.jpg,12.607848167419434,3.664072275161743
images_224/ART002-E-20219.jpg,14.57050895690918,6.491298675537109
images_224/ART002-E-20220.jpg,13.920148849487305,5.983034610748291
images_224/ART002-E-20221.jpg,12.533208847045898,3.4427452087402344
images_224/ART002-E-20222.jpg,14.471291542053223,6.5077738761901855
images_224/ART002-E-20223.jpg,14.031961441040039,5.951375961303711
images_224/ART002-E-20224.jpg,12.648719787597656,3.493485450744629
images_224/ART002-E-20225.jpg,14.676939964294434,6.401490211486816
images_224/ART002-E-20226.jpg,14.725635528564453,5.56004524230957
images_224/ART002-E-20227.jpg,12.715475082397461,3.692927122116089
images_224/ART002-E-20228.jpg,14.72110652923584,6.378974437713623
images_224/ART002-E-20229.jpg,9.320639610290527,7.043234825134277
images_224/ART002-E-20230.jpg,9.4356689453125,4.9240193367004395
images_224/ART002-E-20231.jpg,9.520450592041016,7.646954536437988
images_224/ART002-E-20232.jpg,9.251935958862305,7.00492525100708
images_224/ART002-E-20233.jpg,9.338276863098145,4.9790191650390625
images_224/ART002-E-20234.jpg,9.635841369628906,7.575636386871338
images_224/ART002-E-20235.jpg,9.771241188049316,6.982433795928955
images_224/ART002-E-20236.jpg,9.495452880859375,4.670563697814941
images_224/ART002-E-20237.jpg,9.92354679107666,7.340111255645752
images_224/ART002-E-20238.jpg,13.918094635009766,6.000225067138672
images_224/ART002-E-20239.jpg,12.57674503326416,3.6495869159698486
images_224/ART002-E-20240.jpg,14.387070655822754,6.530196666717529
images_224/ART002-E-20241.jpg,13.881134033203125,6.088509559631348
images_224/ART002-E-20242.jpg,12.668991088867188,3.5127031803131104
images_224/ART002-E-20243.jpg,14.407745361328125,6.599603176116943
images_224/ART002-E-20244.jpg,13.926833152770996,6.037988185882568
images_224/ART002-E-20245.jpg,12.662965774536133,3.710575580596924
images_224/ART002-E-20246.jpg,14.503744125366211,6.538089752197266
images_224/ART002-E-20247.jpg,13.962028503417969,6.012597560882568
images_224/ART002-E-20248.jpg,12.675772666931152,3.6867425441741943
images_224/ART002-E-20249.jpg,14.489641189575195,6.530209064483643
images_224/ART002-E-20250.jpg,13.933244705200195,6.0179829597473145
images_224/ART002-E-20251.jpg,12.630510330200195,3.6292741298675537
images_224/ART002-E-20252.jpg,14.485353469848633,6.536619663238525
images_224/ART002-E-20253.jpg,13.953794479370117,6.011218070983887
images_224/ART002-E-20254.jpg,12.494341850280762,3.3166027069091797
images_224/ART002-E-20255.jpg,14.444260597229004,6.549590587615967
images_224/ART002-E-20256.jpg,13.948177337646484,6.0228118896484375
images_224/ART002-E-20257.jpg,12.676141738891602,3.622520923614502
images_224/ART002-E-20258.jpg,14.592240333557129,6.493373870849609
images_224/ART002-E-20259.jpg,14.764087677001953,5.537720203399658
images_224/ART002-E-20260.jpg,12.678561210632324,3.684034824371338
images_224/ART002-E-20261.jpg,14.686022758483887,6.395651340484619
images_224/ART002-E-20262.jpg,14.071662902832031,5.926663398742676
images_224/ART002-E-20263.jpg,12.708070755004883,3.624527931213379
images_224/ART002-E-20264.jpg,14.681506156921387,6.407415390014648
images_224/ART002-E-20265.jpg,14.024181365966797,5.975979328155518
images_224/ART002-E-20266.jpg,12.66904354095459,3.5967495441436768
images_224/ART002-E-20267.jpg,14.450569152832031,6.523470401763916
images_224/ART002-E-20268.jpg,13.951874732971191,5.987967014312744
images_224/ART002-E-20269.jpg,12.602956771850586,3.5709474086761475
images_224/ART002-E-20270.jpg,14.582815170288086,6.494555473327637
images_224/ART002-E-20271.jpg,12.983744621276855,6.0096635818481445
images_224/ART002-E-20272.jpg,11.119223594665527,3.188870906829834
images_224/ART002-E-20273.jpg,13.045191764831543,6.0574445724487305
images_224/ART002-E-20274.jpg,10.168503761291504,6.419375896453857
images_224/ART002-E-20275.jpg,9.36825942993164,5.141647815704346
images_224/ART002-E-20276.jpg,10.367149353027344,6.925442695617676
images_224/ART002-E-20277.jpg,10.340858459472656,6.446484088897705
images_224/ART002-E-20278.jpg,9.357909202575684,5.171252250671387
images_224/ART002-E-20279.jpg,10.406961441040039,6.83601713180542
images_224/ART002-E-20280.jpg,10.243989944458008,6.4350996017456055
images_224/ART002-E-20281.jpg,9.292707443237305,5.133281230926514
images_224/ART002-E-20282.jpg,10.170686721801758,7.153102874755859
images_224/ART002-E-20283.jpg,9.298279762268066,6.9883599281311035
images_224/ART002-E-20284.jpg,9.25958251953125,5.110971927642822
images_224/ART002-E-20285.jpg,9.56406307220459,7.5678582191467285
images_224/ART002-E-20286.jpg,9.213765144348145,6.974391937255859
images_224/ART002-E-20287.jpg,9.206202507019043,5.134675025939941
images_224/ART002-E-20288.jpg,9.534379959106445,7.555883884429932
images_224/ART002-E-20289.jpg,9.338403701782227,7.018550872802734
images_224/ART002-E-20290.jpg,9.211772918701172,5.033133506774902
images_224/ART002-E-20291.jpg,9.57532024383545,7.564802169799805
images_224/ART002-E-20292.jpg,9.557888984680176,7.172627925872803
images_224/ART002-E-20293.jpg,9.31435489654541,4.905131816864014
images_224/ART002-E-20294.jpg,9.531620025634766,7.669367790222168
images_224/ART002-E-20295.jpg,11.4580078125,7.473329067230225
images_224/ART002-E-20296.jpg,10.67945671081543,4.441415786743164
images_224/ART002-E-20297.jpg,11.773195266723633,7.2172112464904785
images_224/ART002-E-20298.jpg,11.265403747558594,7.424408912658691
images_224/ART002-E-20299.jpg,10.814276695251465,4.272831439971924
images_224/ART002-E-20300.jpg,11.713889122009277,7.296960830688477
images_224/ART002-E-20301.jpg,11.454597473144531,7.397510051727295
images_224/ART002-E-20302.jpg,10.750391960144043,4.194868564605713
images_224/ART002-E-20303.jpg,11.622666358947754,6.798985958099365
images_224/ART002-E-20304.jpg,10.246720314025879,8.004721641540527
images_224/ART002-E-20305.jpg,9.335330963134766,4.896426200866699
images_224/ART002-E-20306.jpg,10.455132484436035,8.11726188659668
images_224/ART002-E-20307.jpg,14.205680847167969,5.994949817657471
images_224/ART002-E-20308.jpg,12.664726257324219,3.684006452560425
images_224/ART002-E-20309.jpg,14.626856803894043,6.459003925323486
images_224/ART002-E-20310.jpg,11.948620796203613,4.951679229736328
images_224/ART002-E-20311.jpg,11.097689628601074,3.1435341835021973
images_224/ART002-E-20312.jpg,11.66179084777832,5.226613521575928
images_224/ART002-E-20313.jpg,10.583914756774902,4.292561054229736
images_224/ART002-E-20314.jpg,10.006747245788574,3.5602612495422363
images_224/ART002-E-20315.jpg,10.875425338745117,5.655344009399414
images_224/ART002-E-20316.jpg,11.394393920898438,5.0081281661987305
images_224/ART002-E-20317.jpg,10.360539436340332,3.8577821254730225
images_224/ART002-E-20318.jpg,11.244149208068848,5.269925117492676
images_224/ART002-E-20319.jpg,11.785795211791992,4.864291191101074
images_224/ART002-E-20320.jpg,10.982067108154297,3.1355528831481934
images_224/ART002-E-20321.jpg,11.658035278320312,5.1695427894592285
images_224/ART002-E-20322.jpg,11.780691146850586,4.77884578704834
images_224/ART002-E-20323.jpg,10.959759712219238,2.984830379486084
images_224/ART002-E-20324.jpg,11.909369468688965,5.173336982727051
images_224/ART002-E-20325.jpg,11.794979095458984,4.850442409515381
images_224/ART002-E-20326.jpg,10.976716995239258,3.0815649032592773
images_224/ART002-E-20327.jpg,11.656517028808594,5.1791863441467285
images_224/ART002-E-20328.jpg,11.788259506225586,4.850402355194092
images_224/ART002-E-20329.jpg,10.934316635131836,2.9961602687835693
images_224/ART002-E-20330.jpg,11.698148727416992,5.226521015167236
images_224/ART002-E-20331.jpg,11.714853286743164,4.830384731292725
images_224/ART002-E-20332.jpg,10.968399047851562,3.0483901500701904
images_224/ART002-E-20333.jpg,11.53220272064209,5.133042335510254
images_224/ART002-E-20334.jpg,11.746138572692871,4.83989953994751
images_224/ART002-E-20335.jpg,10.961698532104492,3.2177319526672363
images_224/ART002-E-20336.jpg,11.537647247314453,5.166568756103516
images_224/ART002-E-20337.jpg,11.747736930847168,4.921605587005615
images_224/ART002-E-20338.jpg,10.772168159484863,3.7727270126342773
images_224/ART002-E-20339.jpg,11.336341857910156,5.298769474029541
images_224/ART002-E-20340.jpg,10.809383392333984,5.506386756896973
images_224/ART002-E-20341.jpg,10.29443073272705,4.368491172790527
images_224/ART002-E-20342.jpg,10.8454008102417,5.603976726531982
images_224/ART002-E-20343.jpg,10.830497741699219,4.953861713409424
images_224/ART002-E-20344.jpg,10.362262725830078,4.473095417022705
images_224/ART002-E-20345.jpg,10.950949668884277,5.472290515899658
images_224/ART002-E-20346.jpg,9.43207836151123,6.4742608070373535
images_224/ART002-E-20347.jpg,10.05911922454834,4.596182346343994
images_224/ART002-E-20348.jpg,9.138315200805664,6.643382549285889
images_224/ART002-E-20349.jpg,9.39477252960205,6.477712154388428
images_224/ART002-E-20350.jpg,10.021547317504883,4.627449035644531
images_224/ART002-E-20351.jpg,9.192294120788574,6.645577907562256
images_224/ART002-E-20352.jpg,10.108715057373047,9.511449813842773
images_224/ART002-E-20353.jpg,12.713231086730957,5.890615463256836
images_224/ART002-E-20354.jpg,12.47177505493164,5.31843900680542
images_224/ART002-E-20355.jpg,11.533992767333984,3.329596519470215
images_224/ART002-E-20356.jpg,12.478151321411133,5.857171058654785
images_224/ART002-E-20357.jpg,12.447440147399902,5.336698532104492
images_224/ART002-E-20358.jpg,11.528939247131348,3.312201976776123
images_224/ART002-E-20359.jpg,12.460762023925781,5.875638008117676
images_224/ART002-E-20360.jpg,10.554149627685547,6.8908185958862305
images_224/ART002-E-20361.jpg,9.746868133544922,4.770092010498047
images_224/ART002-E-20362.jpg,10.67070484161377,6.879667282104492
images_224/ART002-E-20363.jpg,13.127784729003906,6.3413567543029785
images_224/ART002-E-20364.jpg,12.237709999084473,3.176917791366577
images_224/ART002-E-20365.jpg,13.182743072509766,6.357760906219482
images_224/ART002-E-20366.jpg,13.075255393981934,6.423338413238525
images_224/ART002-E-20367.jpg,12.381403923034668,3.16279673576355
images_224/ART002-E-20368.jpg,13.154634475708008,6.396374702453613
images_224/ART002-E-20369.jpg,13.039441108703613,6.423542022705078
images_224/ART002-E-20370.jpg,12.432744026184082,3.216871738433838
images_224/ART002-E-20371.jpg,13.085942268371582,6.413835525512695
images_224/ART002-E-20372.jpg,11.436089515686035,6.657580375671387
images_224/ART002-E-20373.jpg,10.24343204498291,4.449480056762695
images_224/ART002-E-20374.jpg,11.373723030090332,6.71986198425293
images_224/ART002-E-20375.jpg,10.28902816772461,6.433417320251465
images_224/ART002-E-20376.jpg,9.578253746032715,4.712625980377197
images_224/ART002-E-20377.jpg,10.248167037963867,6.618833541870117
images_224/ART002-E-20378.jpg,10.355691909790039,6.34240198135376
images_224/ART002-E-20379.jpg,9.615172386169434,4.683002471923828
images_224/ART002-E-20380.jpg,10.321306228637695,6.730206489562988
images_224/ART002-E-20381.jpg,10.2123441696167,6.627449035644531
images_224/ART002-E-20382.jpg,9.584778785705566,4.739189147949219
images_224/ART002-E-20383.jpg,10.287677764892578,6.501803398132324
images_224/ART002-E-20384.jpg,10.227503776550293,6.32710075378418
images_224/ART002-E-20385.jpg,9.690556526184082,4.496259689331055
images_224/ART002-E-20386.jpg,10.2239408493042,6.471353530883789
images_224/ART002-E-20387.jpg,10.115327835083008,6.434599876403809
images_224/ART002-E-20388.jpg,9.386412620544434,4.769771099090576
images_224/ART002-E-20389.jpg,10.223790168762207,6.528777122497559
images_224/ART002-E-20390.jpg,10.095083236694336,6.521471977233887
images_224/ART002-E-20391.jpg,9.457555770874023,4.66690731048584
images_224/ART002-E-20392.jpg,10.199773788452148,6.593361854553223
images_224/ART002-E-20393.jpg,10.251774787902832,7.242856979370117
images_224/ART002-E-20394.jpg,9.624994277954102,4.66019344329834
images_224/ART002-E-20395.jpg,10.196443557739258,7.191552639007568
images_224/ART002-E-20396.jpg,10.337702751159668,7.2802886962890625
images_224/ART002-E-20397.jpg,9.746453285217285,4.625498294830322
images_224/ART002-E-20398.jpg,10.379435539245605,7.228971481323242
images_224/ART002-E-20399.jpg,13.192407608032227,6.453230857849121
images_224/ART002-E-20400.jpg,10.576803207397461,4.339207649230957
images_224/ART002-E-20401.jpg,13.278541564941406,6.392078876495361
images_224/ART002-E-20402.jpg,11.032812118530273,7.077187538146973
images_224/ART002-E-20403.jpg,10.417420387268066,4.3608574867248535
images_224/ART002-E-20404.jpg,12.223628997802734,7.068593978881836
images_224/ART002-E-20405.jpg,10.503813743591309,6.937342643737793
images_224/ART002-E-20406.jpg,9.484426498413086,4.797537803649902
images_224/ART002-E-20407.jpg,10.524806022644043,6.979247570037842
images_224/ART002-E-20408.jpg,10.073747634887695,7.166928291320801
images_224/ART002-E-20409.jpg,9.27812671661377,4.826164722442627
images_224/ART002-E-20410.jpg,10.254484176635742,7.264170169830322
images_224/ART002-E-20411.jpg,10.059152603149414,7.686322212219238
images_224/ART002-E-20412.jpg,9.257805824279785,4.992278575897217
images_224/ART002-E-20413.jpg,10.128585815429688,7.674528121948242
images_224/ART002-E-20414.jpg,10.050042152404785,7.574484825134277
images_224/ART002-E-20415.jpg,9.272238731384277,4.878633499145508
images_224/ART002-E-20416.jpg,10.148993492126465,7.7486066818237305
images_224/ART002-E-20417.jpg,10.127448081970215,7.468267440795898
images_224/ART002-E-20418.jpg,9.376930236816406,4.850414752960205
images_224/ART002-E-20419.jpg,10.200510025024414,7.8232502937316895
images_224/ART002-E-20420.jpg,10.247493743896484,7.128772258758545
images_224/ART002-E-20421.jpg,9.678430557250977,4.605523586273193
images_224/ART002-E-20422.jpg,10.146346092224121,7.3364176750183105
images_224/ART002-E-20423.jpg,10.090235710144043,6.948010444641113
images_224/ART002-E-20424.jpg,9.55496597290039,4.601537704467773
images_224/ART002-E-20425.jpg,10.070846557617188,7.215582370758057
images_224/ART002-E-20426.jpg,9.989289283752441,6.472075462341309
images_224/ART002-E-20427.jpg,9.562664031982422,4.574436187744141
images_224/ART002-E-20428.jpg,10.162641525268555,6.484921932220459
images_224/ART002-E-20429.jpg,9.795820236206055,6.74664306640625
images_224/ART002-E-20430.jpg,9.64307975769043,3.69751238822937
images_224/ART002-E-20431.jpg,10.034205436706543,7.28573751449585
images_224/ART002-E-20432.jpg,9.936330795288086,7.001119136810303
images_224/ART002-E-20433.jpg,9.601014137268066,4.638486385345459
images_224/ART002-E-20434.jpg,9.97518539428711,7.2445220947265625
images_224/ART002-E-20435.jpg,9.906795501708984,7.460690975189209
images_224/ART002-E-20436.jpg,9.30426025390625,4.768908977508545
images_224/ART002-E-20437.jpg,9.945818901062012,7.699699878692627
images_224/ART002-E-20438.jpg,9.87055492401123,7.375442028045654
images_224/ART002-E-20439.jpg,9.24255657196045,4.847259998321533
images_224/ART002-E-20440.jpg,9.996912956237793,7.781087398529053
images_224/ART002-E-20441.jpg,9.784815788269043,7.209048271179199
images_224/ART002-E-20442.jpg,9.274676322937012,4.79080057144165
images_224/ART002-E-20443.jpg,9.841384887695312,7.738260269165039
images_224/ART002-E-20444.jpg,9.763205528259277,7.192914009094238
images_224/ART002-E-20445.jpg,9.35762882232666,4.750648021697998
images_224/ART002-E-20446.jpg,9.498859405517578,7.747854232788086
images_224/ART002-E-20447.jpg,9.46895694732666,7.0987701416015625
images_224/ART002-E-20448.jpg,9.320751190185547,4.7497944831848145
images_224/ART002-E-20449.jpg,9.55454158782959,7.637557506561279
images_224/ART002-E-20450.jpg,9.61176586151123,7.089076995849609
images_224/ART002-E-20451.jpg,9.302053451538086,4.687346458435059
images_224/ART002-E-20452.jpg,9.569062232971191,7.708755016326904
images_224/ART002-E-20453.jpg,9.621115684509277,7.130524635314941
images_224/ART002-E-20454.jpg,9.272331237792969,4.755839824676514
images_224/ART002-E-20455.jpg,9.555142402648926,7.70432710647583
images_224/ART002-E-20456.jpg,9.661380767822266,6.821147441864014
images_224/ART002-E-20457.jpg,9.313859939575195,4.064581871032715
images_224/ART002-E-20458.jpg,9.701995849609375,7.389034271240234
images_224/ART002-E-20459.jpg,9.578922271728516,6.923365116119385
images_224/ART002-E-20460.jpg,9.34355640411377,4.1642680168151855
images_224/ART002-E-20461.jpg,9.576147079467773,7.567273139953613
images_224/ART002-E-20462.jpg,9.585729598999023,6.812029838562012
images_224/ART002-E-20463.jpg,9.554320335388184,3.8640592098236084
images_224/ART002-E-20464.jpg,9.581289291381836,7.562717914581299
images_224/ART002-E-20465.jpg,9.71617317199707,6.762609958648682
images_224/ART002-E-20466.jpg,9.664141654968262,3.535183906555176
images_224/ART002-E-20467.jpg,9.820976257324219,7.352705001831055
images_224/ART002-E-20468.jpg,9.784510612487793,6.598593235015869
images_224/ART002-E-20469.jpg,9.627084732055664,3.5276222229003906
images_224/ART002-E-20470.jpg,9.885160446166992,7.330070495605469
images_224/ART002-E-20471.jpg,9.836906433105469,6.552372932434082
images_224/ART002-E-20472.jpg,9.654314041137695,3.5411300659179688
images_224/ART002-E-20473.jpg,9.989668846130371,7.200119495391846
images_224/ART002-E-20474.jpg,9.931581497192383,6.415081977844238
images_224/ART002-E-20475.jpg,9.65970230102539,3.556145191192627
images_224/ART002-E-20476.jpg,10.088174819946289,7.2207865715026855
images_224/ART002-E-20477.jpg,9.880415916442871,6.942809104919434
images_224/ART002-E-20478.jpg,9.478391647338867,4.529400825500488
images_224/ART002-E-20479.jpg,9.934497833251953,7.43018102645874
images_224/ART002-E-20480.jpg,13.905165672302246,6.079293251037598
images_224/ART002-E-20481.jpg,12.385741233825684,3.3564724922180176
images_224/ART002-E-20482.jpg,14.447680473327637,6.521543502807617
images_224/ART002-E-20483.jpg,13.896162986755371,6.0788726806640625
images_224/ART002-E-20484.jpg,12.556082725524902,3.556128740310669
images_224/ART002-E-20485.jpg,14.484429359436035,6.521450519561768
images_224/ART002-E-20486.jpg,13.899882316589355,6.053098678588867
images_224/ART002-E-20487.jpg,12.61082649230957,3.648833751678467
images_224/ART002-E-20488.jpg,14.497197151184082,6.521726131439209
images_224/ART002-E-20489.jpg,13.896484375,6.054744243621826
images_224/ART002-E-20490.jpg,12.501447677612305,3.405787944793701
images_224/ART002-E-20491.jpg,14.458261489868164,6.5199408531188965
images_224/ART002-E-20492.jpg,13.851747512817383,6.062860012054443
images_224/ART002-E-20493.jpg,12.388664245605469,3.457655906677246
images_224/ART002-E-20494.jpg,14.20032024383545,6.4416704177856445
images_224/ART002-E-20495.jpg,13.883888244628906,6.046957492828369
images_224/ART002-E-20496.jpg,12.023445129394531,3.368683338165283
images_224/ART002-E-20497.jpg,14.560100555419922,6.4795145988464355
images_224/ART002-E-20498.jpg,12.981950759887695,6.394720554351807
images_224/ART002-E-20499.jpg,12.430970191955566,3.2158305644989014
images_224/ART002-E-20500.jpg,13.460713386535645,6.441609859466553
images_224/ART002-E-20501.jpg,13.209717750549316,6.300443649291992
images_224/ART002-E-20502.jpg,12.010062217712402,3.349585771560669
images_224/ART002-E-20503.jpg,13.375284194946289,6.29368782043457
images_224/ART002-E-20504.jpg,13.204864501953125,6.267609119415283
images_224/ART002-E-20505.jpg,11.991124153137207,3.375267505645752
images_224/ART002-E-20506.jpg,13.611209869384766,6.336358547210693
images_224/ART002-E-20507.jpg,13.848838806152344,6.076321125030518
images_224/ART002-E-20508.jpg,12.43634033203125,3.4591526985168457
images_224/ART002-E-20509.jpg,13.800427436828613,6.236060619354248
images_224/ART002-E-20510.jpg,13.864869117736816,6.086019039154053
images_224/ART002-E-20511.jpg,12.461421012878418,3.6901092529296875
images_224/ART002-E-20512.jpg,14.459127426147461,6.515594959259033
images_224/ART002-E-20513.jpg,13.719436645507812,6.112569332122803
images_224/ART002-E-20514.jpg,12.473027229309082,3.4680957794189453
images_224/ART002-E-20515.jpg,13.437894821166992,6.284489631652832
images_224/ART002-E-20516.jpg,13.76697826385498,6.110748291015625
images_224/ART002-E-20517.jpg,12.200689315795898,3.3338208198547363
images_224/ART002-E-20518.jpg,13.561037063598633,6.291755676269531
images_224/ART002-E-20519.jpg,9.976369857788086,6.367301940917969
images_224/ART002-E-20520.jpg,9.578415870666504,4.560241222381592
images_224/ART002-E-20521.jpg,10.340653419494629,7.042094707489014
images_224/ART002-E-20522.jpg,9.982466697692871,6.283130168914795
images_224/ART002-E-20523.jpg,9.74953842163086,4.496545791625977
images_224/ART002-E-20524.jpg,10.4508056640625,6.841047763824463
images_224/ART002-E-20525.jpg,12.799562454223633,5.653173446655273
images_224/ART002-E-20526.jpg,11.60634994506836,3.325636625289917
images_224/ART002-E-20527.jpg,12.957087516784668,5.738267421722412
images_224/ART002-E-20528.jpg,12.927522659301758,5.789932727813721
images_224/ART002-E-20529.jpg,11.702126502990723,3.3272135257720947
images_224/ART002-E-20530.jpg,12.988324165344238,5.995131015777588
images_224/ART002-E-20531.jpg,12.94451904296875,5.831131935119629
images_224/ART002-E-20532.jpg,11.615249633789062,3.351951837539673
images_224/ART002-E-20533.jpg,12.79563045501709,5.7543625831604
images_224/ART002-E-20534.jpg,13.109920501708984,6.038743495941162
images_224/ART002-E-20535.jpg,11.957395553588867,3.3844287395477295
images_224/ART002-E-20536.jpg,13.374957084655762,6.171825408935547
images_224/ART002-E-20537.jpg,13.482847213745117,6.2800493240356445
images_224/ART002-E-20538.jpg,11.945341110229492,3.3653945922851562
images_224/ART002-E-20539.jpg,13.397388458251953,6.200535774230957
images_224/ART002-E-20540.jpg,13.378825187683105,6.284220218658447
images_224/ART002-E-20541.jpg,12.217050552368164,3.170577049255371
images_224/ART002-E-20542.jpg,13.322792053222656,6.322301387786865
images_224/ART002-E-20543.jpg,13.203874588012695,6.286622047424316
images_224/ART002-E-20544.jpg,12.012860298156738,3.3245396614074707
images_224/ART002-E-20545.jpg,13.340633392333984,6.27896785736084
images_224/ART002-E-20546.jpg,13.157877922058105,6.197054862976074
images_224/ART002-E-20547.jpg,12.18059253692627,3.2106332778930664
images_224/ART002-E-20548.jpg,13.267154693603516,6.205327033996582
images_224/ART002-E-20549.jpg,13.184340476989746,6.185150146484375
images_224/ART002-E-20550.jpg,11.882316589355469,3.3291208744049072
images_224/ART002-E-20551.jpg,13.424646377563477,6.300247669219971
images_224/ART002-E-20552.jpg,12.988429069519043,6.36165714263916
images_224/ART002-E-20553.jpg,11.846248626708984,3.428629159927368
images_224/ART002-E-20554.jpg,13.43662166595459,6.327263832092285
images_224/ART002-E-20555.jpg,9.893336296081543,6.973948955535889
images_224/ART002-E-20556.jpg,12.238337516784668,3.2531578540802
images_224/ART002-E-20557.jpg,14.036128997802734,6.547783374786377
images_224/ART002-E-20558.jpg,9.651115417480469,7.107873439788818
images_224/ART002-E-20559.jpg,9.367944717407227,4.741486072540283
images_224/ART002-E-20560.jpg,9.531834602355957,7.7184247970581055
images_224/ART002-E-20561.jpg,14.015366554260254,5.965435981750488
images_224/ART002-E-20562.jpg,12.522039413452148,3.633246660232544
images_224/ART002-E-20563.jpg,14.515469551086426,6.491182804107666
images_224/ART002-E-20564.jpg,9.792436599731445,7.345093727111816
images_224/ART002-E-20565.jpg,9.293061256408691,4.799290657043457
images_224/ART002-E-20566.jpg,9.575366973876953,7.724983215332031
images_224/ART002-E-20567.jpg,9.872815132141113,7.407781600952148
images_224/ART002-E-20568.jpg,9.2669095993042,4.812537670135498
images_224/ART002-E-20569.jpg,10.010407447814941,7.746978759765625
images_224/ART002-E-20570.jpg,13.872320175170898,6.064168453216553
images_224/ART002-E-20571.jpg,12.47510051727295,3.3604209423065186
images_224/ART002-E-20572.jpg,14.506134033203125,6.4745306968688965
images_224/ART002-E-20573.jpg,9.61137866973877,7.073758125305176
images_224/ART002-E-20574.jpg,9.307199478149414,4.792873859405518
images_224/ART002-E-20575.jpg,9.547557830810547,7.680008888244629
images_224/ART002-E-20576.jpg,9.664599418640137,7.079878330230713
images_224/ART002-E-20577.jpg,9.389983177185059,4.71500301361084
images_224/ART002-E-20578.jpg,9.561057090759277,7.6951680183410645
images_224/ART002-E-20579.jpg,9.668959617614746,7.078885555267334
images_224/ART002-E-20580.jpg,9.306111335754395,4.781733989715576
images_224/ART002-E-20581.jpg,9.57734203338623,7.6924262046813965
images_224/ART002-E-20582.jpg,9.702066421508789,6.912328720092773
images_224/ART002-E-20583.jpg,9.328850746154785,4.724879264831543
images_224/ART002-E-20584.jpg,9.57468032836914,7.63703727722168
images_224/ART002-E-20585.jpg,13.848928451538086,6.085342884063721
images_224/ART002-E-20586.jpg,12.467248916625977,3.60295033454895
images_224/ART002-E-20587.jpg,14.46020221710205,6.521455764770508
images_224/ART002-E-20588.jpg,13.895429611206055,6.0811991691589355
images_224/ART002-E-20589.jpg,12.489839553833008,3.6201601028442383
images_224/ART002-E-20590.jpg,14.411181449890137,6.4529194831848145
images_224/ART002-E-20591.jpg,13.842080116271973,6.102006435394287
images_224/ART002-E-20592.jpg,12.529176712036133,3.5188441276550293
images_224/ART002-E-20593.jpg,14.577009201049805,6.463783264160156
images_224/ART002-E-20594.jpg,9.619032859802246,7.044994831085205
images_224/ART002-E-20595.jpg,9.43612289428711,4.647276401519775
images_224/ART002-E-20596.jpg,9.546980857849121,7.630602836608887
images_224/ART002-E-20597.jpg,9.551606178283691,6.969126224517822
images_224/ART002-E-20598.jpg,9.32062816619873,4.673546314239502
images_224/ART002-E-20599.jpg,9.544133186340332,7.618195056915283
images_224/ART002-E-20600.jpg,9.568663597106934,7.078731536865234
images_224/ART002-E-20601.jpg,9.376688957214355,4.707642555236816
images_224/ART002-E-20602.jpg,9.542253494262695,7.697082996368408
images_224/ART002-E-20603.jpg,9.604066848754883,7.060317516326904
images_224/ART002-E-20604.jpg,9.389996528625488,4.70439338684082
images_224/ART002-E-20605.jpg,9.624441146850586,7.688845634460449
images_224/ART002-E-20606.jpg,9.652734756469727,7.033576488494873
images_224/ART002-E-20607.jpg,9.516388893127441,4.591315269470215
images_224/ART002-E-20608.jpg,9.572552680969238,7.661805152893066
images_224/ART002-E-20609.jpg,9.638026237487793,7.026395320892334
images_224/ART002-E-20610.jpg,9.428987503051758,4.677734375
images_224/ART002-E-20611.jpg,9.513476371765137,7.69535493850708
images_224/ART002-E-20612.jpg,13.77109432220459,6.101088523864746
images_224/ART002-E-20613.jpg,12.473544120788574,3.51973295211792
images_224/ART002-E-20614.jpg,9.65388298034668,7.631704330444336
images_224/ART002-E-20615.jpg,9.874587059020996,6.972835540771484
images_224/ART002-E-20616.jpg,9.360074996948242,4.2296366691589355
images_224/ART002-E-20617.jpg,9.89466381072998,7.428735733032227
images_224/ART002-E-20618.jpg,9.885765075683594,7.019394874572754
images_224/ART002-E-20619.jpg,9.357677459716797,4.280839920043945
images_224/ART002-E-20620.jpg,9.902793884277344,7.4319233894348145
images_224/ART002-E-20621.jpg,9.829916954040527,6.910666465759277
images_224/ART002-E-20622.jpg,9.346383094787598,4.2865681648254395
images_224/ART002-E-20623.jpg,9.89980411529541,7.429350852966309
images_224/ART002-E-20624.jpg,9.85791015625,6.987300395965576
images_224/ART002-E-20625.jpg,9.353423118591309,4.3794846534729
images_224/ART002-E-20626.jpg,9.940996170043945,7.3849992752075195
images_224/ART002-E-20627.jpg,9.866884231567383,6.9358439445495605
images_224/ART002-E-20628.jpg,9.45726203918457,4.547786235809326
images_224/ART002-E-20629.jpg,9.958559036254883,7.40170955657959
images_224/ART002-E-20630.jpg,9.915077209472656,6.981771945953369
images_224/ART002-E-20631.jpg,9.362987518310547,4.297724723815918
images_224/ART002-E-20632.jpg,9.935837745666504,7.417547225952148
images_224/ART002-E-20633.jpg,9.907105445861816,6.918234348297119
images_224/ART002-E-20634.jpg,9.348907470703125,4.307031631469727
images_224/ART002-E-20635.jpg,9.888161659240723,7.4430012702941895
images_224/ART002-E-20636.jpg,9.885602951049805,6.991758346557617
images_224/ART002-E-20637.jpg,9.355975151062012,4.267838478088379
images_224/ART002-E-20638.jpg,9.919583320617676,7.431552410125732
images_224/ART002-E-20639.jpg,9.991437911987305,9.205540657043457
images_224/ART002-E-20640.jpg,8.923480033874512,4.579354763031006
images_224/ART002-E-20641.jpg,9.927865028381348,9.160558700561523
images_224/ART002-E-20642.jpg,9.98633861541748,9.276528358459473
images_224/ART002-E-20643.jpg,8.916111946105957,4.582891464233398
images_224/ART002-E-20644.jpg,9.918166160583496,9.313738822937012
images_224/ART002-E-20645.jpg,12.163715362548828,5.434886455535889
images_224/ART002-E-20646.jpg,11.083357810974121,3.2435131072998047
images_224/ART002-E-20647.jpg,12.070318222045898,6.139510154724121
images_224/ART002-E-20648.jpg,12.926302909851074,5.591914653778076
images_224/ART002-E-20649.jpg,11.643306732177734,3.361086368560791
images_224/ART002-E-20650.jpg,12.928372383117676,5.711900234222412
images_224/ART002-E-20651.jpg,12.903010368347168,5.49380350112915
images_224/ART002-E-20652.jpg,11.594886779785156,3.424006223678589
images_224/ART002-E-20653.jpg,12.936197280883789,5.675159931182861
images_224/ART002-E-20654.jpg,11.897327423095703,4.980618000030518
images_224/ART002-E-20655.jpg,11.430306434631348,3.3024723529815674
images_224/ART002-E-20656.jpg,12.1071195602417,5.714695453643799
images_224/ART002-E-20657.jpg,12.222997665405273,5.325135707855225
images_224/ART002-E-20658.jpg,10.935401916503906,3.6524248123168945
images_224/ART002-E-20659.jpg,12.07249927520752,5.954137325286865
images_224/ART002-E-20660.jpg,12.366183280944824,6.2425947189331055
images_224/ART002-E-20661.jpg,11.11748218536377,3.315243721008301
images_224/ART002-E-20662.jpg,12.096752166748047,5.838051795959473
images_224/ART002-E-20663.jpg,12.988277435302734,5.340320587158203
images_224/ART002-E-20664.jpg,12.41028118133545,2.1621932983398438
images_224/ART002-E-20665.jpg,12.970528602600098,5.743732929229736
images_224/ART002-E-20666.jpg,12.958775520324707,5.404845237731934
images_224/ART002-E-20667.jpg,12.402385711669922,2.1653337478637695
images_224/ART002-E-20668.jpg,12.944293975830078,5.65556526184082
images_224/ART002-E-20669.jpg,9.86449909210205,6.851839065551758
images_224/ART002-E-20670.jpg,9.414982795715332,4.1944260597229
images_224/ART002-E-20671.jpg,9.99224853515625,7.325559139251709
images_224/ART002-E-20672.jpg,9.879331588745117,6.9766130447387695
images_224/ART002-E-20673.jpg,9.333313941955566,4.438586235046387
images_224/ART002-E-20674.jpg,9.969822883605957,7.296166896820068
images_224/ART002-E-20675.jpg,9.964759826660156,6.705767631530762
images_224/ART002-E-20676.jpg,9.593823432922363,3.74690580368042
images_224/ART002-E-20677.jpg,10.00411605834961,7.293785572052002
images_224/ART002-E-20678.jpg,9.941488265991211,6.4449462890625
images_224/ART002-E-20679.jpg,9.628349304199219,3.794503688812256
images_224/ART002-E-20680.jpg,10.03872013092041,7.256520748138428
images_224/ART002-E-20681.jpg,10.333617210388184,5.453021049499512
images_224/ART002-E-20682.jpg,10.526642799377441,2.891890287399292
images_224/ART002-E-20683.jpg,10.388114929199219,5.730762481689453
images_224/ART002-E-20684.jpg,10.358299255371094,5.346705436706543
images_224/ART002-E-20685.jpg,10.229568481445312,3.2897450923919678
images_224/ART002-E-20686.jpg,10.403590202331543,5.784927845001221
images_224/ART002-E-20687.jpg,12.983765602111816,5.559513092041016
images_224/ART002-E-20688.jpg,10.712517738342285,2.7665719985961914
images_224/ART002-E-20689.jpg,13.192545890808105,5.914735317230225
images_224/ART002-E-20690.jpg,12.948944091796875,5.49605131149292
images_224/ART002-E-20691.jpg,10.733227729797363,2.791043758392334
images_224/ART002-E-20692.jpg,13.086515426635742,5.800252437591553
images_224/ART002-E-20693.jpg,12.972190856933594,5.507437229156494
images_224/ART002-E-20694.jpg,10.723312377929688,2.79459547996521
images_224/ART002-E-20695.jpg,13.1405029296875,5.875751972198486
images_224/ART002-E-20696.jpg,10.363932609558105,5.437711715698242
images_224/ART002-E-20697.jpg,10.7285737991333,2.7863123416900635
images_224/ART002-E-20698.jpg,10.805588722229004,6.250260829925537
images_224/ART002-E-20699.jpg,10.373448371887207,5.3979811668396
images_224/ART002-E-20700.jpg,10.712442398071289,2.7823164463043213
images_224/ART002-E-20701.jpg,10.393885612487793,5.506505489349365
images_224/ART002-E-20702.jpg,10.370671272277832,5.449512958526611
images_224/ART002-E-20703.jpg,10.533699035644531,2.8624918460845947
images_224/ART002-E-20704.jpg,10.391337394714355,5.568587303161621
images_224/ART002-E-20705.jpg,10.366202354431152,5.453606605529785
images_224/ART002-E-20706.jpg,10.567121505737305,2.8591628074645996
images_224/ART002-E-20707.jpg,10.388492584228516,5.617924690246582
images_224/ART002-E-20708.jpg,10.388510704040527,5.355397701263428
images_224/ART002-E-20709.jpg,10.554300308227539,2.8608450889587402
images_224/ART002-E-20710.jpg,10.367263793945312,5.418700218200684
images_224/ART002-E-20711.jpg,10.373403549194336,5.372014045715332
images_224/ART002-E-20712.jpg,10.540700912475586,2.879972457885742
images_224/ART002-E-20713.jpg,10.364489555358887,5.324291229248047
images_224/ART002-E-20714.jpg,10.365031242370605,5.3495588302612305
images_224/ART002-E-20715.jpg,10.597164154052734,2.843005895614624
images_224/ART002-E-20716.jpg,10.37346363067627,5.394924640655518
images_224/ART002-E-20717.jpg,10.374799728393555,5.356283187866211
images_224/ART002-E-20718.jpg,10.56981086730957,2.8585121631622314
images_224/ART002-E-20719.jpg,10.37649917602539,5.3369317054748535
images_224/ART002-E-20720.jpg,10.362957000732422,5.510059356689453
images_224/ART002-E-20721.jpg,10.721355438232422,2.7942893505096436
images_224/ART002-E-20722.jpg,10.407434463500977,5.797266483306885
images_224/ART002-E-20723.jpg,9.838451385498047,6.699268341064453
images_224/ART002-E-20724.jpg,9.65369987487793,3.9429447650909424
images_224/ART002-E-20725.jpg,10.002614974975586,7.2276434898376465
images_224/ART002-E-20726.jpg,13.139071464538574,6.160421371459961
images_224/ART002-E-20727.jpg,12.35112476348877,2.28239369392395
images_224/ART002-E-20728.jpg,13.154717445373535,6.057536602020264
images_224/ART002-E-20729.jpg,13.14655876159668,6.077761650085449
images_224/ART002-E-20730.jpg,11.806757926940918,3.3870112895965576
images_224/ART002-E-20731.jpg,13.35836124420166,6.244609832763672
images_224/ART002-E-20732.jpg,13.19498348236084,6.207675457000732
images_224/ART002-E-20733.jpg,11.929750442504883,3.386988401412964
images_224/ART002-E-20734.jpg,13.360124588012695,6.246634006500244
images_224/ART002-E-20735.jpg,10.1718111038208,3.7571396827697754
images_224/ART002-E-20736.jpg,9.642091751098633,2.93086576461792
images_224/ART002-E-20737.jpg,10.510669708251953,4.218564033508301
images_224/ART002-E-20738.jpg,10.329032897949219,3.93625807762146
images_224/ART002-E-20739.jpg,9.587746620178223,2.7899858951568604
images_224/ART002-E-20740.jpg,10.593506813049316,4.363468170166016
images_224/ART002-E-20741.jpg,10.220108985900879,3.8014092445373535
images_224/ART002-E-20742.jpg,9.553901672363281,2.784151792526245
images_224/ART002-E-20743.jpg,10.533305168151855,4.259941577911377
images_224/ART002-E-20744.jpg,11.693534851074219,4.831777572631836
images_224/ART002-E-20745.jpg,10.810805320739746,2.87368106842041
images_224/ART002-E-20746.jpg,11.631750106811523,4.976056098937988
images_224/ART002-E-20747.jpg,10.035475730895996,3.5670971870422363
images_224/ART002-E-20748.jpg,9.6824951171875,2.995729923248291
images_224/ART002-E-20749.jpg,10.274893760681152,3.8997535705566406
images_224/ART002-E-20750.jpg,12.172717094421387,5.0666279792785645
images_224/ART002-E-20751.jpg,11.0729398727417,3.071444511413574
images_224/ART002-E-20752.jpg,11.668915748596191,5.263379096984863
images_224/ART002-E-20753.jpg,11.747095108032227,4.763055801391602
images_224/ART002-E-20754.jpg,10.926127433776855,2.978168249130249
images_224/ART002-E-20755.jpg,11.645435333251953,5.207422256469727
images_224/ART002-E-20756.jpg,12.108957290649414,5.086151599884033
images_224/ART002-E-20757.jpg,11.471826553344727,3.360804557800293
images_224/ART002-E-20758.jpg,11.785633087158203,5.507483005523682
images_224/ART002-E-20759.jpg,11.758556365966797,4.800518035888672
images_224/ART002-E-20760.jpg,11.037469863891602,3.0693728923797607
images_224/ART002-E-20761.jpg,11.590675354003906,5.2174973487854
images_224/ART002-E-20762.jpg,11.689650535583496,4.846489906311035
images_224/ART002-E-20763.jpg,10.955846786499023,3.0339956283569336
images_224/ART002-E-20764.jpg,11.537121772766113,5.139634609222412
images_224/ART002-E-20765.jpg,11.765379905700684,4.7845139503479
images_224/ART002-E-20766.jpg,10.922179222106934,2.962075710296631
images_224/ART002-E-20767.jpg,11.542986869812012,5.130046367645264
images_224/ART002-E-20768.jpg,11.764485359191895,4.789732933044434
images_224/ART002-E-20769.jpg,10.79295825958252,2.8041207790374756
images_224/ART002-E-20770.jpg,11.561666488647461,5.091110706329346
images_224/ART002-E-20771.jpg,11.76613998413086,4.927604675292969
images_224/ART002-E-20772.jpg,10.980246543884277,3.020866632461548
images_224/ART002-E-20773.jpg,11.735275268554688,5.415632724761963
images_224/ART002-E-20774.jpg,11.009560585021973,5.029756546020508
images_224/ART002-E-20775.jpg,10.632431030273438,3.895115852355957
images_224/ART002-E-20776.jpg,10.948637962341309,5.509078502655029
images_224/ART002-E-20777.jpg,10.592970848083496,4.728939056396484
images_224/ART002-E-20778.jpg,10.350509643554688,4.518860816955566
images_224/ART002-E-20779.jpg,10.922394752502441,5.319512367248535
images_224/ART002-E-20780.jpg,9.995673179626465,9.18517780303955
images_224/ART002-E-20781.jpg,9.13874626159668,4.480003356933594
images_224/ART002-E-20782.jpg,9.971749305725098,9.257195472717285
images_224/ART002-E-20783.jpg,12.969093322753906,5.344143390655518
images_224/ART002-E-20784.jpg,12.381271362304688,2.1958060264587402
images_224/ART002-E-20785.jpg,12.83251953125,5.601592063903809
images_224/ART002-E-20786.jpg,12.944695472717285,5.346815586090088
images_224/ART002-E-20787.jpg,11.560117721557617,3.310621976852417
images_224/ART002-E-20788.jpg,12.768444061279297,5.739804744720459
images_224/ART002-E-20789.jpg,12.477673530578613,5.572316646575928
images_224/ART002-E-20790.jpg,11.407267570495605,3.2557942867279053
images_224/ART002-E-20791.jpg,12.734695434570312,5.8342485427856445
images_224/ART002-E-20792.jpg,12.20521068572998,5.617987632751465
images_224/ART002-E-20793.jpg,11.076284408569336,3.234135389328003
images_224/ART002-E-20794.jpg,12.624848365783691,5.951796054840088
images_224/ART002-E-20795.jpg,11.604260444641113,6.585458755493164
images_224/ART002-E-20796.jpg,11.165650367736816,3.2686381340026855
images_224/ART002-E-20797.jpg,11.596586227416992,6.589206218719482
images_224/ART002-E-20798.jpg,11.395792007446289,6.577500343322754
images_224/ART002-E-20799.jpg,10.76003646850586,4.08513069152832
images_224/ART002-E-20800.jpg,10.985892295837402,6.769947052001953
images_224/ART002-E-20801.jpg,9.936659812927246,8.946985244750977
images_224/ART002-E-20802.jpg,9.037211418151855,4.656935214996338
images_224/ART002-E-20803.jpg,9.984169960021973,9.088997840881348
images_224/ART002-E-20804.jpg,10.026623725891113,9.232794761657715
images_224/ART002-E-20805.jpg,8.915792465209961,4.598563194274902
images_224/ART002-E-20806.jpg,9.920122146606445,9.259446144104004
images_224/ART002-E-20807.jpg,12.596856117248535,5.388066291809082
images_224/ART002-E-20808.jpg,11.475557327270508,3.322652816772461
images_224/ART002-E-20809.jpg,12.414742469787598,5.787038803100586
images_224/ART002-E-20810.jpg,13.025372505187988,5.280682563781738
images_224/ART002-E-20811.jpg,12.39716625213623,2.174037218093872
images_224/ART002-E-20812.jpg,12.928789138793945,5.676244735717773
images_224/ART002-E-20813.jpg,12.990534782409668,5.346735000610352
images_224/ART002-E-20814.jpg,12.395929336547852,2.171215772628784
images_224/ART002-E-20815.jpg,12.840432167053223,5.616535663604736
images_224/ART002-E-20816.jpg,12.994769096374512,5.326688289642334
images_224/ART002-E-20817.jpg,12.393661499023438,2.1791341304779053
images_224/ART002-E-20818.jpg,12.941239356994629,5.6492462158203125
images_224/ART002-E-20819.jpg,12.980600357055664,5.332399368286133
images_224/ART002-E-20820.jpg,12.38729190826416,2.1933724880218506
images_224/ART002-E-20821.jpg,12.905298233032227,5.6095194816589355
images_224/ART002-E-20822.jpg,12.990580558776855,5.338415622711182
images_224/ART002-E-20823.jpg,12.398490905761719,2.1667916774749756
images_224/ART002-E-20824.jpg,12.917166709899902,5.645422458648682
images_224/ART002-E-20825.jpg,12.990274429321289,5.331119060516357
images_224/ART002-E-20826.jpg,12.397493362426758,2.1794636249542236
images_224/ART002-E-20827.jpg,12.94001579284668,5.647968769073486
images_224/ART002-E-20828.jpg,12.976739883422852,5.449628829956055
images_224/ART002-E-20829.jpg,12.403914451599121,2.1653082370758057
images_224/ART002-E-20830.jpg,12.957408905029297,5.685186862945557
images_224/ART002-E-20831.jpg,12.966400146484375,5.440346717834473
images_224/ART002-E-20832.jpg,12.4270658493042,2.1427159309387207
images_224/ART002-E-20833.jpg,12.941719055175781,5.651081562042236
images_224/ART002-E-20834.jpg,12.981925964355469,5.365988731384277
images_224/ART002-E-20835.jpg,12.401501655578613,2.1715450286865234
images_224/ART002-E-20836.jpg,12.944619178771973,5.66463565826416
images_224/ART002-E-20837.jpg,8.025126457214355,-9.642051696777344
images_224/ART002-E-20838.jpg,8.087815284729004,2.8939907550811768
images_224/ART002-E-20839.jpg,9.7467041015625,5.962295055389404
images_224/ART002-E-20840.jpg,9.4537992477417,3.758073568344116
images_224/ART002-E-20841.jpg,8.075213432312012,2.8708395957946777
images_224/ART002-E-20842.jpg,9.727240562438965,5.968397617340088
images_224/ART002-E-20843.jpg,9.366582870483398,3.8061559200286865
images_224/ART002-E-20844.jpg,8.066932678222656,2.8511807918548584
images_224/ART002-E-20845.jpg,9.733853340148926,6.0304670333862305
images_224/ART002-E-20846.jpg,9.318979263305664,3.70451021194458
images_224/ART002-E-20847.jpg,8.042003631591797,2.8882744312286377
images_224/ART002-E-20848.jpg,9.719390869140625,5.972082138061523
images_224/ART002-E-20849.jpg,9.311174392700195,3.7404420375823975
images_224/ART002-E-20850.jpg,8.06529712677002,2.8746654987335205
images_224/ART002-E-20851.jpg,9.772944450378418,6.076571941375732
images_224/ART002-E-20852.jpg,9.432013511657715,4.060606002807617
images_224/ART002-E-20853.jpg,8.086366653442383,2.928839921951294
images_224/ART002-E-20854.jpg,9.770173072814941,6.055553436279297
images_224/ART002-E-20855.jpg,9.380351066589355,3.8118836879730225
images_224/ART002-E-20856.jpg,8.06612777709961,2.9278218746185303
images_224/ART002-E-20857.jpg,9.714994430541992,6.0207319259643555
images_224/ART002-E-20858.jpg,9.454833984375,4.079135894775391
images_224/ART002-E-20859.jpg,8.098356246948242,2.9571452140808105
images_224/ART002-E-20860.jpg,9.709610939025879,5.971864223480225
images_224/ART002-E-20861.jpg,9.41154670715332,3.696004629135132
images_224/ART002-E-20862.jpg,8.10281753540039,2.9638400077819824
images_224/ART002-E-20863.jpg,9.70610237121582,5.993054389953613
images_224/ART002-E-20864.jpg,9.400224685668945,3.8076770305633545
images_224/ART002-E-20865.jpg,8.086363792419434,2.926356315612793
images_224/ART002-E-20866.jpg,9.694372177124023,5.946568489074707
images_224/ART002-E-20867.jpg,9.352873802185059,3.762103796005249
images_224/ART002-E-20868.jpg,8.087776184082031,2.931124448776245
images_224/ART002-E-20869.jpg,9.67932415008545,5.941014289855957
images_224/ART002-E-20870.jpg,9.48436164855957,3.7245266437530518
images_224/ART002-E-20871.jpg,8.085197448730469,2.9495084285736084
images_224/ART002-E-20872.jpg,9.721674919128418,5.991408824920654
images_224/ART002-E-20873.jpg,9.623542785644531,3.5773205757141113
images_224/ART002-E-20874.jpg,8.091143608093262,2.940446376800537
images_224/ART002-E-20875.jpg,9.747550010681152,6.037947654724121
images_224/ART002-E-20876.jpg,9.6328125,3.5162765979766846
images_224/ART002-E-20877.jpg,8.095702171325684,2.96614670753479
images_224/ART002-E-20878.jpg,9.781879425048828,6.068490028381348
images_224/ART002-E-20879.jpg,9.510486602783203,3.7685184478759766
images_224/ART002-E-20880.jpg,8.09858512878418,2.9556097984313965
images_224/ART002-E-20881.jpg,9.8016996383667,6.12090539932251
images_224/ART002-E-20882.jpg,9.528076171875,3.8800952434539795
images_224/ART002-E-20883.jpg,8.10816764831543,2.95707631111145
images_224/ART002-E-20884.jpg,9.723848342895508,5.985777378082275
images_224/ART002-E-20885.jpg,9.588881492614746,3.805006265640259
images_224/ART002-E-20886.jpg,8.114535331726074,2.9536995887756348
images_224/ART002-E-20887.jpg,9.767470359802246,6.052750587463379
images_224/ART002-E-20888.jpg,9.797320365905762,3.467724084854126
images_224/ART002-E-20889.jpg,8.10680103302002,2.9387006759643555
images_224/ART002-E-20890.jpg,9.694194793701172,5.897225379943848
images_224/ART002-E-20891.jpg,9.703201293945312,3.535202741622925
images_224/ART002-E-20892.jpg,8.099369049072266,2.9453957080841064
images_224/ART002-E-20893.jpg,9.660978317260742,5.861825942993164
images_224/ART002-E-20894.jpg,9.760890007019043,3.540264129638672
images_224/ART002-E-20895.jpg,8.107497215270996,2.9178524017333984
images_224/ART002-E-20896.jpg,9.632899284362793,5.829681873321533
images_224/ART002-E-20897.jpg,9.822720527648926,3.4742298126220703
images_224/ART002-E-20898.jpg,8.126968383789062,2.8874800205230713
images_224/ART002-E-20899.jpg,9.17369556427002,3.2579498291015625
images_224/ART002-E-20900.jpg,9.811409950256348,3.4587416648864746
images_224/ART002-E-20901.jpg,8.122611045837402,2.8660717010498047
images_224/ART002-E-20902.jpg,9.30072021484375,3.0494368076324463
images_224/ART002-E-20903.jpg,9.664258003234863,2.97864031791687
images_224/ART002-E-20904.jpg,8.169690132141113,2.696746826171875
images_224/ART002-E-20905.jpg,9.404540061950684,2.795992374420166
images_224/ART002-E-20906.jpg,9.640380859375,2.9470458030700684
images_224/ART002-E-20907.jpg,8.211808204650879,2.4545514583587646
images_224/ART002-E-20908.jpg,9.481488227844238,2.7891669273376465
images_224/ART002-E-20909.jpg,6.889186382293701,-4.8565473556518555
images_224/ART002-E-20910.jpg,8.098726272583008,1.810987949371338
images_224/ART002-E-20911.jpg,6.870409965515137,-4.429641246795654
images_224/ART002-E-20912.jpg,6.820975303649902,-4.957487106323242
images_224/ART002-E-20913.jpg,9.05555534362793,-5.18359375
images_224/ART002-E-20914.jpg,9.812642097473145,6.076264381408691
images_224/ART002-E-20915.jpg,9.39450454711914,3.9160115718841553
images_224/ART002-E-20916.jpg,7.968379020690918,2.3690688610076904
images_224/ART002-E-20917.jpg,9.708005905151367,5.984850883483887
images_224/ART002-E-20918.jpg,9.399491310119629,3.815704107284546
images_224/ART002-E-20919.jpg,8.014101028442383,2.4048640727996826
images_224/ART002-E-20920.jpg,20.19663429260254,1.1787015199661255
images_224/ART002-E-20921.jpg,20.251258850097656,1.038976788520813
images_224/ART002-E-20922.jpg,20.59920310974121,1.7654584646224976
images_224/ART002-E-20923.jpg,19.87042808532715,1.74113130569458
images_224/ART002-E-20924.jpg,19.981237411499023,1.5092689990997314
images_224/ART002-E-20925.jpg,19.948427200317383,1.6308741569519043
images_224/ART002-E-20926.jpg,20.193626403808594,1.8073341846466064
images_224/ART002-E-20927.jpg,20.123661041259766,1.7562105655670166
images_224/ART002-E-20928.jpg,20.050640106201172,1.7109768390655518
images_224/ART002-E-20929.jpg,9.123456001281738,2.5190165042877197
images_224/ART002-E-20930.jpg,20.104944229125977,1.4172255992889404
images_224/ART002-E-20931.jpg,20.232091903686523,1.8832982778549194
images_224/ART002-E-20932.jpg,20.240699768066406,1.8533048629760742
images_224/ART002-E-20933.jpg,20.075042724609375,1.877332329750061
images_224/ART002-E-20934.jpg,19.880573272705078,1.6688355207443237
images_224/ART002-E-20935.jpg,19.880966186523438,1.675350308418274
images_224/ART002-E-20936.jpg,20.25118637084961,1.8488855361938477
images_224/ART002-E-20937.jpg,20.316457748413086,1.7847470045089722
images_224/ART002-E-20938.jpg,19.882774353027344,1.8165429830551147
images_224/ART002-E-20939.jpg,19.840457916259766,1.832098364830017
images_224/ART002-E-20940.jpg,20.25806427001953,1.9235305786132812
images_224/ART002-E-20941.jpg,20.27716827392578,1.883441686630249
images_224/ART002-E-20942.jpg,19.895605087280273,1.7664169073104858
images_224/ART002-E-20943.jpg,19.85096549987793,1.7406376600265503
images_224/ART002-E-20944.jpg,19.859600067138672,1.7405469417572021
images_224/ART002-E-20945.jpg,20.298973083496094,1.8561683893203735
images_224/ART002-E-20946.jpg,20.27332878112793,1.8419901132583618
images_224/ART002-E-20947.jpg,15.379175186157227,-3.081726312637329
images_224/ART002-E-20948.jpg,15.536890029907227,-3.152803421020508
images_224/ART002-E-20949.jpg,15.332412719726562,-3.027564525604248
images_224/ART002-E-20950.jpg,14.855094909667969,-3.2818164825439453
images_224/ART002-E-20951.jpg,14.554594993591309,-3.063852310180664
images_224/ART002-E-20952.jpg,15.323598861694336,-3.02345871925354
images_224/ART002-E-20953.jpg,15.239056587219238,-2.9979183673858643
images_224/ART002-E-20954.jpg,15.392946243286133,-3.0414421558380127
images_224/ART002-E-20955.jpg,14.952177047729492,-3.322723388671875
images_224/ART002-E-20956.jpg,14.62134838104248,-3.0969481468200684
images_224/ART002-E-20957.jpg,21.107973098754883,1.048487663269043
images_224/ART002-E-20958.jpg,20.948392868041992,0.7539775967597961
images_224/ART002-E-20959.jpg,21.023365020751953,0.9193876385688782
images_224/ART002-E-20960.jpg,21.13336944580078,1.7992571592330933
images_224/ART002-E-20961.jpg,21.078262329101562,1.7769136428833008
images_224/ART002-E-20962.jpg,21.102956771850586,0.8989271521568298
images_224/ART002-E-20963.jpg,20.97998046875,0.670766294002533
images_224/ART002-E-20964.jpg,21.048091888427734,0.8441451191902161
images_224/ART002-E-20965.jpg,21.090492248535156,1.8564890623092651
images_224/ART002-E-20966.jpg,21.132543563842773,1.7872751951217651
images_224/ART002-E-20967.jpg,21.097631454467773,0.9444735050201416
images_224/ART002-E-20968.jpg,20.991865158081055,0.6957868933677673
images_224/ART002-E-20969.jpg,21.101526260375977,0.8421345949172974
images_224/ART002-E-20970.jpg,21.126195907592773,1.8116570711135864
images_224/ART002-E-20971.jpg,21.110456466674805,1.8074257373809814
images_224/ART002-E-20972.jpg,21.099822998046875,0.9744383096694946
images_224/ART002-E-20973.jpg,20.98867416381836,0.6664415597915649
images_224/ART002-E-20974.jpg,21.06441307067871,0.7716979384422302
images_224/ART002-E-20975.jpg,21.160316467285156,1.8026561737060547
images_224/ART002-E-20976.jpg,21.0614013671875,1.8472683429718018
images_224/ART002-E-20977.jpg,21.068376541137695,0.8745104074478149
images_224/ART002-E-20978.jpg,20.98270606994629,0.6634945273399353
images_224/ART002-E-20979.jpg,21.067310333251953,0.7837657332420349
images_224/ART002-E-20980.jpg,21.1402587890625,1.8060506582260132
images_224/ART002-E-20981.jpg,21.11785125732422,1.8267691135406494
images_224/ART002-E-20982.jpg,21.05791664123535,0.917946457862854
images_224/ART002-E-20983.jpg,20.999670028686523,0.7003093361854553
images_224/ART002-E-20984.jpg,21.093582153320312,0.791312575340271
images_224/ART002-E-20985.jpg,21.111717224121094,1.8025379180908203
images_224/ART002-E-20986.jpg,21.162601470947266,1.7923561334609985
images_224/ART002-E-20987.jpg,21.142778396606445,0.9395474195480347
images_224/ART002-E-20988.jpg,20.988567352294922,0.656258761882782
images_224/ART002-E-20989.jpg,21.071210861206055,0.8092601299285889
images_224/ART002-E-20990.jpg,21.1340274810791,1.790392518043518
images_224/ART002-E-20991.jpg,21.143878936767578,1.7849550247192383
images_224/ART002-E-20992.jpg,21.093027114868164,0.8862670660018921
images_224/ART002-E-20993.jpg,21.025400161743164,0.7084431648254395
images_224/ART002-E-20994.jpg,21.064449310302734,0.7969529628753662
images_224/ART002-E-20995.jpg,21.116928100585938,1.7836426496505737
images_224/ART002-E-20996.jpg,21.116470336914062,1.7745215892791748
images_224/ART002-E-20997.jpg,21.0814266204834,1.1215630769729614
images_224/ART002-E-20998.jpg,20.982900619506836,0.726778507232666
images_224/ART002-E-20999.jpg,21.01423454284668,0.9055240154266357
images_224/ART002-E-21000.jpg,21.03952407836914,1.7274210453033447
images_224/ART002-E-21001.jpg,21.018693923950195,1.7393782138824463
images_224/ART002-E-21002.jpg,21.05716896057129,1.1429637670516968
images_224/ART002-E-21003.jpg,20.986360549926758,0.7952170372009277
images_224/ART002-E-21004.jpg,21.07354164123535,0.8474367260932922
images_224/ART002-E-21005.jpg,21.049509048461914,1.7397640943527222
images_224/ART002-E-21006.jpg,20.990320205688477,1.7504194974899292
images_224/ART002-E-21007.jpg,19.738595962524414,1.9347553253173828
images_224/ART002-E-21008.jpg,19.768537521362305,1.8921102285385132
images_224/ART002-E-21009.jpg,19.73990249633789,1.9062823057174683
images_224/ART002-E-21010.jpg,20.118650436401367,2.0143394470214844
images_224/ART002-E-21011.jpg,20.1959228515625,2.0531232357025146
images_224/ART002-E-21012.jpg,19.952007293701172,1.6480615139007568
images_224/ART002-E-21013.jpg,19.92374038696289,1.6065292358398438
images_224/ART002-E-21014.jpg,19.96239471435547,1.6034955978393555
images_224/ART002-E-21015.jpg,20.234960556030273,1.9731056690216064
images_224/ART002-E-21016.jpg,20.097463607788086,2.0731582641601562
images_224/ART002-E-21017.jpg,21.065046310424805,0.8892584443092346
images_224/ART002-E-21018.jpg,20.997289657592773,0.7196987867355347
images_224/ART002-E-21019.jpg,21.053285598754883,0.7868717312812805
images_224/ART002-E-21020.jpg,21.167129516601562,1.7433964014053345
images_224/ART002-E-21021.jpg,21.11078453063965,1.7690447568893433
images_224/ART002-E-21022.jpg,20.7484073638916,0.9404438138008118
images_224/ART002-E-21023.jpg,20.835601806640625,0.8383336663246155
images_224/ART002-E-21024.jpg,20.706439971923828,0.9209033846855164
images_224/ART002-E-21025.jpg,20.66968536376953,1.798879623413086
images_224/ART002-E-21026.jpg,20.97429656982422,1.7835508584976196
images_224/ART002-E-21027.jpg,20.85505485534668,0.9079280495643616
images_224/ART002-E-21028.jpg,20.915605545043945,0.8260390758514404
images_224/ART002-E-21029.jpg,20.907453536987305,0.868961751461029
images_224/ART002-E-21030.jpg,20.83004379272461,1.8110398054122925
images_224/ART002-E-21031.jpg,20.99483299255371,1.7898626327514648
images_224/ART002-E-21032.jpg,20.93804359436035,0.9858603477478027
images_224/ART002-E-21033.jpg,20.934539794921875,0.8205691576004028
images_224/ART002-E-21034.jpg,20.928728103637695,0.8791564106941223
images_224/ART002-E-21035.jpg,20.9300479888916,1.770285964012146
images_224/ART002-E-21036.jpg,21.02471351623535,1.7690993547439575
images_224/ART002-E-21037.jpg,21.07040023803711,0.856142520904541
images_224/ART002-E-21038.jpg,20.998445510864258,0.6646181344985962
images_224/ART002-E-21039.jpg,21.02707862854004,0.8234592080116272
images_224/ART002-E-21040.jpg,21.0886173248291,1.794584035873413
images_224/ART002-E-21041.jpg,21.136205673217773,1.7806898355484009
images_224/ART002-E-21042.jpg,21.145675659179688,0.9870392680168152
images_224/ART002-E-21043.jpg,21.041221618652344,0.6850578784942627
images_224/ART002-E-21044.jpg,21.039573669433594,0.7988331913948059
images_224/ART002-E-21045.jpg,21.116134643554688,1.7979671955108643
images_224/ART002-E-21046.jpg,21.18134117126465,1.8186808824539185
images_224/ART002-E-21047.jpg,21.05202865600586,0.8650071024894714
images_224/ART002-E-21048.jpg,20.992273330688477,0.6673925518989563
images_224/ART002-E-21049.jpg,21.009939193725586,0.861183762550354
images_224/ART002-E-21050.jpg,21.090198516845703,1.803130865097046
images_224/ART002-E-21051.jpg,21.129159927368164,1.7756454944610596
images_224/ART002-E-21052.jpg,19.907835006713867,1.8678158521652222
images_224/ART002-E-21053.jpg,19.82342529296875,1.8533191680908203
images_224/ART002-E-21054.jpg,19.765417098999023,1.8859151601791382
images_224/ART002-E-21055.jpg,20.1727294921875,1.9947253465652466
images_224/ART002-E-21056.jpg,20.212495803833008,1.9765816926956177
images_224/ART002-E-21057.jpg,19.86149787902832,1.8991276025772095
images_224/ART002-E-21058.jpg,19.811630249023438,1.8576847314834595
images_224/ART002-E-21059.jpg,19.804121017456055,1.8667614459991455
images_224/ART002-E-21060.jpg,20.192306518554688,2.0032846927642822
images_224/ART002-E-21061.jpg,20.19908332824707,2.0279934406280518
images_224/ART002-E-21062.jpg,19.587072372436523,1.990675449371338
images_224/ART002-E-21063.jpg,19.61864471435547,2.032074451446533
images_224/ART002-E-21064.jpg,19.581802368164062,1.9869935512542725
images_224/ART002-E-21065.jpg,19.952898025512695,2.354412317276001
images_224/ART002-E-21066.jpg,20.004045486450195,2.264500141143799
images_224/ART002-E-21067.jpg,19.646804809570312,2.0329277515411377
images_224/ART002-E-21068.jpg,19.574304580688477,1.9626538753509521
images_224/ART002-E-21069.jpg,19.63905143737793,1.9950302839279175
images_224/ART002-E-21070.jpg,19.92470932006836,2.1939659118652344
images_224/ART002-E-21071.jpg,19.992876052856445,2.2938992977142334
images_224/ART002-E-21072.jpg,19.625816345214844,2.0172760486602783
images_224/ART002-E-21073.jpg,19.657827377319336,1.9827864170074463
images_224/ART002-E-21074.jpg,19.640872955322266,2.058962821960449
images_224/ART002-E-21075.jpg,19.981094360351562,2.246379852294922
images_224/ART002-E-21076.jpg,20.047901153564453,2.193570137023926
images_224/ART002-E-21077.jpg,19.685503005981445,1.9122521877288818
images_224/ART002-E-21078.jpg,19.699678421020508,1.8851052522659302
images_224/ART002-E-21079.jpg,19.64443588256836,1.96969735622406
images_224/ART002-E-21080.jpg,20.0946102142334,2.112457513809204
images_224/ART002-E-21081.jpg,20.08339500427246,2.133753538131714
images_224/ART002-E-21082.jpg,19.630695343017578,2.052478790283203
images_224/ART002-E-21083.jpg,19.664186477661133,1.9968923330307007
images_224/ART002-E-21084.jpg,19.626888275146484,1.9763275384902954
images_224/ART002-E-21085.jpg,19.976320266723633,2.3119890689849854
images_224/ART002-E-21086.jpg,19.988391876220703,2.2984964847564697
images_224/ART002-E-21087.jpg,19.623369216918945,2.036226749420166
images_224/ART002-E-21088.jpg,19.674598693847656,2.076348066329956
images_224/ART002-E-21089.jpg,19.625381469726562,2.0202715396881104
images_224/ART002-E-21090.jpg,19.984407424926758,2.309549570083618
images_224/ART002-E-21091.jpg,20.020551681518555,2.269401788711548
images_224/ART002-E-21092.jpg,21.01070213317871,1.4285484552383423
images_224/ART002-E-21093.jpg,21.038938522338867,1.25641667842865
images_224/ART002-E-21094.jpg,21.062244415283203,1.282263159751892
images_224/ART002-E-21095.jpg,20.99443244934082,1.7512739896774292
images_224/ART002-E-21096.jpg,20.916057586669922,1.8081492185592651
images_224/ART002-E-21097.jpg,21.16961669921875,1.0525187253952026
images_224/ART002-E-21098.jpg,21.07025146484375,0.7184233069419861
images_224/ART002-E-21099.jpg,21.032411575317383,0.8425845503807068
images_224/ART002-E-21100.jpg,21.09706687927246,1.7821911573410034
images_224/ART002-E-21101.jpg,21.168203353881836,1.7757015228271484
images_224/ART002-E-21102.jpg,20.144315719604492,1.1808491945266724
images_224/ART002-E-21103.jpg,20.20746421813965,1.072824478149414
images_224/ART002-E-21104.jpg,20.15375518798828,1.1690826416015625
images_224/ART002-E-21105.jpg,20.449968338012695,1.8928769826889038
images_224/ART002-E-21106.jpg,20.400529861450195,1.8703948259353638
images_224/ART002-E-21107.jpg,20.058427810668945,1.2765203714370728
images_224/ART002-E-21108.jpg,20.194875717163086,1.0929768085479736
images_224/ART002-E-21109.jpg,20.129772186279297,1.1891616582870483
images_224/ART002-E-21110.jpg,20.39108657836914,1.899244785308838
images_224/ART002-E-21111.jpg,20.448169708251953,1.8510469198226929
images_224/ART002-E-21112.jpg,19.982097625732422,1.853731632232666
images_224/ART002-E-21113.jpg,20.196422576904297,1.1395514011383057
images_224/ART002-E-21114.jpg,20.114459991455078,1.2477996349334717
images_224/ART002-E-21115.jpg,20.327980041503906,1.9692634344100952
images_224/ART002-E-21116.jpg,20.37030029296875,1.888251543045044
images_224/ART002-E-21117.jpg,20.13953971862793,1.2484722137451172
images_224/ART002-E-21118.jpg,20.13828468322754,1.204879641532898
images_224/ART002-E-21119.jpg,20.130443572998047,1.232272982597351
images_224/ART002-E-21120.jpg,20.392683029174805,1.9198026657104492
images_224/ART002-E-21121.jpg,20.428625106811523,1.8823800086975098
images_224/ART002-E-21122.jpg,20.198497772216797,1.1289912462234497
images_224/ART002-E-21123.jpg,20.225160598754883,1.06460702419281
images_224/ART002-E-21124.jpg,20.222196578979492,1.0762766599655151
images_224/ART002-E-21125.jpg,20.509777069091797,1.8443588018417358
images_224/ART002-E-21126.jpg,20.50930404663086,1.7683706283569336
images_224/ART002-E-21127.jpg,20.155841827392578,1.2228248119354248
images_224/ART002-E-21128.jpg,20.172216415405273,1.1089245080947876
images_224/ART002-E-21129.jpg,20.22385025024414,1.070101022720337
images_224/ART002-E-21130.jpg,20.484268188476562,1.8519450426101685
images_224/ART002-E-21131.jpg,20.452632904052734,1.8406869173049927
images_224/ART002-E-21132.jpg,20.15323257446289,1.1751943826675415
images_224/ART002-E-21133.jpg,20.16724967956543,1.1271764039993286
images_224/ART002-E-21134.jpg,20.208221435546875,1.0999876260757446
images_224/ART002-E-21135.jpg,20.49843978881836,1.8447473049163818
images_224/ART002-E-21136.jpg,20.433692932128906,1.7935250997543335
images_224/ART002-E-21137.jpg,20.157751083374023,1.226090669631958
images_224/ART002-E-21138.jpg,20.245004653930664,1.0379388332366943
images_224/ART002-E-21139.jpg,20.18782615661621,1.114993929862976
images_224/ART002-E-21140.jpg,20.496118545532227,1.848892331123352
images_224/ART002-E-21141.jpg,20.465023040771484,1.833278775215149
images_224/ART002-E-21142.jpg,20.043825149536133,1.8767814636230469
images_224/ART002-E-21143.jpg,19.855369567871094,1.7012391090393066
images_224/ART002-E-21144.jpg,19.833860397338867,1.7241572141647339
images_224/ART002-E-21145.jpg,20.271944046020508,1.8880119323730469
images_224/ART002-E-21146.jpg,19.99934959411621,1.8578627109527588
images_224/ART002-E-21147.jpg,19.834999084472656,1.7366783618927002
images_224/ART002-E-21148.jpg,19.855756759643555,1.721147060394287
images_224/ART002-E-21149.jpg,20.204233169555664,1.9484388828277588
images_224/ART002-E-21150.jpg,20.184955596923828,1.9558742046356201
images_224/ART002-E-21151.jpg,20.094402313232422,1.9827414751052856
images_224/ART002-E-21152.jpg,19.81708335876465,1.7048072814941406
images_224/ART002-E-21153.jpg,19.860219955444336,1.7358237504959106
images_224/ART002-E-21154.jpg,20.266618728637695,1.9154261350631714
images_224/ART002-E-21155.jpg,20.293941497802734,1.910273551940918
images_224/ART002-E-21156.jpg,20.135234832763672,1.198444128036499
images_224/ART002-E-21157.jpg,20.197721481323242,1.086629867553711
images_224/ART002-E-21158.jpg,20.130083084106445,1.2038980722427368
images_224/ART002-E-21159.jpg,20.35865020751953,1.942071795463562
images_224/ART002-E-21160.jpg,20.443950653076172,1.8505078554153442
images_224/ART002-E-21161.jpg,20.153785705566406,1.2373826503753662
images_224/ART002-E-21162.jpg,20.174020767211914,1.1784193515777588
images_224/ART002-E-21163.jpg,20.15636444091797,1.2268128395080566
images_224/ART002-E-21164.jpg,20.440139770507812,1.8499444723129272
images_224/ART002-E-21165.jpg,20.42656707763672,1.8411270380020142
images_224/ART002-E-21166.jpg,20.182422637939453,1.1642125844955444
images_224/ART002-E-21167.jpg,20.231138229370117,1.061362385749817
images_224/ART002-E-21168.jpg,20.220754623413086,1.0788707733154297
images_224/ART002-E-21169.jpg,20.44765853881836,1.8400229215621948
images_224/ART002-E-21170.jpg,20.496320724487305,1.8067461252212524
images_224/ART002-E-21171.jpg,20.188138961791992,1.123975157737732
images_224/ART002-E-21172.jpg,20.239953994750977,1.0496854782104492
images_224/ART002-E-21173.jpg,20.206684112548828,1.086006760597229
images_224/ART002-E-21174.jpg,20.452816009521484,1.8420203924179077
images_224/ART002-E-21175.jpg,20.45778465270996,1.8394830226898193
images_224/ART002-E-21176.jpg,21.237348556518555,1.0607059001922607
images_224/ART002-E-21177.jpg,21.139684677124023,0.7474203705787659
images_224/ART002-E-21178.jpg,21.116291046142578,0.760711669921875
images_224/ART002-E-21179.jpg,21.283191680908203,1.6959116458892822
images_224/ART002-E-21180.jpg,21.25341033935547,1.1022740602493286
images_224/ART002-E-21181.jpg,21.157682418823242,0.8043617606163025
images_224/ART002-E-21182.jpg,21.242042541503906,1.0969445705413818
images_224/ART002-E-21183.jpg,21.285009384155273,1.7220205068588257
images_224/ART002-E-21184.jpg,21.277143478393555,1.7274444103240967
images_224/ART002-E-21185.jpg,21.198209762573242,1.1085478067398071
images_224/ART002-E-21186.jpg,21.11063575744629,0.7394370436668396
images_224/ART002-E-21187.jpg,21.103755950927734,0.7758095860481262
images_224/ART002-E-21188.jpg,21.24131965637207,1.7028112411499023
images_224/ART002-E-21189.jpg,21.28643798828125,1.6864112615585327
images_224/ART002-E-21190.jpg,19.8673095703125,2.467283010482788
images_224/ART002-E-21191.jpg,19.568313598632812,2.3884153366088867
images_224/ART002-E-21192.jpg,19.59803009033203,2.385983467102051
images_224/ART002-E-21193.jpg,19.95410919189453,2.3232977390289307
images_224/ART002-E-21194.jpg,19.99822425842285,2.27309250831604
images_224/ART002-E-21195.jpg,19.657546997070312,2.157782793045044
images_224/ART002-E-21196.jpg,19.635478973388672,2.094489336013794
images_224/ART002-E-21197.jpg,19.649333953857422,2.0848379135131836
images_224/ART002-E-21198.jpg,19.91682243347168,2.366781234741211
images_224/ART002-E-21199.jpg,20.00465965270996,2.2409579753875732
images_224/ART002-E-21200.jpg,19.705392837524414,2.096733331680298
images_224/ART002-E-21201.jpg,19.625627517700195,2.0434763431549072
images_224/ART002-E-21202.jpg,19.975954055786133,2.313380002975464
images_224/ART002-E-21203.jpg,20.0494384765625,2.249509811401367
images_224/ART002-E-21204.jpg,21.252328872680664,1.1271954774856567
images_224/ART002-E-21205.jpg,21.095436096191406,0.8165957927703857
images_224/ART002-E-21206.jpg,21.229015350341797,1.0690208673477173
images_224/ART002-E-21207.jpg,21.234838485717773,1.7292686700820923
images_224/ART002-E-21208.jpg,21.2061767578125,1.700596570968628
images_224/ART002-E-21209.jpg,21.232192993164062,1.0951778888702393
images_224/ART002-E-21210.jpg,21.134489059448242,0.8128242492675781
images_224/ART002-E-21211.jpg,21.23478126525879,1.112146258354187
images_224/ART002-E-21212.jpg,21.237558364868164,1.6867371797561646
images_224/ART002-E-21213.jpg,21.214719772338867,1.7242461442947388
images_224/ART002-E-21214.jpg,19.725297927856445,2.0187482833862305
images_224/ART002-E-21215.jpg,19.9730281829834,1.7200114727020264
images_224/ART002-E-21216.jpg,19.980005264282227,1.7730562686920166
images_224/ART002-E-21217.jpg,20.007266998291016,2.27755069732666
images_224/ART002-E-21218.jpg,20.187686920166016,2.020601272583008
images_224/ART002-E-21219.jpg,20.061532974243164,1.5996342897415161
images_224/ART002-E-21220.jpg,20.1645450592041,1.5061722993850708
images_224/ART002-E-21221.jpg,20.060165405273438,1.5665199756622314
images_224/ART002-E-21222.jpg,20.277013778686523,1.8427282571792603
images_224/ART002-E-21223.jpg,20.13554573059082,1.254631757736206
images_224/ART002-E-21224.jpg,20.12871551513672,1.267356276512146
images_224/ART002-E-21225.jpg,20.120214462280273,1.2646247148513794
images_224/ART002-E-21226.jpg,20.40497589111328,1.846298098564148
images_224/ART002-E-21227.jpg,20.4205322265625,1.8251906633377075
images_224/ART002-E-21228.jpg,21.212495803833008,1.0023796558380127
images_224/ART002-E-21229.jpg,21.149154663085938,0.7276103496551514
images_224/ART002-E-21230.jpg,21.133502960205078,0.7689526677131653
images_224/ART002-E-21231.jpg,21.234407424926758,1.7024977207183838
images_224/ART002-E-21232.jpg,21.264728546142578,1.7091128826141357
images_224/ART002-E-21233.jpg,21.215744018554688,0.971123993396759
images_224/ART002-E-21234.jpg,21.137775421142578,0.7427654266357422
images_224/ART002-E-21235.jpg,21.22488784790039,0.8341739773750305
images_224/ART002-E-21236.jpg,21.21600914001465,1.770445466041565
images_224/ART002-E-21237.jpg,21.257535934448242,1.725064754486084
images_224/ART002-E-21238.jpg,19.51682472229004,2.6836163997650146
images_224/ART002-E-21239.jpg,19.55324935913086,2.5208065509796143
images_224/ART002-E-21240.jpg,19.51478385925293,2.619926929473877
images_224/ART002-E-21241.jpg,19.76188850402832,2.6629204750061035
images_224/ART002-E-21242.jpg,19.721023559570312,2.716487169265747
images_224/ART002-E-21243.jpg,19.539392471313477,2.6590800285339355
images_224/ART002-E-21244.jpg,19.50080108642578,2.569822072982788
images_224/ART002-E-21245.jpg,19.503217697143555,2.6134941577911377
images_224/ART002-E-21246.jpg,19.789138793945312,2.728455066680908
images_224/ART002-E-21247.jpg,19.698514938354492,2.7366554737091064
images_224/ART002-E-21248.jpg,19.566795349121094,2.667592763900757
images_224/ART002-E-21249.jpg,19.534664154052734,2.5762197971343994
images_224/ART002-E-21250.jpg,19.520931243896484,2.61096453666687
images_224/ART002-E-21251.jpg,19.77008056640625,2.6873748302459717
images_224/ART002-E-21252.jpg,19.701732635498047,2.7269294261932373
images_224/ART002-E-21253.jpg,19.563888549804688,2.6597092151641846
images_224/ART002-E-21254.jpg,19.61672592163086,2.4902868270874023
images_224/ART002-E-21255.jpg,19.521930694580078,2.631235122680664
images_224/ART002-E-21256.jpg,19.762563705444336,2.680852174758911
images_224/ART002-E-21257.jpg,19.672428131103516,2.7596871852874756
images_224/ART002-E-21258.jpg,19.573471069335938,2.6472091674804688
images_224/ART002-E-21259.jpg,19.537994384765625,2.5612435340881348
images_224/ART002-E-21260.jpg,19.5129451751709,2.636869192123413
images_224/ART002-E-21261.jpg,19.76372718811035,2.69681715965271
images_224/ART002-E-21262.jpg,19.701221466064453,2.73814058303833
images_224/ART002-E-21263.jpg,19.628395080566406,2.6425511837005615
images_224/ART002-E-21264.jpg,19.466760635375977,2.5100252628326416
images_224/ART002-E-21265.jpg,19.525880813598633,2.656398057937622
images_224/ART002-E-21266.jpg,19.74205207824707,2.6819396018981934
images_224/ART002-E-21267.jpg,19.694929122924805,2.7507176399230957
images_224/ART002-E-21268.jpg,19.558671951293945,2.657623052597046
images_224/ART002-E-21269.jpg,19.535520553588867,2.5679845809936523
images_224/ART002-E-21270.jpg,19.512060165405273,2.641342878341675
images_224/ART002-E-21271.jpg,19.740737915039062,2.695584774017334
images_224/ART002-E-21272.jpg,19.72576904296875,2.74310564994812
images_224/ART002-E-21273.jpg,19.594057083129883,2.656156063079834
images_224/ART002-E-21274.jpg,19.573963165283203,2.628066062927246
images_224/ART002-E-21275.jpg,19.50462532043457,2.619486093521118
images_224/ART002-E-21276.jpg,19.73768424987793,2.693145990371704
images_224/ART002-E-21277.jpg,19.701576232910156,2.7377521991729736
images_224/ART002-E-21278.jpg,19.5741024017334,2.6652345657348633
images_224/ART002-E-21279.jpg,19.516639709472656,2.6027352809906006
images_224/ART002-E-21280.jpg,19.537822723388672,2.6373846530914307
images_224/ART002-E-21281.jpg,19.76386070251465,2.7132961750030518
images_224/ART002-E-21282.jpg,19.71865463256836,2.736804962158203
images_224/ART002-E-21283.jpg,20.875593185424805,1.4279401302337646
images_224/ART002-E-21284.jpg,20.945131301879883,0.9066553711891174
images_224/ART002-E-21285.jpg,20.974138259887695,1.027234673500061
images_224/ART002-E-21286.jpg,20.907258987426758,1.5911067724227905
images_224/ART002-E-21287.jpg,20.684288024902344,1.7056742906570435
images_224/ART002-E-21288.jpg,21.23544692993164,0.9287768602371216
images_224/ART002-E-21289.jpg,21.11298370361328,0.7216367721557617
images_224/ART002-E-21290.jpg,21.122861862182617,0.7422650456428528
images_224/ART002-E-21291.jpg,21.18426513671875,1.762993335723877
images_224/ART002-E-21292.jpg,21.171621322631836,1.7640026807785034
images_224/ART002-E-21293.jpg,21.25376319885254,0.9323815703392029
images_224/ART002-E-21294.jpg,21.13170623779297,0.7426893711090088
images_224/ART002-E-21295.jpg,21.142210006713867,0.7728299498558044
images_224/ART002-E-21296.jpg,21.172569274902344,1.776916742324829
images_224/ART002-E-21297.jpg,21.170656204223633,1.7656468152999878
images_224/ART002-E-21298.jpg,19.662099838256836,2.6782517433166504
images_224/ART002-E-21299.jpg,19.56664276123047,2.607738971710205
images_224/ART002-E-21300.jpg,19.62434959411621,2.6375598907470703
images_224/ART002-E-21301.jpg,19.714244842529297,2.752223491668701
images_224/ART002-E-21302.jpg,19.70008659362793,2.74246883392334
images_224/ART002-E-21303.jpg,10.072809219360352,5.7529730796813965
images_224/ART002-E-21304.jpg,9.587435722351074,4.365978240966797
images_224/ART002-E-21305.jpg,9.816980361938477,4.806276321411133
images_224/ART002-E-21306.jpg,8.194049835205078,2.8359336853027344
images_224/ART002-E-21307.jpg,8.12536334991455,2.615795850753784
images_224/ART002-E-21308.jpg,9.725008964538574,5.9638519287109375
images_224/ART002-E-21309.jpg,9.40062141418457,3.7883853912353516
images_224/ART002-E-21310.jpg,9.729048728942871,6.002766132354736
images_224/ART002-E-21311.jpg,8.070262908935547,2.858137369155884
images_224/ART002-E-21312.jpg,8.03991985321045,2.709498882293701
images_224/ART002-E-21313.jpg,9.71390151977539,5.959692478179932
images_224/ART002-E-21314.jpg,9.380922317504883,3.796769618988037
images_224/ART002-E-21315.jpg,9.680959701538086,5.887243270874023
images_224/ART002-E-21316.jpg,8.058110237121582,2.828179359436035
images_224/ART002-E-21317.jpg,8.026934623718262,2.70841908454895
images_224/ART002-E-21318.jpg,16.906818389892578,-0.2576850950717926
images_224/ART002-E-21319.jpg,11.123394012451172,2.5877604484558105
images_224/ART002-E-21320.jpg,16.693796157836914,-0.04964088276028633
images_224/ART002-E-21321.jpg,16.909761428833008,-0.26315632462501526
images_224/ART002-E-21322.jpg,16.932920455932617,-0.28865715861320496
images_224/ART002-E-21323.jpg,16.89826774597168,-0.24813473224639893
images_224/ART002-E-21324.jpg,11.122350692749023,2.5813865661621094
images_224/ART002-E-21325.jpg,16.691919326782227,-0.04776579514145851
images_224/ART002-E-21326.jpg,16.91485595703125,-0.26997119188308716
images_224/ART002-E-21327.jpg,16.920684814453125,-0.2774104177951813
images_224/ART002-E-21328.jpg,16.909011840820312,-0.26100286841392517
images_224/ART002-E-21329.jpg,11.125069618225098,2.5941293239593506
images_224/ART002-E-21330.jpg,16.696269989013672,-0.05452674627304077
images_224/ART002-E-21331.jpg,16.914575576782227,-0.267194539308548
images_224/ART002-E-21332.jpg,16.91761589050293,-0.27101606130599976
images_224/ART002-E-21333.jpg,16.910614013671875,-0.2636740803718567
images_224/ART002-E-21334.jpg,11.12114143371582,2.5830209255218506
images_224/ART002-E-21335.jpg,16.696014404296875,-0.05177190527319908
images_224/ART002-E-21336.jpg,16.919092178344727,-0.2721976041793823
images_224/ART002-E-21337.jpg,16.932125091552734,-0.2858276963233948
images_224/ART002-E-21338.jpg,16.910566329956055,-0.2604544460773468
images_224/ART002-E-21339.jpg,11.140542030334473,2.591947078704834
images_224/ART002-E-21340.jpg,16.6962833404541,-0.05315869301557541
images_224/ART002-E-21341.jpg,16.916059494018555,-0.26943591237068176
images_224/ART002-E-21342.jpg,16.921123504638672,-0.2752986550331116
images_224/ART002-E-21343.jpg,16.910667419433594,-0.26175108551979065
images_224/ART002-E-21344.jpg,11.112993240356445,2.5949461460113525
images_224/ART002-E-21345.jpg,16.695423126220703,-0.055931154638528824
images_224/ART002-E-21347.jpg,16.92659568786621,-0.2799939811229706
images_224/ART002-E-21348.jpg,16.909774780273438,-0.261789470911026
images_224/ART002-E-21349.jpg,11.121764183044434,2.5950255393981934
images_224/ART002-E-21350.jpg,16.7023983001709,-0.058786459267139435
images_224/ART002-E-21351.jpg,16.89463233947754,-0.24785837531089783
images_224/ART002-E-21352.jpg,16.925037384033203,-0.2785662114620209
images_224/ART002-E-21353.jpg,16.899484634399414,-0.24938750267028809
images_224/ART002-E-21354.jpg,11.123720169067383,2.5863850116729736
images_224/ART002-E-21355.jpg,16.69649887084961,-0.05303904414176941
images_224/ART002-E-21356.jpg,16.925212860107422,-0.27797797322273254
images_224/ART002-E-21357.jpg,16.952068328857422,-0.3073282837867737
images_224/ART002-E-21361.jpg,17.99129295349121,15.381680488586426
images_224/ART002-E-21366.jpg,18.007776260375977,15.377644538879395
images_224/ART002-E-21588.jpg,1.1550941467285156,-5.857720375061035
images_224/ART002-E-21589.jpg,1.1702932119369507,-5.841087818145752
images_224/ART002-E-21590.jpg,0.590743362903595,-5.7992939949035645
images_224/ART002-E-21591.jpg,0.9961914420127869,-5.5511603355407715
images_224/ART002-E-21592.jpg,1.1028918027877808,-5.827728271484375
images_224/ART002-E-21593.jpg,1.3064783811569214,-5.822221279144287
images_224/ART002-E-21594.jpg,1.1164026260375977,-5.816598415374756
images_224/ART002-E-21595.jpg,0.44383925199508667,-5.749479293823242
images_224/ART002-E-21596.jpg,1.1080816984176636,-5.793431282043457
images_224/ART002-E-21597.jpg,0.16768930852413177,-5.250467300415039
images_224/ART002-E-21598.jpg,-0.10699043422937393,-5.373074531555176
images_224/ART002-E-21599.jpg,-0.4071265459060669,-4.969179630279541
images_224/ART002-E-21600.jpg,-0.41679465770721436,-4.963896751403809
images_224/ART002-E-21601.jpg,1.0285954475402832,-5.720966339111328
images_224/ART002-E-21602.jpg,1.1566487550735474,-5.764688014984131
images_224/ART002-E-21603.jpg,0.5440641641616821,-5.762441158294678
images_224/ART002-E-21604.jpg,0.9912206530570984,-5.707535743713379
images_224/ART002-E-21605.jpg,1.013318657875061,-5.724715232849121
images_224/ART002-E-21606.jpg,1.1531802415847778,-5.8139238357543945
images_224/ART002-E-21607.jpg,1.1134474277496338,-5.826076984405518
images_224/ART002-E-21608.jpg,-8.05493450164795,3.4806835651397705
images_224/ART002-E-21609.jpg,-8.040650367736816,3.494039297103882
images_224/ART002-E-21610.jpg,-8.008354187011719,3.5267832279205322
images_224/ART002-E-21611.jpg,-8.010967254638672,3.521735429763794
images_224/ART002-E-21612.jpg,-8.089646339416504,3.4455008506774902
images_224/ART002-E-21613.jpg,-7.996738910675049,3.5369112491607666
images_224/ART002-E-21614.jpg,-7.932401180267334,3.4914638996124268
images_224/ART002-E-21615.jpg,-7.955524444580078,3.58508038520813
images_224/ART002-E-21616.jpg,-8.019773483276367,3.515888214111328
images_224/ART002-E-21617.jpg,-7.984309196472168,3.5539445877075195
images_224/ART002-E-21618.jpg,-7.984594345092773,3.554112672805786
images_224/ART002-E-21619.jpg,-7.967807292938232,3.5712783336639404
images_224/ART002-E-21620.jpg,-7.98433780670166,3.5543417930603027
images_224/ART002-E-21621.jpg,-8.022004127502441,3.510061740875244
images_224/ART002-E-21622.jpg,-7.998782157897949,3.5340991020202637
images_224/ART002-E-21623.jpg,-7.98315954208374,3.55654239654541
images_224/ART002-E-21624.jpg,-7.978515148162842,3.6076810359954834
images_224/ART002-E-21625.jpg,-8.027535438537598,3.5031774044036865
images_224/ART002-E-21626.jpg,-7.919716835021973,3.6311490535736084
images_224/ART002-E-21627.jpg,-7.683919429779053,5.860113143920898
images_224/ART002-E-21628.jpg,-6.7420125007629395,6.600935459136963
images_224/ART002-E-21629.jpg,-7.695326805114746,5.865081310272217
images_224/ART002-E-21630.jpg,-3.244793653488159,4.564671993255615
images_224/ART002-E-21631.jpg,-6.22321891784668,5.289139270782471
images_224/ART002-E-21632.jpg,-6.233530044555664,5.2930006980896
images_224/ART002-E-21633.jpg,-6.888270854949951,4.541375160217285
images_224/ART002-E-21634.jpg,-6.0061163902282715,5.264556884765625
images_224/ART002-E-21635.jpg,-7.98417854309082,3.5561954975128174
images_224/ART002-E-21636.jpg,-8.043386459350586,3.4892191886901855
images_224/ART002-E-21637.jpg,-6.710484504699707,6.634686470031738
images_224/ART002-E-21638.jpg,-7.9959397315979,3.5377821922302246
images_224/ART002-E-21639.jpg,-8.033467292785645,3.498361587524414
images_224/ART002-E-21640.jpg,-7.695728778839111,5.853308200836182
images_224/ART002-E-21641.jpg,-6.722474098205566,6.570340633392334
images_224/ART002-E-21642.jpg,-6.72688627243042,5.723369598388672
images_224/ART002-E-21643.jpg,-7.693698406219482,5.853500843048096
images_224/ART002-E-21644.jpg,-7.9599199295043945,3.581894874572754
images_224/ART002-E-21645.jpg,-6.748104572296143,6.5929365158081055
images_224/ART002-E-21646.jpg,-7.621811389923096,5.922540187835693
images_224/ART002-E-21647.jpg,-7.609612464904785,5.9273505210876465
images_224/ART002-E-21648.jpg,-7.679183483123779,5.845588207244873
images_224/ART002-E-21649.jpg,-6.724524974822998,5.629395961761475
images_224/ART002-E-21650.jpg,-4.4026312828063965,4.886404037475586
images_224/ART002-E-21651.jpg,-6.739749908447266,6.607691764831543
images_224/ART002-E-21652.jpg,-6.737263202667236,6.603178977966309
images_224/ART002-E-21653.jpg,-7.677283763885498,5.844116687774658
images_224/ART002-E-21654.jpg,-7.692453861236572,5.856688976287842
images_224/ART002-E-21655.jpg,-7.676346778869629,5.883082866668701
images_224/ART002-E-21656.jpg,-6.738664150238037,6.596923828125
images_224/ART002-E-21657.jpg,-6.740476131439209,6.605696201324463
images_224/ART002-E-21658.jpg,-7.715539455413818,5.8320512771606445
images_224/ART002-E-21659.jpg,-7.608058929443359,5.908712863922119
images_224/ART002-E-21660.jpg,-6.69390869140625,6.677076816558838
images_224/ART002-E-21661.jpg,-7.59503173828125,5.9385786056518555
images_224/ART002-E-21662.jpg,-6.7648024559021,5.832464694976807
images_224/ART002-E-21663.jpg,-6.785855293273926,5.819806098937988
images_224/ART002-E-21664.jpg,-6.8164238929748535,6.529938697814941
images_224/ART002-E-21665.jpg,-6.766058444976807,5.830003261566162
images_224/ART002-E-21666.jpg,-5.844712734222412,5.23740291595459
images_224/ART002-E-21667.jpg,-8.023157119750977,3.5089097023010254
images_224/ART002-E-21668.jpg,-4.56757926940918,5.006722927093506
images_224/ART002-E-21669.jpg,-1.6409268379211426,3.610574722290039
images_224/ART002-E-21670.jpg,-3.7483620643615723,4.759459972381592
images_224/ART002-E-21671.jpg,-3.9682469367980957,4.787290573120117
images_224/ART002-E-21672.jpg,-3.7562193870544434,4.76221227645874
images_224/ART002-E-21673.jpg,-4.0823140144348145,4.83732271194458
images_224/ART002-E-21674.jpg,-3.841561794281006,4.799984931945801
images_224/ART002-E-21675.jpg,-3.6940863132476807,4.765480041503906
images_224/ART002-E-21676.jpg,-3.7635316848754883,4.774672985076904
images_224/ART002-E-21677.jpg,-4.241032600402832,4.878098964691162
images_224/ART002-E-21678.jpg,-3.7816338539123535,4.768995761871338
images_224/ART002-E-21679.jpg,-4.1311421394348145,4.8514251708984375
images_224/ART002-E-21680.jpg,-1.3262115716934204,3.0876994132995605
images_224/ART002-E-21681.jpg,-4.113591194152832,4.821221828460693
images_224/ART002-E-21682.jpg,-3.780799150466919,4.766269683837891
images_224/ART002-E-21683.jpg,-4.187901496887207,4.867467403411865
images_224/ART002-E-21684.jpg,-4.1925368309021,4.86596155166626
images_224/ART002-E-21685.jpg,-4.177730083465576,4.871917724609375
images_224/ART002-E-21686.jpg,-4.189255714416504,4.866080284118652
images_224/ART002-E-21687.jpg,-1.315687894821167,3.058445453643799
images_224/ART002-E-21688.jpg,-1.1689397096633911,2.6408092975616455
images_224/ART002-E-21689.jpg,-4.307425022125244,4.91566801071167
images_224/ART002-E-21690.jpg,-5.158689022064209,5.4300360679626465
images_224/ART002-E-21691.jpg,-5.053816795349121,5.15470027923584
images_224/ART002-E-21692.jpg,-5.0945353507995605,5.510749340057373
images_224/ART002-E-21693.jpg,-5.097621917724609,5.196204662322998
images_224/ART002-E-21694.jpg,-5.092133045196533,5.160651683807373
images_224/ART002-E-21695.jpg,-5.666366100311279,5.2732954025268555
images_224/ART002-E-21696.jpg,-5.454331398010254,5.219522476196289
images_224/ART002-E-21697.jpg,-5.132724761962891,5.453078269958496
images_224/ART002-E-21698.jpg,-4.537296772003174,5.0008087158203125
images_224/ART002-E-21699.jpg,-5.287210464477539,5.254560947418213
images_224/ART002-E-21700.jpg,-1.1679030656814575,2.6386420726776123
images_224/ART002-E-21701.jpg,-5.426722049713135,5.301495552062988
images_224/ART002-E-21702.jpg,-5.106298923492432,5.48118782043457
images_224/ART002-E-21703.jpg,-5.098160266876221,5.501769542694092
images_224/ART002-E-21704.jpg,-4.444172382354736,4.938587188720703
images_224/ART002-E-21705.jpg,-5.1216254234313965,5.451405048370361
images_224/ART002-E-21706.jpg,-5.095076560974121,5.516223430633545
images_224/ART002-E-21707.jpg,-5.070180416107178,5.158951759338379
images_224/ART002-E-21708.jpg,-4.162137508392334,4.861743450164795
images_224/ART002-E-21709.jpg,-4.727646350860596,5.020255088806152
images_224/ART002-E-21710.jpg,-5.042135238647461,5.092618465423584
images_224/ART002-E-21711.jpg,-1.3799667358398438,3.185765266418457
images_224/ART002-E-21712.jpg,-5.058470249176025,5.136486530303955
images_224/ART002-E-21713.jpg,-4.536268711090088,4.933887004852295
images_224/ART002-E-21714.jpg,-5.372848987579346,5.136443614959717
images_224/ART002-E-21715.jpg,-5.0059638023376465,5.124625205993652
images_224/ART002-E-21716.jpg,-5.008934497833252,5.1014275550842285
images_224/ART002-E-21717.jpg,-5.013593673706055,5.121755123138428
images_224/ART002-E-21718.jpg,-5.06614875793457,5.160168170928955
images_224/ART002-E-21719.jpg,-6.707756042480469,5.687074661254883
images_224/ART002-E-21720.jpg,-5.038700580596924,5.052760601043701
images_224/ART002-E-21721.jpg,-5.020900249481201,5.117323398590088
images_224/ART002-E-21722.jpg,-1.6636868715286255,3.6421165466308594
images_224/ART002-E-21723.jpg,-5.334743499755859,5.18527364730835
images_224/ART002-E-21724.jpg,-5.0542755126953125,5.130064010620117
images_224/ART002-E-21725.jpg,-5.103245258331299,5.489920139312744
images_224/ART002-E-21726.jpg,-5.081667900085449,5.51786470413208
images_224/ART002-E-21727.jpg,-1.1348240375518799,2.4241878986358643
images_224/ART002-E-21728.jpg,1.9047051668167114,-7.723759174346924
images_224/ART002-E-21729.jpg,1.8847968578338623,-7.695497512817383
images_224/ART002-E-21730.jpg,2.0937893390655518,-7.883627414703369
images_224/ART002-E-21731.jpg,1.8710790872573853,-7.679971218109131
images_224/ART002-E-21732.jpg,1.834670066833496,-7.631534099578857
images_224/ART002-E-21733.jpg,1.7634772062301636,-7.687711715698242
images_224/ART002-E-21734.jpg,1.800703763961792,-7.675110816955566
images_224/ART002-E-21735.jpg,1.8006612062454224,-7.689558506011963
images_224/ART002-E-21736.jpg,1.7912676334381104,-7.688122272491455
images_224/ART002-E-21737.jpg,1.7835848331451416,-7.670042037963867
images_224/ART002-E-21738.jpg,1.792034387588501,-7.682077407836914
images_224/ART002-E-21739.jpg,1.7913950681686401,-7.680751800537109
images_224/ART002-E-21740.jpg,2.088473320007324,-7.874307632446289
images_224/ART002-E-21741.jpg,2.052673816680908,-7.833791732788086
images_224/ART002-E-21742.jpg,2.109434127807617,-7.893179416656494
images_224/ART002-E-21743.jpg,2.1008973121643066,-7.886694431304932
images_224/ART002-E-21744.jpg,2.1015467643737793,-7.8871846199035645
images_224/ART002-E-21745.jpg,1.8685309886932373,-7.667606830596924
images_224/ART002-E-21746.jpg,2.0787014961242676,-7.832074165344238
images_224/ART002-E-21747.jpg,1.847825050354004,-7.622567176818848
images_224/ART002-E-21748.jpg,1.8076425790786743,-7.592223167419434
images_224/ART002-E-21749.jpg,1.8582743406295776,-7.625363349914551
images_224/ART002-E-21750.jpg,1.826328992843628,-7.667448997497559
images_224/ART002-E-21751.jpg,1.8672899007797241,-7.674510955810547
images_224/ART002-E-21752.jpg,1.8158026933670044,-7.662200450897217
images_224/ART002-E-21753.jpg,1.788578987121582,-7.6058430671691895
images_224/ART002-E-21754.jpg,1.7974438667297363,-7.656519889831543
images_224/ART002-E-21755.jpg,1.799760341644287,-7.624179363250732
images_224/ART002-E-21756.jpg,1.8075710535049438,-7.622242450714111
images_224/ART002-E-21757.jpg,2.09482741355896,-7.861351013183594
images_224/ART002-E-21758.jpg,1.8597465753555298,-7.668126583099365
images_224/ART002-E-21759.jpg,1.8114895820617676,-7.645876407623291
images_224/ART002-E-21760.jpg,1.8253189325332642,-7.635794162750244
images_224/ART002-E-21761.jpg,2.0505690574645996,-7.87256383895874
images_224/ART002-E-21762.jpg,1.8223581314086914,-7.6340789794921875
images_224/ART002-E-21763.jpg,1.8112878799438477,-7.606800079345703
images_224/ART002-E-21764.jpg,1.8175426721572876,-7.628230094909668
images_224/ART002-E-21765.jpg,1.8191593885421753,-7.6172356605529785
images_224/ART002-E-21766.jpg,1.8626654148101807,-7.635486125946045
images_224/ART002-E-21767.jpg,1.8305248022079468,-7.618725299835205
images_224/ART002-E-21768.jpg,2.060384750366211,-7.821829795837402
images_224/ART002-E-21769.jpg,1.7931349277496338,-7.589714527130127
images_224/ART002-E-21770.jpg,1.845786452293396,-7.595173358917236
images_224/ART002-E-21771.jpg,1.8118706941604614,-7.535392761230469
images_224/ART002-E-21772.jpg,2.0472934246063232,-7.7996134757995605
images_224/ART002-E-21773.jpg,1.9335110187530518,-7.663017749786377
images_224/ART002-E-21774.jpg,2.110048532485962,-7.880250453948975
images_224/ART002-E-21775.jpg,2.106732130050659,-7.892703533172607
images_224/ART002-E-21776.jpg,1.8995444774627686,-7.676526069641113
images_224/ART002-E-21777.jpg,2.077364921569824,-7.839876174926758
images_224/ART002-E-21778.jpg,1.9618505239486694,-7.65936279296875
images_224/ART002-E-21779.jpg,1.9975119829177856,-7.73726749420166
images_224/ART002-E-21780.jpg,1.7801563739776611,-7.5620856285095215
images_224/ART002-E-21781.jpg,2.1008639335632324,-7.876791954040527
images_224/ART002-E-21782.jpg,2.0920522212982178,-7.853747367858887
images_224/ART002-E-21783.jpg,2.0962893962860107,-7.87445592880249
images_224/ART002-E-21784.jpg,1.8737536668777466,-7.600613117218018
images_224/ART002-E-21785.jpg,1.9269884824752808,-7.577679634094238
images_224/ART002-E-21786.jpg,2.081301689147949,-7.862104415893555
images_224/ART002-E-21787.jpg,2.008767604827881,-7.677535533905029
images_224/ART002-E-21788.jpg,3.2489428520202637,-6.610354900360107
images_224/ART002-E-21789.jpg,3.238832712173462,-6.607173919677734
images_224/ART002-E-21790.jpg,3.254383087158203,-6.580289840698242
images_224/ART002-E-21791.jpg,3.2308714389801025,-6.6414408683776855
images_224/ART002-E-21792.jpg,3.1595447063446045,-6.705219268798828
images_224/ART002-E-21793.jpg,3.221397638320923,-6.650241851806641
images_224/ART002-E-21794.jpg,3.209404230117798,-6.656620502471924
images_224/ART002-E-21795.jpg,3.14567494392395,-6.718568325042725
images_224/ART002-E-21796.jpg,3.0807738304138184,-6.7447190284729
images_224/ART002-E-21797.jpg,2.8703057765960693,-6.592949867248535
images_224/ART002-E-21798.jpg,3.1614975929260254,-6.7034010887146
images_224/ART002-E-21799.jpg,3.2346291542053223,-6.66605281829834
images_224/ART002-E-21800.jpg,3.203744649887085,-6.6777167320251465
images_224/ART002-E-21801.jpg,3.189082145690918,-6.693918704986572
images_224/ART002-E-21802.jpg,3.175962209701538,-6.707202911376953
images_224/ART002-E-21803.jpg,3.1234447956085205,-6.680728435516357
images_224/ART002-E-21804.jpg,3.2605245113372803,-6.631417274475098
images_224/ART002-E-21805.jpg,3.1454503536224365,-6.722047805786133
images_224/ART002-E-21806.jpg,3.269584894180298,-6.619325637817383
images_224/ART002-E-21807.jpg,2.9297544956207275,-6.389184951782227
images_224/ART002-E-21808.jpg,3.1713082790374756,-6.742884159088135
images_224/ART002-E-21809.jpg,3.1490137577056885,-6.736051082611084
images_224/ART002-E-21810.jpg,3.171539068222046,-6.717687129974365
images_224/ART002-E-21811.jpg,3.1832594871520996,-6.697403430938721
images_224/ART002-E-21812.jpg,3.122875928878784,-6.754252910614014
images_224/ART002-E-21813.jpg,3.010580062866211,-6.616884708404541
images_224/ART002-E-21814.jpg,3.1657373905181885,-6.640503883361816
images_224/ART002-E-21815.jpg,3.076716899871826,-6.6394877433776855
images_224/ART002-E-21816.jpg,2.9721436500549316,-6.569376468658447
images_224/ART002-E-21817.jpg,2.9501006603240967,-6.581063270568848
images_224/ART002-E-21818.jpg,3.1715753078460693,-6.663438320159912
images_224/ART002-E-21819.jpg,3.1480817794799805,-6.6810736656188965
images_224/ART002-E-21820.jpg,3.1761884689331055,-6.704339504241943
images_224/ART002-E-21821.jpg,3.2353627681732178,-6.649003505706787
images_224/ART002-E-21822.jpg,3.2319815158843994,-6.665521621704102
images_224/ART002-E-21823.jpg,3.227832078933716,-6.687678813934326
images_224/ART002-E-21824.jpg,3.2108511924743652,-6.655230522155762
images_224/ART002-E-21825.jpg,2.797316789627075,-6.5443902015686035
images_224/ART002-E-21826.jpg,3.2093679904937744,-6.660986423492432
images_224/ART002-E-21827.jpg,2.8631556034088135,-6.5662970542907715
images_224/ART002-E-21828.jpg,3.30245304107666,-6.476078510284424
images_224/ART002-E-21829.jpg,3.2552032470703125,-6.615040302276611
images_224/ART002-E-21830.jpg,3.1896450519561768,-6.599936485290527
images_224/ART002-E-21831.jpg,3.168816089630127,-6.631753921508789
images_224/ART002-E-21832.jpg,3.2287442684173584,-6.553346157073975
images_224/ART002-E-21833.jpg,3.021254539489746,-6.3603739738464355
images_224/ART002-E-21834.jpg,2.8259546756744385,-6.570916652679443
images_224/ART002-E-21835.jpg,3.0889892578125,-6.6507086753845215
images_224/ART002-E-21836.jpg,2.807502508163452,-6.3116631507873535
images_224/ART002-E-21837.jpg,3.180933713912964,-6.304793834686279
images_224/ART002-E-21838.jpg,3.1223342418670654,-6.338586807250977
images_224/ART002-E-21839.jpg,3.1476142406463623,-6.356642723083496
images_224/ART002-E-21840.jpg,3.155061960220337,-6.331552505493164
images_224/ART002-E-21841.jpg,3.1602394580841064,-6.386531829833984
images_224/ART002-E-21842.jpg,3.197434186935425,-6.496228218078613
images_224/ART002-E-21843.jpg,3.1499600410461426,-6.664412021636963
images_224/ART002-E-21844.jpg,2.459826707839966,-6.306251525878906
images_224/ART002-E-21845.jpg,3.1505770683288574,-6.553540229797363
images_224/ART002-E-21846.jpg,3.182546377182007,-6.620964050292969
images_224/ART002-E-21847.jpg,2.7988061904907227,-6.532977104187012
images_224/ART002-E-21848.jpg,-6.724254608154297,4.55057430267334
images_224/ART002-E-21849.jpg,-6.736530303955078,4.549147129058838
images_224/ART002-E-21850.jpg,-1.2307257652282715,1.8352055549621582
images_224/ART002-E-21851.jpg,-6.7228875160217285,4.549504280090332
images_224/ART002-E-21852.jpg,-6.391821384429932,4.775785446166992
images_224/ART002-E-21853.jpg,-7.887360095977783,3.6602187156677246
images_224/ART002-E-21854.jpg,-6.721446990966797,4.558542728424072
images_224/ART002-E-21855.jpg,-6.686519145965576,4.579602241516113
images_224/ART002-E-21856.jpg,-7.855813503265381,3.6944479942321777
images_224/ART002-E-21857.jpg,-6.722475528717041,4.551677703857422
images_224/ART002-E-21858.jpg,-6.345405578613281,4.812252998352051
images_224/ART002-E-21859.jpg,-6.431850433349609,4.745580673217773
images_224/ART002-E-21860.jpg,-6.408362865447998,4.785323143005371
images_224/ART002-E-21861.jpg,-6.373996734619141,4.825743198394775
images_224/ART002-E-21862.jpg,-4.392580986022949,4.825560569763184
images_224/ART002-E-21863.jpg,-4.516644477844238,4.826732158660889
images_224/ART002-E-21864.jpg,-1.43867826461792,3.2825403213500977
images_224/ART002-E-21865.jpg,-4.427309989929199,4.8150811195373535
images_224/ART002-E-21866.jpg,-4.440849781036377,4.805482387542725
images_224/ART002-E-21867.jpg,-6.549716949462891,4.632837295532227
images_224/ART002-E-21868.jpg,-4.369390964508057,4.8528642654418945
images_224/ART002-E-21869.jpg,-7.642013072967529,3.8321800231933594
images_224/ART002-E-21870.jpg,-7.625021457672119,3.849189043045044
images_224/ART002-E-21871.jpg,-7.847361087799072,3.661815643310547
images_224/ART002-E-21872.jpg,-7.592444896697998,3.8725333213806152
images_224/ART002-E-21873.jpg,-7.61180305480957,3.8566977977752686
images_224/ART002-E-21874.jpg,-7.122708320617676,4.226044654846191
images_224/ART002-E-21875.jpg,-6.54168176651001,4.617355823516846
images_224/ART002-E-21876.jpg,-7.163698673248291,4.1979193687438965
images_224/ART002-E-21877.jpg,-4.464656829833984,4.835255146026611
images_224/ART002-E-21878.jpg,-7.469235420227051,3.9971187114715576
images_224/ART002-E-21879.jpg,-6.493398666381836,4.652286529541016
images_224/ART002-E-21880.jpg,-7.6411519050598145,3.832655429840088
images_224/ART002-E-21881.jpg,-6.377830982208252,4.794319152832031
images_224/ART002-E-21882.jpg,-6.379454135894775,4.793273448944092
images_224/ART002-E-21883.jpg,-3.7160189151763916,4.748713493347168
images_224/ART002-E-21884.jpg,-6.339319705963135,4.7859978675842285
images_224/ART002-E-21885.jpg,-7.906931400299072,3.6337461471557617
images_224/ART002-E-21886.jpg,-7.869048118591309,3.685204029083252
images_224/ART002-E-21887.jpg,-7.798837184906006,3.7558891773223877
images_224/ART002-E-21888.jpg,-4.455820083618164,4.80884313583374
images_224/ART002-E-21889.jpg,-6.508446216583252,4.623552322387695
images_224/ART002-E-21890.jpg,-6.9213361740112305,4.338015556335449
images_224/ART002-E-21891.jpg,-7.844940185546875,3.7239294052124023
images_224/ART002-E-21892.jpg,-6.887907028198242,4.364270210266113
images_224/ART002-E-21893.jpg,-6.908116340637207,4.346948623657227
images_224/ART002-E-21894.jpg,-1.665033221244812,3.647109270095825
images_224/ART002-E-21895.jpg,-6.674016952514648,4.511178970336914
images_224/ART002-E-21896.jpg,-4.246180057525635,4.775256156921387
images_224/ART002-E-21897.jpg,-6.510314464569092,4.623486042022705
images_224/ART002-E-21898.jpg,-6.548957824707031,4.622673511505127
images_224/ART002-E-21899.jpg,-6.55712366104126,4.606950283050537
images_224/ART002-E-21900.jpg,-6.592456340789795,4.571263313293457
images_224/ART002-E-21901.jpg,-7.896390914916992,3.6656975746154785
images_224/ART002-E-21903.jpg,-4.4608001708984375,4.841165065765381
images_224/ART002-E-21904.jpg,-6.604071140289307,4.5594587326049805
images_224/ART002-E-21905.jpg,-7.531444072723389,4.026776313781738
images_224/ART002-E-21906.jpg,-6.60525369644165,4.55780553817749
images_224/ART002-E-21907.jpg,-6.621526718139648,4.543426513671875
images_224/ART002-E-21908.jpg,-0.33790844678878784,-4.9707560539245605
images_224/ART002-E-21909.jpg,0.7666810750961304,-5.132077693939209
images_224/ART002-E-21910.jpg,0.7711334824562073,-5.16136360168457
images_224/ART002-E-21911.jpg,0.21487945318222046,-5.268148899078369
images_224/ART002-E-21912.jpg,0.7743111848831177,-5.132773399353027
images_224/ART002-E-21913.jpg,0.7719071507453918,-5.129363059997559
images_224/ART002-E-21914.jpg,0.6868335008621216,-5.173964023590088
images_224/ART002-E-21915.jpg,0.7695598006248474,-5.1519694328308105
images_224/ART002-E-21916.jpg,-4.139679908752441,4.847092151641846
images_224/ART002-E-21917.jpg,-1.3993185758590698,3.2154648303985596
images_224/ART002-E-21918.jpg,-1.2223385572433472,1.8380013704299927
images_224/ART002-E-21919.jpg,-2.051449775695801,-0.6175384521484375
images_224/ART002-E-21920.jpg,0.7207043170928955,-5.127464771270752
images_224/ART002-E-21921.jpg,0.7352488040924072,-5.133162498474121
images_224/ART002-E-21922.jpg,0.7837481498718262,-5.1464338302612305
images_224/ART002-E-21923.jpg,0.7614305019378662,-5.140567302703857
images_224/ART002-E-21924.jpg,0.5049383044242859,-5.196638584136963
images_224/ART002-E-21925.jpg,0.4521111249923706,-5.183801651000977
images_224/ART002-E-21926.jpg,-1.2603693008422852,1.8129634857177734
images_224/ART002-E-21927.jpg,-2.02934193611145,-0.5842973589897156
images_224/ART002-E-21928.jpg,-1.1997350454330444,1.9948492050170898
images_224/ART002-E-21929.jpg,-0.7961210012435913,-4.394073009490967
images_224/ART002-E-21930.jpg,-2.0500082969665527,-1.547430157661438
images_224/ART002-E-21931.jpg,-1.3353039026260376,3.104544162750244
images_224/ART002-E-21932.jpg,0.736542820930481,-5.149352550506592
images_224/ART002-E-21933.jpg,0.7628226280212402,-5.125977516174316
images_224/ART002-E-21934.jpg,0.7547350525856018,-5.133659362792969
images_224/ART002-E-21935.jpg,0.7436335682868958,-5.1386637687683105
images_224/ART002-E-21936.jpg,-2.0299603939056396,-0.5621951818466187
images_224/ART002-E-21937.jpg,-1.111217975616455,-4.002415180206299
images_224/ART002-E-21938.jpg,-3.297961473464966,4.5889573097229
images_224/ART002-E-21939.jpg,0.7165990471839905,-5.206468105316162
images_224/ART002-E-21940.jpg,-4.385617733001709,4.859563827514648
images_224/ART002-E-21941.jpg,-1.5165889263153076,3.4044175148010254
images_224/ART002-E-21942.jpg,-1.554019808769226,3.4510793685913086
images_224/ART002-E-21943.jpg,-1.471430778503418,3.3367655277252197
images_224/ART002-E-21944.jpg,-1.1359138488769531,2.495145559310913
images_224/ART002-E-21945.jpg,0.37585318088531494,-5.195558071136475
images_224/ART002-E-21946.jpg,-1.416413426399231,3.24479341506958
images_224/ART002-E-21947.jpg,-1.0633968114852905,-4.060749053955078
images_224/ART002-E-21948.jpg,-1.855074167251587,-2.464019298553467
images_224/ART002-E-21949.jpg,0.7531726360321045,-5.124201774597168
images_224/ART002-E-21950.jpg,-3.7767953872680664,4.755950450897217
images_224/ART002-E-21951.jpg,0.5334300994873047,-5.1976637840271
images_224/ART002-E-21952.jpg,-5.0993852615356445,5.508896350860596
images_224/ART002-E-21953.jpg,3.3038949966430664,-5.895869731903076
images_224/ART002-E-21954.jpg,-1.4243122339248657,3.25559663772583
images_224/ART002-E-21955.jpg,-1.4284558296203613,3.2546114921569824
images_224/ART002-E-21956.jpg,-1.4137804508209229,3.2389962673187256
images_224/ART002-E-21957.jpg,-1.225695252418518,1.809160590171814
images_224/ART002-E-21958.jpg,-1.9560924768447876,-1.9711554050445557
images_224/ART002-E-21959.jpg,-1.218955159187317,1.85752534866333
images_224/ART002-E-21960.jpg,-1.2180149555206299,1.8627641201019287
images_224/ART002-E-21961.jpg,0.7112206220626831,-5.147398948669434
images_224/ART002-E-21962.jpg,-1.4841787815093994,3.357734441757202
images_224/ART002-E-21963.jpg,0.6128278970718384,-5.203480243682861
images_224/ART002-E-21964.jpg,0.5998920202255249,-5.193765640258789
images_224/ART002-E-21965.jpg,-4.288838863372803,4.856903076171875
images_224/ART002-E-21966.jpg,-3.2111175060272217,4.546924114227295
images_224/ART002-E-21967.jpg,-3.5134289264678955,4.675005912780762
images_224/ART002-E-21968.jpg,-2.009481191635132,-1.743672490119934
images_224/ART002-E-21969.jpg,-1.8539807796478271,-2.459195137023926
images_224/ART002-E-21970.jpg,-1.8690003156661987,-2.395613193511963
images_224/ART002-E-21971.jpg,-2.09108829498291,-1.3607947826385498
images_224/ART002-E-21972.jpg,-1.1444915533065796,2.3000149726867676
images_224/ART002-E-21973.jpg,-0.9796387553215027,-4.182805061340332
images_224/ART002-E-21974.jpg,-2.025402069091797,-1.7070389986038208
images_224/ART002-E-21975.jpg,-1.1344369649887085,2.431501626968384
images_224/ART002-E-21976.jpg,0.001770764822140336,-5.312770366668701
images_224/ART002-E-21977.jpg,-1.8935773372650146,-2.42191743850708
images_224/ART002-E-21978.jpg,-1.9008674621582031,-0.18831051886081696
images_224/ART002-E-21979.jpg,-1.8697052001953125,-2.393899440765381
images_224/ART002-E-21980.jpg,-1.9423209428787231,-1.9912580251693726
images_224/ART002-E-21981.jpg,-0.6946753859519958,-4.533743381500244
images_224/ART002-E-21982.jpg,0.6596441268920898,-5.1680989265441895
images_224/ART002-E-21983.jpg,-1.0733298063278198,-4.057814598083496
images_224/ART002-E-21984.jpg,0.07154379040002823,-5.2602620124816895
images_224/ART002-E-21985.jpg,-1.8543283939361572,-2.4748568534851074
images_224/ART002-E-21986.jpg,0.8057969808578491,-5.6014909744262695
images_224/ART002-E-21987.jpg,-1.976210594177246,-1.8722883462905884
images_224/ART002-E-21988.jpg,-1.8536574840545654,-2.4666359424591064
images_224/ART002-E-21989.jpg,-1.810813307762146,0.017385920509696007
images_224/ART002-E-21990.jpg,-2.0088891983032227,-1.7532966136932373
images_224/ART002-E-21991.jpg,-2.0137321949005127,-1.7442779541015625
images_224/ART002-E-21992.jpg,0.9027498364448547,-5.688009262084961
images_224/ART002-E-21993.jpg,3.6053154468536377,-5.648123264312744
images_224/ART002-E-21994.jpg,-0.20567476749420166,-5.058469772338867
images_224/ART002-E-21995.jpg,-2.038363218307495,-1.64031183719635
images_224/ART002-E-21996.jpg,-0.7606608271598816,-4.458404064178467
images_224/ART002-E-21997.jpg,-0.75193852186203,-4.472219467163086
images_224/ART002-E-21998.jpg,-1.8227297067642212,-2.5407800674438477
images_224/ART002-E-21999.jpg,-2.0037620067596436,-1.7715065479278564
images_224/ART002-E-22000.jpg,-1.9153995513916016,-2.184900999069214
images_224/ART002-E-22001.jpg,-2.0920779705047607,-1.294395089149475
images_224/ART002-E-22002.jpg,-2.0351345539093018,-1.6951289176940918
images_224/ART002-E-22003.jpg,-0.11696195602416992,-5.448156356811523
images_224/ART002-E-22004.jpg,-2.0007684230804443,-1.7937184572219849
images_224/ART002-E-22005.jpg,-1.1388890743255615,2.355026960372925
images_224/ART002-E-22006.jpg,-1.9206438064575195,-0.24231873452663422
images_224/ART002-E-22007.jpg,-0.6874761581420898,-4.54985237121582
images_224/ART002-E-22008.jpg,-0.437042772769928,-4.942620754241943
images_224/ART002-E-22009.jpg,-1.1864670515060425,-3.880401611328125
images_224/ART002-E-22010.jpg,-2.023094892501831,-1.7103272676467896
images_224/ART002-E-22011.jpg,-1.8106393814086914,-2.5677695274353027
images_224/ART002-E-22012.jpg,0.6820986270904541,-5.153470993041992
images_224/ART002-E-22013.jpg,-0.016567617654800415,-5.241331100463867
images_224/ART002-E-22014.jpg,-1.831458330154419,-2.518953323364258
images_224/ART002-E-22015.jpg,-1.9935460090637207,-1.81215500831604
images_224/ART002-E-22016.jpg,-1.8299728631973267,-2.524230718612671
images_224/ART002-E-22017.jpg,-1.1353498697280884,2.430457353591919
images_224/ART002-E-22018.jpg,-1.968296766281128,-0.3850058317184448
images_224/ART002-E-22019.jpg,-1.8154841661453247,-2.5577638149261475
images_224/ART002-E-22020.jpg,-0.7643280029296875,-4.455166339874268
images_224/ART002-E-22021.jpg,-1.1761475801467896,-3.90995717048645
images_224/ART002-E-22022.jpg,-2.0526981353759766,-1.5599170923233032
images_224/ART002-E-22023.jpg,-1.1508677005767822,2.270446538925171
images_224/ART002-E-22024.jpg,-1.135574221611023,-3.9620091915130615
images_224/ART002-E-22025.jpg,-2.0418922901153564,-1.6189082860946655
images_224/ART002-E-22026.jpg,-1.3342558145523071,3.111112356185913
images_224/ART002-E-22027.jpg,3.610208749771118,-6.619350910186768
images_224/ART002-E-22028.jpg,-2.101698637008667,-0.8587599396705627
images_224/ART002-E-22029.jpg,-0.21446122229099274,-5.244878768920898
images_224/ART002-E-22030.jpg,-1.9624618291854858,-1.9051212072372437
images_224/ART002-E-22031.jpg,-0.4248557984828949,-4.938343048095703
images_224/ART002-E-22032.jpg,-1.2148171663284302,1.741228461265564
images_224/ART002-E-22033.jpg,-0.12644460797309875,-5.374186992645264
images_224/ART002-E-22034.jpg,-0.42875635623931885,-4.955855846405029
images_224/ART002-E-22035.jpg,-0.1043546125292778,-5.379593849182129
images_224/ART002-E-22036.jpg,-0.9896713495254517,-4.1715826988220215
images_224/ART002-E-22037.jpg,-0.04430597648024559,-5.420775413513184
images_224/ART002-E-22038.jpg,-0.9482609033584595,-4.208958625793457
images_224/ART002-E-22039.jpg,-0.3429277241230011,-4.891101837158203
images_224/ART002-E-22040.jpg,0.7292463183403015,-5.781929969787598
images_224/ART002-E-22041.jpg,-0.680662989616394,-4.561283588409424
images_224/ART002-E-22042.jpg,0.45278194546699524,-5.74110746383667
images_224/ART002-E-22043.jpg,0.45065703988075256,-5.749720096588135
images_224/ART002-E-22044.jpg,-0.033611685037612915,-5.421125888824463
images_224/ART002-E-22045.jpg,-0.17869648337364197,-5.2625274658203125
images_224/ART002-E-22046.jpg,-0.10143154859542847,-5.282618522644043
images_224/ART002-E-22047.jpg,0.5117411017417908,-5.777817726135254
images_224/ART002-E-22048.jpg,-0.2401377260684967,-5.109491348266602
images_224/ART002-E-22049.jpg,0.04024364799261093,-5.539583206176758
images_224/ART002-E-22050.jpg,-2.0777981281280518,-0.6778371334075928
images_224/ART002-E-22051.jpg,-0.06301682442426682,-5.459806442260742
images_224/ART002-E-22052.jpg,-0.040962256491184235,-5.448550701141357
images_224/ART002-E-22053.jpg,-0.09652336686849594,-5.592697620391846
images_224/ART002-E-22054.jpg,-0.6524367928504944,-4.596036911010742
images_224/ART002-E-22055.jpg,-0.35536953806877136,-4.994019985198975
images_224/ART002-E-22056.jpg,-0.1205773577094078,-5.449560642242432
images_224/ART002-E-22057.jpg,-0.06594956666231155,-5.432535648345947
images_224/ART002-E-22058.jpg,-0.07713880389928818,-5.335195064544678
images_224/ART002-E-22059.jpg,-0.35372936725616455,-4.988917350769043
images_224/ART002-E-22060.jpg,-0.07679878920316696,-5.348868370056152
images_224/ART002-E-22061.jpg,-1.8087307214736938,-2.526732921600342
images_224/ART002-E-22062.jpg,0.5604007840156555,-5.786442279815674
images_224/ART002-E-22063.jpg,-0.13871903717517853,-5.117055892944336
images_224/ART002-E-22064.jpg,-0.12305673211812973,-5.3996663093566895
images_224/ART002-E-22065.jpg,3.6084141731262207,-5.679703712463379
images_224/ART002-E-22066.jpg,1.2002416849136353,-5.819596767425537
images_224/ART002-E-22067.jpg,0.6764839291572571,-5.693268299102783
images_224/ART002-E-22068.jpg,1.1942187547683716,-5.808239459991455
images_224/ART002-E-22069.jpg,1.0888386964797974,-5.886862277984619
images_224/ART002-E-22070.jpg,0.033549319952726364,-5.517744541168213
images_224/ART002-E-22071.jpg,-0.1580228954553604,-5.306641578674316
images_224/ART002-E-22072.jpg,0.17637895047664642,-5.6139702796936035
images_224/ART002-E-22073.jpg,0.3532956540584564,-5.703162670135498
images_224/ART002-E-22074.jpg,0.44989922642707825,-5.7457404136657715
images_224/ART002-E-22075.jpg,-0.2537027895450592,-4.945040225982666
images_224/ART002-E-22076.jpg,-0.0935904011130333,-5.448026180267334
images_224/ART002-E-22077.jpg,-0.6176571846008301,-4.618913173675537
images_224/ART002-E-22078.jpg,-0.05484740808606148,-5.332993507385254
images_224/ART002-E-22079.jpg,-0.9335049390792847,-4.226938247680664
images_224/ART002-E-22080.jpg,0.45462971925735474,-5.740521430969238
images_224/ART002-E-22081.jpg,0.4844573736190796,-5.63666296005249
images_224/ART002-E-22082.jpg,0.9015502333641052,-5.54901123046875
images_224/ART002-E-22083.jpg,0.49080386757850647,-5.692007541656494
images_224/ART002-E-22084.jpg,0.4845564067363739,-5.755704879760742
images_224/ART002-E-22085.jpg,-1.1609678268432617,-3.9355762004852295
images_224/ART002-E-22086.jpg,0.9781776666641235,-5.598683834075928
images_224/ART002-E-22087.jpg,1.31147301197052,-5.97754430770874
images_224/ART002-E-22088.jpg,-7.6158342361450195,5.919949531555176
images_224/ART002-E-22089.jpg,-6.736464977264404,6.608961582183838
images_224/ART002-E-22090.jpg,-6.7377238273620605,6.606061935424805
images_224/ART002-E-22091.jpg,-6.737508296966553,6.604633808135986
images_224/ART002-E-22092.jpg,-7.689703941345215,5.851789951324463
images_224/ART002-E-22093.jpg,-6.737594127655029,6.604830265045166
images_224/ART002-E-22094.jpg,-8.022658348083496,3.5091042518615723
images_224/ART002-E-22095.jpg,-7.587592601776123,5.955092430114746
images_224/ART002-E-22096.jpg,-7.605109691619873,5.930331230163574
images_224/ART002-E-22097.jpg,-7.704423427581787,5.864047050476074
images_224/ART002-E-22098.jpg,-7.61871337890625,5.923488616943359
images_224/ART002-E-22099.jpg,-7.612939357757568,5.9224677085876465
images_224/ART002-E-22100.jpg,-6.736937046051025,6.607122421264648
images_224/ART002-E-22101.jpg,-7.702051162719727,5.860909938812256
images_224/ART002-E-22102.jpg,-6.7373480796813965,6.6058430671691895
images_224/ART002-E-22103.jpg,-6.741480827331543,6.60007381439209
images_224/ART002-E-22104.jpg,-7.689328193664551,5.852451324462891
images_224/ART002-E-22105.jpg,-6.725332260131836,6.614758014678955
images_224/ART002-E-22106.jpg,-8.001999855041504,3.5300133228302
images_224/ART002-E-22107.jpg,-6.7396063804626465,6.603665351867676
images_224/ART002-E-22108.jpg,-7.700666904449463,5.86029052734375
images_224/ART002-E-22109.jpg,-6.739931106567383,6.601311683654785
images_224/ART002-E-22110.jpg,-7.688107013702393,5.854005336761475
images_224/ART002-E-22111.jpg,-8.02255630493164,3.5094237327575684
images_224/ART002-E-22112.jpg,-6.739526748657227,6.602001190185547
images_224/ART002-E-22113.jpg,-7.993521690368652,3.542548656463623
images_224/ART002-E-22114.jpg,-7.602292060852051,5.930856227874756
images_224/ART002-E-22115.jpg,-6.740312576293945,6.6013689041137695
images_224/ART002-E-22116.jpg,-7.703524112701416,5.857594966888428
images_224/ART002-E-22117.jpg,-6.594985485076904,5.578764915466309
images_224/ART002-E-22118.jpg,-6.739982604980469,6.603693962097168
images_224/ART002-E-22119.jpg,-8.02230167388916,3.508837938308716
images_224/ART002-E-22120.jpg,-6.739304542541504,6.6044135093688965
images_224/ART002-E-22121.jpg,-7.693131923675537,5.8579912185668945
images_224/ART002-E-22122.jpg,-8.013172149658203,3.518705368041992
images_224/ART002-E-22123.jpg,-7.983963966369629,3.5529074668884277
images_224/ART002-E-22124.jpg,-6.742716312408447,6.61082124710083
images_224/ART002-E-22125.jpg,-7.702544689178467,5.858110427856445
images_224/ART002-E-22126.jpg,-8.020095825195312,3.5113422870635986
images_224/ART002-E-22127.jpg,-6.740146636962891,6.6041412353515625
images_224/ART002-E-22128.jpg,-7.986677646636963,3.549133777618408
images_224/ART002-E-22129.jpg,-7.6124701499938965,5.923512935638428
images_224/ART002-E-22130.jpg,-7.700718402862549,5.8595170974731445
images_224/ART002-E-22131.jpg,-8.024381637573242,3.5075361728668213
images_224/ART002-E-22132.jpg,-7.998353958129883,3.5336050987243652
images_224/ART002-E-22133.jpg,-6.740903377532959,6.602090835571289
images_224/ART002-E-22134.jpg,-7.998834609985352,3.5364418029785156
images_224/ART002-E-22135.jpg,-6.732385635375977,6.5940470695495605
images_224/ART002-E-22136.jpg,-7.605666637420654,5.931962013244629
images_224/ART002-E-22137.jpg,-6.738250255584717,6.604929447174072
images_224/ART002-E-22138.jpg,-7.701139450073242,5.859194278717041
images_224/ART002-E-22139.jpg,-6.738420486450195,6.603061676025391
images_224/ART002-E-22140.jpg,-7.700644016265869,5.859847545623779
images_224/ART002-E-22141.jpg,-6.737979412078857,6.6040120124816895
images_224/ART002-E-22142.jpg,-7.701084136962891,5.860008716583252
images_224/ART002-E-22143.jpg,-7.7011003494262695,5.860158920288086
images_224/ART002-E-22144.jpg,-7.613541126251221,5.923623085021973
images_224/ART002-E-22145.jpg,-6.737677097320557,6.606983184814453
images_224/ART002-E-22146.jpg,-6.737639904022217,6.604729652404785
images_224/ART002-E-22147.jpg,-6.7376813888549805,6.603694915771484
images_224/ART002-E-22148.jpg,-3.294771909713745,4.589173793792725
images_224/ART002-E-22149.jpg,-6.597970962524414,5.534072399139404
images_224/ART002-E-22150.jpg,-7.725782871246338,3.912860631942749
images_224/ART002-E-22151.jpg,-3.8656773567199707,4.7596564292907715
images_224/ART002-E-22152.jpg,-5.105885028839111,5.505250453948975
images_224/ART002-E-22153.jpg,-1.175571084022522,2.6614880561828613
images_224/ART002-E-22154.jpg,-3.8843603134155273,4.746524810791016
images_224/ART002-E-22155.jpg,-7.1369218826293945,5.531826972961426
images_224/ART002-E-22156.jpg,-7.792991638183594,3.8319242000579834
images_224/ART002-E-22157.jpg,-7.998459339141846,3.5334155559539795
images_224/ART002-E-22158.jpg,-6.605408191680908,5.536054611206055
images_224/ART002-E-22159.jpg,-7.73670768737793,3.903593063354492
images_224/ART002-E-22160.jpg,-4.6026482582092285,4.986071586608887
images_224/ART002-E-22161.jpg,-7.24803352355957,5.393313884735107
images_224/ART002-E-22162.jpg,-6.527757167816162,5.539817810058594
images_224/ART002-E-22163.jpg,-7.700999736785889,5.860105037689209
images_224/ART002-E-22164.jpg,-6.727115631103516,6.615451812744141
images_224/ART002-E-22165.jpg,-6.6751275062561035,5.559017658233643
images_224/ART002-E-22166.jpg,-6.817999839782715,5.614390850067139
images_224/ART002-E-22167.jpg,-7.2138543128967285,5.512277126312256
images_224/ART002-E-22168.jpg,-7.333076000213623,5.638537883758545
images_224/ART002-E-22169.jpg,-7.975265979766846,3.5569334030151367
images_224/ART002-E-22170.jpg,-7.2319254875183105,5.3191986083984375
images_224/ART002-E-22171.jpg,-7.292859077453613,5.558761119842529
images_224/ART002-E-22172.jpg,-7.179475784301758,5.53147029876709
images_224/ART002-E-22173.jpg,-6.759039878845215,5.662844657897949
images_224/ART002-E-22174.jpg,-7.339083671569824,5.5741868019104
images_224/ART002-E-22175.jpg,-7.157319068908691,5.617192268371582
images_224/ART002-E-22176.jpg,-7.981842994689941,3.547905921936035
images_224/ART002-E-22177.jpg,-4.225313663482666,4.874396324157715
images_224/ART002-E-22178.jpg,-7.972867488861084,3.559253215789795
images_224/ART002-E-22179.jpg,-6.780544281005859,5.560444355010986
images_224/ART002-E-22180.jpg,-6.7690935134887695,5.65761661529541
images_224/ART002-E-22181.jpg,-3.2525603771209717,4.567238807678223
images_224/ART002-E-22182.jpg,-3.887497901916504,4.762269973754883
images_224/ART002-E-22183.jpg,-8.032354354858398,3.4975011348724365
images_224/ART002-E-22184.jpg,-7.280847549438477,5.582254409790039
images_224/ART002-E-22185.jpg,3.039057970046997,-5.998825550079346
images_224/ART002-E-22186.jpg,-7.264567852020264,5.251842021942139
images_224/ART002-E-22187.jpg,-7.225442886352539,5.36198616027832
images_224/ART002-E-22188.jpg,-7.168858528137207,5.548183917999268
images_224/ART002-E-22189.jpg,-8.008525848388672,3.5219860076904297
images_224/ART002-E-22190.jpg,-6.7060160636901855,5.628332614898682
images_224/ART002-E-22191.jpg,-7.6108717918396,5.92544412612915
images_224/ART002-E-22192.jpg,-3.9107470512390137,4.77224063873291
images_224/ART002-E-22193.jpg,-6.736924171447754,6.60646390914917
images_224/ART002-E-22194.jpg,-7.230687618255615,5.383743762969971
images_224/ART002-E-22195.jpg,-5.076333045959473,5.547292709350586
images_224/ART002-E-22196.jpg,-6.705845355987549,5.631916046142578
images_224/ART002-E-22197.jpg,-3.891674518585205,4.761347770690918
images_224/ART002-E-22198.jpg,-7.871467590332031,3.64908504486084
images_224/ART002-E-22199.jpg,-7.2531418800354,5.363171100616455
images_224/ART002-E-22200.jpg,-5.075412750244141,5.541787147521973
images_224/ART002-E-22201.jpg,-5.0776519775390625,5.530633926391602
images_224/ART002-E-22202.jpg,-1.6646754741668701,3.641998291015625
images_224/ART002-E-22203.jpg,-7.2485785484313965,5.307864189147949
images_224/ART002-E-22204.jpg,-7.271484375,5.390972137451172
images_224/ART002-E-22205.jpg,-5.072830677032471,5.539261817932129
images_224/ART002-E-22206.jpg,-5.072781085968018,5.531884670257568
images_224/ART002-E-22207.jpg,-7.244517803192139,5.361726760864258
images_224/ART002-E-22208.jpg,-2.0737082958221436,-0.6517277359962463
images_224/ART002-E-22209.jpg,-1.997969388961792,-1.7707208395004272
images_224/ART002-E-22210.jpg,-1.1416088342666626,2.5211100578308105
images_224/ART002-E-22211.jpg,-2.087935209274292,-1.3297111988067627
images_224/ART002-E-22212.jpg,-1.9228885173797607,-0.23182044923305511
images_224/ART002-E-22213.jpg,-1.3385423421859741,3.1109049320220947
images_224/ART002-E-22214.jpg,-1.1581354141235352,2.6005938053131104
images_224/ART002-E-22215.jpg,-2.084472417831421,-1.3880783319473267
images_224/ART002-E-22216.jpg,-2.100477933883667,-1.1186102628707886
images_224/ART002-E-22217.jpg,-2.0834691524505615,-1.3885793685913086
images_224/ART002-E-22218.jpg,-1.3882172107696533,3.2016961574554443
images_224/ART002-E-22219.jpg,-1.3337147235870361,3.107938289642334
images_224/ART002-E-22220.jpg,-1.9578373432159424,-0.30096668004989624
images_224/ART002-E-22221.jpg,-2.0857489109039307,-1.3723982572555542
images_224/ART002-E-22222.jpg,-1.27125084400177,2.920128107070923
images_224/ART002-E-22223.jpg,-1.9202147722244263,-0.22131922841072083
images_224/ART002-E-22224.jpg,-1.912827491760254,-0.2118532508611679
images_224/ART002-E-22225.jpg,-1.9937548637390137,-1.7764939069747925
images_224/ART002-E-22226.jpg,3.2889158725738525,-6.673131942749023
images_224/ART002-E-22227.jpg,-1.9329560995101929,-0.25691869854927063
images_224/ART002-E-22228.jpg,-1.8767503499984741,-0.16584952175617218
images_224/ART002-E-22229.jpg,-2.0929932594299316,-1.3778009414672852
images_224/ART002-E-22230.jpg,-1.294174313545227,3.0413007736206055
images_224/ART002-E-22231.jpg,-1.3814666271209717,3.188509464263916
images_224/ART002-E-22232.jpg,-1.314865231513977,3.056682586669922
images_224/ART002-E-22233.jpg,-2.0879158973693848,-1.367885947227478
images_224/ART002-E-22234.jpg,-2.0757672786712646,-1.4009666442871094
images_224/ART002-E-22235.jpg,-1.9804260730743408,-1.8385791778564453
images_224/ART002-E-22236.jpg,-1.9697208404541016,-0.3342769742012024
images_224/ART002-E-22237.jpg,-1.2217364311218262,1.8070622682571411
images_224/ART002-E-22238.jpg,-1.9166008234024048,-0.22366786003112793
images_224/ART002-E-22240.jpg,-1.139599323272705,2.5252323150634766
images_224/ART002-E-22241.jpg,-2.0027527809143066,-1.7728766202926636
images_224/ART002-E-22242.jpg,-1.9452781677246094,-0.2740813195705414
images_224/ART002-E-22243.jpg,-1.9027405977249146,-0.1929055154323578
images_224/ART002-E-22244.jpg,-2.0147666931152344,-1.7387027740478516
images_224/ART002-E-22245.jpg,-1.16768479347229,-3.9174275398254395
images_224/ART002-E-22246.jpg,-2.0075652599334717,-1.751705288887024
images_224/ART002-E-22247.jpg,-1.955797553062439,-0.2988565266132355
images_224/ART002-E-22248.jpg,-2.0945041179656982,-0.6847732067108154
images_224/ART002-E-22249.jpg,-2.086919069290161,-1.377476453781128
images_224/ART002-E-22250.jpg,-0.408125102519989,-4.978035926818848
images_224/ART002-E-22251.jpg,-1.9501680135726929,-0.2877189815044403
images_224/ART002-E-22252.jpg,-1.1379629373550415,2.5137736797332764
images_224/ART002-E-22253.jpg,-1.3538413047790527,3.1475775241851807
images_224/ART002-E-22254.jpg,-2.0237345695495605,-1.711052656173706
images_224/ART002-E-22255.jpg,-1.937951683998108,-0.2639298737049103
images_224/ART002-E-22256.jpg,-1.9710582494735718,-0.34443095326423645
images_224/ART002-E-22257.jpg,-1.9872013330459595,-1.765495777130127
images_224/ART002-E-22258.jpg,-1.9546411037445068,-0.2992311716079712
images_224/ART002-E-22259.jpg,-1.331034779548645,3.1015195846557617
images_224/ART002-E-22260.jpg,-2.112006425857544,-1.3102327585220337
images_224/ART002-E-22261.jpg,-1.1828794479370117,2.6821913719177246
images_224/ART002-E-22262.jpg,-2.086688995361328,-1.3801997900009155
images_224/ART002-E-22263.jpg,-1.1444445848464966,2.5526440143585205
images_224/ART002-E-22264.jpg,-1.9489248991012573,-0.29060882329940796
images_224/ART002-E-22265.jpg,-1.9284182786941528,-0.24224995076656342
images_224/ART002-E-22266.jpg,-1.378429889678955,3.1828458309173584
images_224/ART002-E-22267.jpg,-1.3638681173324585,3.1582751274108887
images_224/ART002-E-22268.jpg,-0.37380850315093994,-5.130372524261475
images_224/ART002-E-22269.jpg,-2.0431692600250244,-1.57200288772583
images_224/ART002-E-22270.jpg,-2.063722848892212,-0.6184861063957214
images_224/ART002-E-22271.jpg,-1.0225669145584106,-4.12275505065918
images_224/ART002-E-22272.jpg,-0.8798243403434753,-4.293375492095947
images_224/ART002-E-22273.jpg,-0.0902056097984314,-5.414292335510254
images_224/ART002-E-22274.jpg,-1.9574283361434937,-1.9229151010513306
images_224/ART002-E-22275.jpg,-0.11037354171276093,-5.420988082885742
images_224/ART002-E-22276.jpg,-1.144557237625122,-3.964634656906128
images_224/ART002-E-22277.jpg,-0.3739001154899597,-5.088079452514648
images_224/ART002-E-22278.jpg,-1.1259583234786987,-3.9867162704467773
images_224/ART002-E-22279.jpg,-1.0818777084350586,-4.046798229217529
images_224/ART002-E-22280.jpg,-1.1096817255020142,-4.008484363555908
images_224/ART002-E-22281.jpg,-0.1439761221408844,-5.36752462387085
images_224/ART002-E-22282.jpg,-1.134613037109375,-3.973644971847534
images_224/ART002-E-22283.jpg,-0.34990665316581726,-5.124584674835205
images_224/ART002-E-22284.jpg,-2.0850510597229004,-0.6684674024581909
images_224/ART002-E-22285.jpg,-0.3874799311161041,-4.846004486083984
images_224/ART002-E-22286.jpg,-2.0894436836242676,-0.7059364318847656
images_224/ART002-E-22287.jpg,-2.0829482078552246,-0.6703333258628845
images_224/ART002-E-22288.jpg,-2.105923891067505,-0.7646778225898743
images_224/ART002-E-22289.jpg,-1.1375200748443604,2.371201515197754
images_224/ART002-E-22290.jpg,-0.7483102679252625,-4.4749531745910645
images_224/ART002-E-22291.jpg,-2.103344678878784,-1.051675796508789
images_224/ART002-E-22292.jpg,-0.4191862642765045,-4.973732948303223
images_224/ART002-E-22293.jpg,-1.1581065654754639,-3.9448976516723633
images_224/ART002-E-22294.jpg,-1.1523480415344238,-3.943767547607422
images_224/ART002-E-22295.jpg,-1.133702278137207,2.4168951511383057
images_224/ART002-E-22296.jpg,-2.1041009426116943,-0.8867650032043457
images_224/ART002-E-22297.jpg,-2.005995988845825,-0.45668235421180725
images_224/ART002-E-22298.jpg,-1.22404944896698,1.718218207359314
images_224/ART002-E-22299.jpg,-0.7969343662261963,-4.416914939880371
images_224/ART002-E-22300.jpg,-1.173254370689392,-3.914165496826172
images_224/ART002-E-22301.jpg,-0.4216874837875366,-4.948172569274902
images_224/ART002-E-22302.jpg,-1.2124676704406738,1.7387539148330688
images_224/ART002-E-22303.jpg,-1.8298736810684204,-2.5202255249023438
images_224/ART002-E-22304.jpg,-0.9463849663734436,-4.22658109664917
images_224/ART002-E-22305.jpg,-2.033925771713257,-0.5353003144264221
images_224/ART002-E-22306.jpg,-0.9306610226631165,-4.246969699859619
images_224/ART002-E-22307.jpg,-0.4108286499977112,-4.947225570678711
images_224/ART002-E-22308.jpg,-1.8426707983016968,-2.4902455806732178
images_224/ART002-E-22309.jpg,-2.0626721382141113,-1.4991028308868408
images_224/ART002-E-22310.jpg,-0.8976603150367737,-4.296548366546631
images_224/ART002-E-22311.jpg,-0.015144648030400276,-5.500033378601074
images_224/ART002-E-22312.jpg,-0.6843840479850769,-4.549607276916504
images_224/ART002-E-22313.jpg,-1.8317824602127075,-0.009881600737571716
images_224/ART002-E-22314.jpg,-2.0737740993499756,-1.4245011806488037
images_224/ART002-E-22315.jpg,-2.08616304397583,-0.6794608235359192
images_224/ART002-E-22316.jpg,-1.0484825372695923,-4.086624622344971
images_224/ART002-E-22317.jpg,-2.1035990715026855,-0.8756889700889587
images_224/ART002-E-22318.jpg,-0.968191921710968,-4.18386697769165
images_224/ART002-E-22319.jpg,-1.8141556978225708,-2.5582330226898193
images_224/ART002-E-22320.jpg,-0.9910374879837036,-4.155431747436523
images_224/ART002-E-22321.jpg,-0.9770427942276001,-4.185719966888428
images_224/ART002-E-22322.jpg,-1.1387115716934204,-3.9705798625946045
images_224/ART002-E-22323.jpg,-0.9691202640533447,-4.185793399810791
images_224/ART002-E-22324.jpg,-1.952111005783081,-1.928519606590271
images_224/ART002-E-22325.jpg,-0.9272633790969849,-4.249964714050293
images_224/ART002-E-22326.jpg,-2.0626912117004395,-1.4871360063552856
images_224/ART002-E-22327.jpg,-2.0715441703796387,-0.8102273941040039
images_224/ART002-E-22328.jpg,-4.319235801696777,4.925480365753174
images_224/ART002-E-22329.jpg,-1.3829514980316162,3.193272829055786
images_224/ART002-E-22330.jpg,-4.488544940948486,4.9383697509765625
images_224/ART002-E-22331.jpg,-1.6569883823394775,3.6349682807922363
images_224/ART002-E-22332.jpg,-1.1438918113708496,2.5522959232330322
images_224/ART002-E-22333.jpg,-4.251989364624023,4.8846755027771
images_224/ART002-E-22334.jpg,-4.273059368133545,4.887718677520752
images_224/ART002-E-22335.jpg,-1.6724263429641724,3.649911880493164
images_224/ART002-E-22336.jpg,-3.2204761505126953,4.5493316650390625
images_224/ART002-E-22337.jpg,-3.3884239196777344,4.624866962432861
images_224/ART002-E-22338.jpg,-3.259936809539795,4.56921911239624
images_224/ART002-E-22339.jpg,-4.428466796875,4.894780158996582
images_224/ART002-E-22340.jpg,-4.185225009918213,4.8951215744018555
images_224/ART002-E-22341.jpg,-3.254993438720703,4.568480014801025
images_224/ART002-E-22342.jpg,-1.1270041465759277,2.5293350219726562
images_224/ART002-E-22343.jpg,-3.7171599864959717,4.746279716491699
images_224/ART002-E-22344.jpg,-3.280937433242798,4.579879283905029
images_224/ART002-E-22345.jpg,-1.4600646495819092,3.3164217472076416
images_224/ART002-E-22346.jpg,-4.390176296234131,4.877572059631348
images_224/ART002-E-22347.jpg,-3.253934383392334,4.568497180938721
images_224/ART002-E-22348.jpg,-1.4359159469604492,3.276216983795166
images_224/ART002-E-22349.jpg,-1.6669541597366333,3.650644302368164
images_224/ART002-E-22350.jpg,-6.686307430267334,5.787113189697266
images_224/ART002-E-22351.jpg,-5.077437400817871,5.5251641273498535
images_224/ART002-E-22352.jpg,-1.167199730873108,2.6361606121063232
images_224/ART002-E-22353.jpg,-4.341676712036133,4.880776405334473
images_224/ART002-E-22354.jpg,-4.297041416168213,4.873178958892822
images_224/ART002-E-22355.jpg,-3.6786017417907715,4.7330427169799805
images_224/ART002-E-22356.jpg,-5.858994007110596,5.264246940612793
images_224/ART002-E-22357.jpg,-3.629000663757324,4.717351913452148
images_224/ART002-E-22358.jpg,-1.670462727546692,3.646862745285034
images_224/ART002-E-22359.jpg,-4.523734092712402,4.98581600189209
images_224/ART002-E-22360.jpg,-1.705718755722046,3.6713404655456543
images_224/ART002-E-22361.jpg,-1.5749199390411377,3.503934621810913
images_224/ART002-E-22362.jpg,-4.519136428833008,4.976765155792236
images_224/ART002-E-22363.jpg,-4.458850860595703,4.93427848815918
images_224/ART002-E-22364.jpg,-3.2973344326019287,4.588095664978027
images_224/ART002-E-22365.jpg,-1.6762865781784058,3.6538732051849365
images_224/ART002-E-22366.jpg,-4.36348295211792,4.875666618347168
images_224/ART002-E-22367.jpg,-4.4578094482421875,4.934225559234619
images_224/ART002-E-22368.jpg,-4.9684157371521,5.200146675109863
images_224/ART002-E-22369.jpg,-5.941227436065674,5.272644996643066
images_224/ART002-E-22370.jpg,-4.477847099304199,4.948105335235596
images_224/ART002-E-22371.jpg,-4.458010196685791,4.935611724853516
images_224/ART002-E-22372.jpg,-4.335243225097656,4.8844709396362305
images_224/ART002-E-22373.jpg,-4.36293888092041,4.918517589569092
images_224/ART002-E-22374.jpg,-5.9637908935546875,5.271686553955078
images_224/ART002-E-22375.jpg,1.9641486406326294,-7.544936180114746
images_224/ART002-E-22376.jpg,-4.146900177001953,4.846310138702393
images_224/ART002-E-22377.jpg,-4.263410568237305,4.887167930603027
images_224/ART002-E-22378.jpg,-3.628976821899414,4.7178955078125
images_224/ART002-E-22379.jpg,-3.9242711067199707,4.8035759925842285
images_224/ART002-E-22380.jpg,-3.2621328830718994,4.5708208084106445
images_224/ART002-E-22381.jpg,-4.205525875091553,4.871099472045898
images_224/ART002-E-22382.jpg,-3.6890461444854736,4.740425109863281
images_224/ART002-E-22383.jpg,-1.6921595335006714,3.655863046646118
images_224/ART002-E-22384.jpg,-1.3308874368667603,3.1041769981384277
images_224/ART002-E-22385.jpg,-3.6659095287323,4.731097221374512
images_224/ART002-E-22386.jpg,-3.256659507751465,4.570094108581543
images_224/ART002-E-22387.jpg,-3.640622138977051,4.719367980957031
images_224/ART002-E-22388.jpg,3.4425337314605713,-5.821000099182129
images_224/ART002-E-22389.jpg,3.311697244644165,-5.784121990203857
images_224/ART002-E-22390.jpg,3.2086942195892334,-5.752914905548096
images_224/ART002-E-22391.jpg,3.505187511444092,-5.714968681335449
images_224/ART002-E-22392.jpg,3.468372344970703,-5.762976169586182
images_224/ART002-E-22393.jpg,3.2589805126190186,-5.7884416580200195
images_224/ART002-E-22394.jpg,3.1388981342315674,-5.8002400398254395
images_224/ART002-E-22395.jpg,3.3939366340637207,-5.8088836669921875
images_224/ART002-E-22396.jpg,3.070434093475342,-5.8275909423828125
images_224/ART002-E-22397.jpg,3.137693166732788,-5.801478862762451
images_224/ART002-E-22398.jpg,2.9298946857452393,-5.801321506500244
images_224/ART002-E-22399.jpg,3.3619039058685303,-5.815431118011475
images_224/ART002-E-22400.jpg,2.995694398880005,-5.807953834533691
images_224/ART002-E-22401.jpg,2.8259639739990234,-5.761205673217773
images_224/ART002-E-22402.jpg,3.056737184524536,-5.812422752380371
images_224/ART002-E-22403.jpg,3.3546950817108154,-5.817662715911865
images_224/ART002-E-22404.jpg,3.169067621231079,-5.772846698760986
images_224/ART002-E-22405.jpg,0.8864303827285767,-5.308077812194824
images_224/ART002-E-22407.jpg,3.119872570037842,-5.796770095825195
images_224/ART002-E-22408.jpg,3.1344871520996094,-5.787718772888184
images_224/ART002-E-22409.jpg,3.4692599773406982,-5.743121147155762
images_224/ART002-E-22410.jpg,3.2780230045318604,-5.821794509887695
images_224/ART002-E-22411.jpg,2.9501819610595703,-5.819010257720947
images_224/ART002-E-22412.jpg,3.2039058208465576,-5.793115139007568
images_224/ART002-E-22413.jpg,1.0078164339065552,-5.571356296539307
images_224/ART002-E-22414.jpg,2.9172565937042236,-5.812636852264404
images_224/ART002-E-22415.jpg,3.2380824089050293,-5.789231300354004
images_224/ART002-E-22416.jpg,3.50414776802063,-5.749821186065674
images_224/ART002-E-22417.jpg,3.423464298248291,-5.783946990966797
images_224/ART002-E-22418.jpg,3.4631567001342773,-5.763068675994873
images_224/ART002-E-22419.jpg,3.296170473098755,-5.771677494049072
images_224/ART002-E-22420.jpg,3.5199263095855713,-5.722257137298584
images_224/ART002-E-22421.jpg,2.8864758014678955,-5.858470916748047
images_224/ART002-E-22422.jpg,3.053316354751587,-5.806524753570557
images_224/ART002-E-22423.jpg,3.5186808109283447,-5.717961311340332
images_224/ART002-E-22424.jpg,3.4903383255004883,-5.7526116371154785
images_224/ART002-E-22425.jpg,3.5254106521606445,-5.740262031555176
images_224/ART002-E-22426.jpg,3.5187368392944336,-5.716341495513916
images_224/ART002-E-22427.jpg,2.9148924350738525,-5.819754123687744
images_224/ART002-E-22428.jpg,3.550917625427246,-5.6836256980896
images_224/ART002-E-22429.jpg,3.2298052310943604,-5.79774284362793
images_224/ART002-E-22430.jpg,3.482469081878662,-5.754896640777588
images_224/ART002-E-22431.jpg,3.467285394668579,-5.770696640014648
images_224/ART002-E-22432.jpg,3.436514139175415,-5.742419242858887
images_224/ART002-E-22433.jpg,3.4867026805877686,-5.757691860198975
images_224/ART002-E-22434.jpg,3.4439656734466553,-5.786367416381836
images_224/ART002-E-22435.jpg,3.2949562072753906,-5.8206000328063965
images_224/ART002-E-22436.jpg,3.5275344848632812,-5.7943549156188965
images_224/ART002-E-22437.jpg,3.385685682296753,-5.80924129486084
images_224/ART002-E-22438.jpg,3.354382038116455,-5.754892349243164
images_224/ART002-E-22439.jpg,3.3322529792785645,-5.8142805099487305
images_224/ART002-E-22440.jpg,3.4854466915130615,-5.816084861755371
images_224/ART002-E-22441.jpg,3.407205104827881,-5.854785919189453
images_224/ART002-E-22442.jpg,3.367029905319214,-5.832339286804199
images_224/ART002-E-22443.jpg,2.907419443130493,-5.83844518661499
images_224/ART002-E-22444.jpg,3.3335907459259033,-5.832846641540527
images_224/ART002-E-22445.jpg,3.028528928756714,-5.815295696258545
images_224/ART002-E-22446.jpg,3.207674503326416,-5.8015336990356445
images_224/ART002-E-22447.jpg,3.0488760471343994,-5.8060431480407715
images_224/ART002-E-22448.jpg,0.5990442037582397,-5.611144065856934
images_224/ART002-E-22449.jpg,1.335747480392456,-5.411811351776123
images_224/ART002-E-22450.jpg,0.5601328015327454,-5.731217384338379
images_224/ART002-E-22451.jpg,0.9706894755363464,-5.570196151733398
images_224/ART002-E-22452.jpg,1.4035803079605103,-5.384334564208984
images_224/ART002-E-22453.jpg,1.593056082725525,-5.3199896812438965
images_224/ART002-E-22454.jpg,0.16068948805332184,-5.558101654052734
images_224/ART002-E-22455.jpg,-0.3374282121658325,-4.822175979614258
images_224/ART002-E-22456.jpg,1.0377178192138672,-5.514195919036865
images_224/ART002-E-22457.jpg,-0.7964644432067871,-4.345375061035156
images_224/ART002-E-22458.jpg,1.323814868927002,-5.427750587463379
images_224/ART002-E-22459.jpg,-0.06642600893974304,-5.409755229949951
images_224/ART002-E-22460.jpg,-0.4627588987350464,-4.686010360717773
images_224/ART002-E-22461.jpg,1.1510202884674072,-5.456438064575195
images_224/ART002-E-22462.jpg,-1.8298605680465698,-2.5289242267608643
images_224/ART002-E-22463.jpg,-0.3882773816585541,-4.850424289703369
images_224/ART002-E-22464.jpg,0.4354187250137329,-5.605820655822754
images_224/ART002-E-22465.jpg,0.49986883997917175,-5.764867305755615
images_224/ART002-E-22466.jpg,1.2869665622711182,-5.419559955596924
images_224/ART002-E-22467.jpg,1.213047981262207,-5.45722770690918
images_224/ART002-E-22468.jpg,1.3198105096817017,-5.432746410369873
images_224/ART002-E-22469.jpg,1.4970070123672485,-5.3627190589904785
images_224/ART002-E-22470.jpg,1.6017358303070068,-5.350618839263916
images_224/ART002-E-22471.jpg,-0.0197761207818985,-5.034338474273682
images_224/ART002-E-22472.jpg,1.5019735097885132,-5.304600715637207
images_224/ART002-E-22473.jpg,1.3034493923187256,-5.411641597747803
images_224/ART002-E-22474.jpg,1.6366804838180542,-5.355654716491699
images_224/ART002-E-22475.jpg,1.3369622230529785,-5.390697479248047
images_224/ART002-E-22476.jpg,1.3046002388000488,-5.409101486206055
images_224/ART002-E-22477.jpg,1.6050437688827515,-5.3350653648376465
images_224/ART002-E-22478.jpg,1.6235558986663818,-5.346053123474121
images_224/ART002-E-22479.jpg,1.6013749837875366,-5.343216896057129
images_224/ART002-E-22480.jpg,1.2463618516921997,-5.437108993530273
images_224/ART002-E-22481.jpg,1.4597057104110718,-5.365497589111328
images_224/ART002-E-22482.jpg,1.6365586519241333,-5.358547687530518
images_224/ART002-E-22483.jpg,1.635878324508667,-5.37923526763916
images_224/ART002-E-22484.jpg,1.6203266382217407,-5.3427815437316895
images_224/ART002-E-22485.jpg,1.0867540836334229,-5.604588985443115
images_224/ART002-E-22486.jpg,1.6298915147781372,-5.334315299987793
images_224/ART002-E-22487.jpg,1.6355721950531006,-5.3574957847595215
images_224/ART002-E-22488.jpg,-0.8259423971176147,-4.3016486167907715
images_224/ART002-E-22489.jpg,1.0655156373977661,-5.560985565185547
images_224/ART002-E-22490.jpg,1.66753351688385,-5.395414352416992
images_224/ART002-E-22491.jpg,1.1923669576644897,-5.452696323394775
images_224/ART002-E-22492.jpg,1.2242827415466309,-5.4304046630859375
images_224/ART002-E-22493.jpg,-0.2830924391746521,-4.874488830566406
images_224/ART002-E-22494.jpg,-1.8070791959762573,-2.5699286460876465
images_224/ART002-E-22495.jpg,-1.217484951019287,1.7818607091903687
images_224/ART002-E-22496.jpg,-1.1347156763076782,2.4144845008850098
images_224/ART002-E-22497.jpg,-0.3452642261981964,-5.176504611968994
images_224/ART002-E-22498.jpg,-0.1841244101524353,-5.285146713256836
images_224/ART002-E-22499.jpg,0.48809343576431274,-5.740828990936279
images_224/ART002-E-22500.jpg,0.5280407667160034,-5.536472320556641
images_224/ART002-E-22501.jpg,-0.005113924853503704,-5.275297164916992
images_224/ART002-E-22502.jpg,-1.1790363788604736,-3.9063258171081543
images_224/ART002-E-22503.jpg,0.03740993142127991,-5.349164962768555
images_224/ART002-E-22504.jpg,-0.05781837925314903,-5.4193902015686035
images_224/ART002-E-22505.jpg,0.026730729267001152,-5.313202857971191
images_224/ART002-E-22506.jpg,-0.7797016501426697,-4.35910701751709
images_224/ART002-E-22507.jpg,0.026713864877820015,-5.350350379943848
images_224/ART002-E-22508.jpg,2.5026443004608154,-6.255544185638428
images_224/ART002-E-22509.jpg,1.9603490829467773,-6.2489423751831055
images_224/ART002-E-22510.jpg,2.5912513732910156,-6.282708168029785
images_224/ART002-E-22511.jpg,1.6193654537200928,-6.1435866355896
images_224/ART002-E-22512.jpg,1.9727507829666138,-6.256019592285156
images_224/ART002-E-22513.jpg,1.8637830018997192,-6.2405524253845215
images_224/ART002-E-22514.jpg,1.9739444255828857,-6.2500081062316895
images_224/ART002-E-22515.jpg,2.4978835582733154,-6.275346279144287
images_224/ART002-E-22516.jpg,2.6353392601013184,-6.416054725646973
images_224/ART002-E-22517.jpg,1.955924391746521,-6.2493815422058105
images_224/ART002-E-22518.jpg,1.5173087120056152,-6.103738784790039
images_224/ART002-E-22519.jpg,2.1645889282226562,-6.235432147979736
images_224/ART002-E-22520.jpg,2.5631823539733887,-6.252359867095947
images_224/ART002-E-22521.jpg,2.5261106491088867,-6.25067663192749
images_224/ART002-E-22522.jpg,2.5742783546447754,-6.262348651885986
images_224/ART002-E-22523.jpg,1.6378649473190308,-6.1570000648498535
images_224/ART002-E-22524.jpg,2.4699976444244385,-6.289367198944092
images_224/ART002-E-22525.jpg,1.8851417303085327,-6.243931293487549
images_224/ART002-E-22526.jpg,2.4657788276672363,-6.360997676849365
images_224/ART002-E-22527.jpg,1.9540834426879883,-6.268193244934082
images_224/ART002-E-22528.jpg,1.9133542776107788,-6.260378360748291
images_224/ART002-E-22529.jpg,1.8351550102233887,-6.243266582489014
images_224/ART002-E-22530.jpg,1.9522862434387207,-6.26629114151001
images_224/ART002-E-22531.jpg,2.612551212310791,-6.464066505432129
images_224/ART002-E-22532.jpg,1.9936604499816895,-6.267727375030518
images_224/ART002-E-22533.jpg,1.9531046152114868,-6.263716697692871
images_224/ART002-E-22534.jpg,1.5303239822387695,-6.100574970245361
images_224/ART002-E-22535.jpg,1.93170166015625,-6.260157585144043
images_224/ART002-E-22536.jpg,1.9704984426498413,-6.2651448249816895
images_224/ART002-E-22537.jpg,1.9402084350585938,-6.2621917724609375
images_224/ART002-E-22538.jpg,2.3286709785461426,-6.344142436981201
images_224/ART002-E-22539.jpg,2.1357555389404297,-6.339001655578613
images_224/ART002-E-22540.jpg,2.1916744709014893,-6.316762924194336
images_224/ART002-E-22541.jpg,2.6369845867156982,-6.4948015213012695
images_224/ART002-E-22542.jpg,3.023226022720337,-6.640162467956543
images_224/ART002-E-22543.jpg,2.0788047313690186,-6.306023597717285
images_224/ART002-E-22544.jpg,1.821340560913086,-6.231108665466309
images_224/ART002-E-22545.jpg,1.8641680479049683,-6.2459821701049805
images_224/ART002-E-22546.jpg,2.085620164871216,-6.288497447967529
images_224/ART002-E-22547.jpg,2.2045862674713135,-6.173614501953125
images_224/ART002-E-22548.jpg,0.5811370015144348,-5.736214637756348
images_224/ART002-E-22549.jpg,0.6012437343597412,-5.4916181564331055
images_224/ART002-E-22550.jpg,2.099937915802002,-6.130928993225098
images_224/ART002-E-22551.jpg,2.078357458114624,-6.14148473739624
images_224/ART002-E-22552.jpg,2.305452346801758,-6.302576541900635
images_224/ART002-E-22553.jpg,1.8826390504837036,-6.018907070159912
images_224/ART002-E-22554.jpg,-0.09729506820440292,-5.111260414123535
images_224/ART002-E-22555.jpg,-1.9698776006698608,-1.8683068752288818
images_224/ART002-E-22556.jpg,1.888994812965393,-6.019763946533203
images_224/ART002-E-22557.jpg,1.9221389293670654,-6.032164096832275
images_224/ART002-E-22558.jpg,1.6461644172668457,-5.890650272369385
images_224/ART002-E-22559.jpg,1.8669291734695435,-5.979563236236572
images_224/ART002-E-22560.jpg,1.7047826051712036,-5.909063816070557
images_224/ART002-E-22561.jpg,1.9064267873764038,-6.018510818481445
images_224/ART002-E-22562.jpg,2.2771759033203125,-6.218616008758545
images_224/ART002-E-22563.jpg,0.6476109623908997,-5.794433116912842
images_224/ART002-E-22564.jpg,-0.06212913617491722,-5.455042839050293
images_224/ART002-E-22565.jpg,-0.8247787952423096,-4.388801097869873
images_224/ART002-E-22566.jpg,0.0015147944213822484,-5.2228569984436035
images_224/ART002-E-22567.jpg,1.4997005462646484,-5.764640808105469
images_224/ART002-E-22568.jpg,-5.1343817710876465,5.437383651733398
images_224/ART002-E-22569.jpg,-5.07008695602417,5.53483247756958
images_224/ART002-E-22570.jpg,-5.015440940856934,5.600058555603027
images_224/ART002-E-22571.jpg,-7.168575286865234,5.431905269622803
images_224/ART002-E-22572.jpg,-4.928112030029297,5.123912811279297
images_224/ART002-E-22573.jpg,-2.0195653438568115,-1.4876874685287476
images_224/ART002-E-22574.jpg,-1.8662306070327759,-2.398258686065674
images_224/ART002-E-22575.jpg,-4.553659439086914,4.993134021759033
images_224/ART002-E-22576.jpg,-6.571401119232178,5.539858341217041
images_224/ART002-E-22577.jpg,-6.738676071166992,6.601437091827393
images_224/ART002-E-22578.jpg,-6.241683483123779,5.318075180053711
images_224/ART002-E-22579.jpg,-3.7367546558380127,4.7564377784729
images_224/ART002-E-22580.jpg,-2.0535361766815186,-0.771757185459137
images_224/ART002-E-22581.jpg,-5.107237815856934,5.5129170417785645
images_224/ART002-E-22582.jpg,-5.113346576690674,5.522593975067139
images_224/ART002-E-22583.jpg,-5.017714500427246,5.421350479125977
images_224/ART002-E-22584.jpg,-4.737297058105469,5.124312877655029
images_224/ART002-E-22585.jpg,-3.7193660736083984,4.749997138977051
images_224/ART002-E-22586.jpg,-1.1635457277297974,2.62481689453125
images_224/ART002-E-22587.jpg,-5.044890880584717,5.434924602508545
images_224/ART002-E-22588.jpg,-5.101576328277588,5.509174346923828
images_224/ART002-E-22589.jpg,-1.9162236452102661,-1.8852159976959229
images_224/ART002-E-22590.jpg,-5.108421325683594,5.468088626861572
images_224/ART002-E-22591.jpg,-6.729900360107422,5.717380523681641
images_224/ART002-E-22592.jpg,-5.07328462600708,5.539866924285889
images_224/ART002-E-22593.jpg,-5.071084499359131,5.478827476501465
images_224/ART002-E-22594.jpg,-4.853118896484375,5.095370292663574
images_224/ART002-E-22595.jpg,-1.1668176651000977,2.6432206630706787
images_224/ART002-E-22596.jpg,-5.0006103515625,5.377419471740723
images_224/ART002-E-22597.jpg,-5.0997538566589355,5.483719825744629
images_224/ART002-E-22598.jpg,-1.629652738571167,3.593822479248047
images_224/ART002-E-22599.jpg,-3.691944122314453,4.733885288238525
images_224/ART002-E-22600.jpg,-4.887624740600586,5.126279830932617
images_224/ART002-E-22601.jpg,-5.095580577850342,5.498682975769043
images_224/ART002-E-22602.jpg,-5.086345195770264,5.460509777069092
images_224/ART002-E-22603.jpg,-5.104398250579834,5.500910758972168
images_224/ART002-E-22604.jpg,-5.073521137237549,5.530750751495361
images_224/ART002-E-22605.jpg,-5.570286750793457,5.177409648895264
images_224/ART002-E-22606.jpg,-5.071926593780518,5.5363030433654785
images_224/ART002-E-22607.jpg,-5.088013648986816,5.480854034423828
images_224/ART002-E-22608.jpg,-5.098602294921875,5.539052963256836
images_224/ART002-E-22609.jpg,-4.272508144378662,4.890580177307129
images_224/ART002-E-22610.jpg,-6.754027843475342,5.92283296585083
images_224/ART002-E-22611.jpg,-6.330774307250977,4.942185401916504
images_224/ART002-E-22612.jpg,-6.210362434387207,5.222344875335693
images_224/ART002-E-22613.jpg,-8.030381202697754,3.508246421813965
images_224/ART002-E-22614.jpg,-1.6627957820892334,3.639003276824951
images_224/ART002-E-22615.jpg,-5.0748066902160645,5.485718250274658
images_224/ART002-E-22616.jpg,-5.037561416625977,5.417966365814209
images_224/ART002-E-22617.jpg,-7.510226726531982,5.945176601409912
images_224/ART002-E-22618.jpg,-5.098695755004883,5.480534553527832
images_224/ART002-E-22619.jpg,-6.771595478057861,5.868398666381836
images_224/ART002-E-22620.jpg,-7.592557907104492,5.941874980926514
images_224/ART002-E-22621.jpg,-7.9466657638549805,3.5896799564361572
images_224/ART002-E-22622.jpg,-6.734257221221924,6.610503673553467
images_224/ART002-E-22623.jpg,-7.605386257171631,5.939966678619385
images_224/ART002-E-22624.jpg,-6.459482669830322,5.511227607727051
images_224/ART002-E-22625.jpg,-6.248138904571533,5.396968841552734
images_224/ART002-E-22626.jpg,-6.043119430541992,5.33440637588501
images_224/ART002-E-22627.jpg,-5.929815292358398,5.286952495574951
images_224/ART002-E-22628.jpg,3.134256601333618,-6.005347728729248
images_224/ART002-E-22629.jpg,-1.9865150451660156,-0.37609633803367615
images_224/ART002-E-22630.jpg,0.04596853256225586,-5.0856122970581055
images_224/ART002-E-22631.jpg,-1.9216279983520508,-0.23898978531360626
images_224/ART002-E-22632.jpg,1.8832648992538452,-6.003078937530518
images_224/ART002-E-22633.jpg,1.8856940269470215,-6.243429183959961
images_224/ART002-E-22634.jpg,1.9797676801681519,-6.2672553062438965
images_224/ART002-E-22635.jpg,1.6647640466690063,-6.070683002471924
images_224/ART002-E-22636.jpg,-0.4087364971637726,-4.95977258682251
images_224/ART002-E-22637.jpg,1.9581869840621948,-6.257382869720459
images_224/ART002-E-22638.jpg,1.8273725509643555,-6.211362361907959
images_224/ART002-E-22639.jpg,-0.4154317080974579,-4.955378532409668
images_224/ART002-E-22640.jpg,0.664148211479187,-5.770116806030273
images_224/ART002-E-22641.jpg,1.8027105331420898,-6.175248622894287
images_224/ART002-E-22642.jpg,-0.29338303208351135,-4.940610885620117
images_224/ART002-E-22643.jpg,1.4203150272369385,-5.375895977020264
images_224/ART002-E-22644.jpg,1.1584460735321045,-5.3764214515686035
images_224/ART002-E-22645.jpg,-0.7654618620872498,-4.372491836547852
images_224/ART002-E-22646.jpg,1.0560823678970337,-5.342030048370361
images_224/ART002-E-22647.jpg,3.6058402061462402,-5.669132709503174
images_224/ART002-E-22648.jpg,3.662191867828369,-5.627399921417236
images_224/ART002-E-22649.jpg,3.6496689319610596,-5.623813629150391
images_224/ART002-E-22650.jpg,3.589754819869995,-5.653396129608154
images_224/ART002-E-22651.jpg,3.6798126697540283,-5.6165947914123535
images_224/ART002-E-22652.jpg,3.5606672763824463,-5.671613693237305
images_224/ART002-E-22653.jpg,3.5503573417663574,-5.706517219543457
images_224/ART002-E-22654.jpg,3.607576847076416,-5.666925430297852
images_224/ART002-E-22655.jpg,-0.3896843492984772,-4.951842784881592
images_224/ART002-E-22656.jpg,2.62422776222229,-6.142424583435059
images_224/ART002-E-22657.jpg,3.306328535079956,-5.881601333618164
images_224/ART002-E-22658.jpg,2.7030029296875,-6.291995525360107
images_224/ART002-E-22659.jpg,3.417011260986328,-5.9046735763549805
images_224/ART002-E-22660.jpg,3.2478935718536377,-5.855266094207764
images_224/ART002-E-22661.jpg,3.2375380992889404,-6.063601016998291
images_224/ART002-E-22662.jpg,3.261214017868042,-5.770264625549316
images_224/ART002-E-22663.jpg,3.2050275802612305,-5.894286632537842
images_224/ART002-E-22664.jpg,3.244119167327881,-5.842305660247803
images_224/ART002-E-22665.jpg,3.215777635574341,-5.900498390197754
images_224/ART002-E-22666.jpg,3.2069244384765625,-5.859584331512451
images_224/ART002-E-22667.jpg,2.78896427154541,-5.987356185913086
images_224/ART002-E-22668.jpg,2.8920838832855225,-5.968303680419922
images_224/ART002-E-22669.jpg,2.8800082206726074,-5.875047206878662
images_224/ART002-E-22670.jpg,2.964348554611206,-5.83577299118042
images_224/ART002-E-22671.jpg,1.912854552268982,-6.023198127746582
images_224/ART002-E-22672.jpg,2.9202020168304443,-5.857292652130127
images_224/ART002-E-22673.jpg,2.3448567390441895,-6.228653907775879
images_224/ART002-E-22674.jpg,2.0395922660827637,-6.265119552612305
images_224/ART002-E-22675.jpg,2.4986164569854736,-6.329777240753174
images_224/ART002-E-22676.jpg,2.467280149459839,-6.324041366577148
images_224/ART002-E-22677.jpg,3.1608991622924805,-6.622270584106445
images_224/ART002-E-22678.jpg,2.408508539199829,-6.212701797485352
images_224/ART002-E-22679.jpg,2.0919179916381836,-6.2496747970581055
images_224/ART002-E-22680.jpg,2.0899720191955566,-6.304521083831787
images_224/ART002-E-22681.jpg,2.6064767837524414,-6.50840425491333
images_224/ART002-E-22682.jpg,3.0077614784240723,-6.637835502624512
images_224/ART002-E-22683.jpg,2.6996383666992188,-6.305331230163574
images_224/ART002-E-22684.jpg,2.863593816757202,-6.564854621887207
images_224/ART002-E-22685.jpg,2.5077497959136963,-6.313124656677246
images_224/ART002-E-22686.jpg,3.131260871887207,-6.689070701599121
images_224/ART002-E-22687.jpg,2.0535080432891846,-6.10601282119751
images_224/ART002-E-22688.jpg,-1.313637614250183,-3.6246354579925537
images_224/ART002-E-22689.jpg,-1.2554856538772583,1.7504442930221558
images_224/ART002-E-22690.jpg,-2.126014471054077,-0.7733325958251953
images_224/ART002-E-22691.jpg,-2.0828709602355957,-0.6668813228607178
images_224/ART002-E-22692.jpg,-2.092318058013916,-0.7066240310668945
images_224/ART002-E-22693.jpg,-1.9496277570724487,-1.938561201095581
images_224/ART002-E-22694.jpg,-0.9874895215034485,-4.178300857543945
images_224/ART002-E-22695.jpg,-2.093463659286499,-0.7436248660087585
images_224/ART002-E-22696.jpg,-1.1377174854278564,2.374608039855957
images_224/ART002-E-22697.jpg,-1.8141041994094849,-2.5591914653778076
images_224/ART002-E-22698.jpg,-1.2162537574768066,1.7414498329162598
images_224/ART002-E-22699.jpg,-0.3990303575992584,-5.012729644775391
images_224/ART002-E-22700.jpg,-2.0856094360351562,-0.691011905670166
images_224/ART002-E-22701.jpg,-2.1034600734710693,-0.7231399416923523
images_224/ART002-E-22702.jpg,-2.093183755874634,-0.7214635014533997
images_224/ART002-E-22703.jpg,-1.2186909914016724,1.738856554031372
images_224/ART002-E-22704.jpg,-0.35790422558784485,-5.114240646362305
images_224/ART002-E-22705.jpg,-1.8196629285812378,-2.5421817302703857
images_224/ART002-E-22706.jpg,-1.132620096206665,-3.984952926635742
images_224/ART002-E-22707.jpg,-1.0811917781829834,-4.044076442718506
images_224/ART002-E-22708.jpg,-2.056168794631958,-0.5933764576911926
images_224/ART002-E-22709.jpg,-0.9860531687736511,-4.171684265136719
images_224/ART002-E-22710.jpg,-1.200513243675232,1.7271947860717773
images_224/ART002-E-22711.jpg,-0.20347194373607635,-5.261130332946777
images_224/ART002-E-22712.jpg,-1.213947057723999,1.732526421546936
images_224/ART002-E-22713.jpg,-2.083500623703003,-1.330204725265503
images_224/ART002-E-22714.jpg,-1.820940375328064,-2.538398027420044
images_224/ART002-E-22715.jpg,-0.1857573688030243,-5.295935153961182
images_224/ART002-E-22716.jpg,-2.0909640789031982,-0.7369994521141052
images_224/ART002-E-22717.jpg,-2.0308027267456055,-0.5509311556816101
images_224/ART002-E-22718.jpg,-2.044748544692993,-0.5682398080825806
images_224/ART002-E-22719.jpg,-0.4870675206184387,-4.805680751800537
images_224/ART002-E-22720.jpg,-1.9469761848449707,-0.30110374093055725
images_224/ART002-E-22721.jpg,-2.009176015853882,-0.4630594253540039
images_224/ART002-E-22722.jpg,-1.1565982103347778,-3.934429883956909
images_224/ART002-E-22723.jpg,-0.4135335087776184,-4.977536201477051
images_224/ART002-E-22724.jpg,-1.9491081237792969,-0.3115020990371704
images_224/ART002-E-22725.jpg,-1.2120870351791382,1.7857661247253418
images_224/ART002-E-22726.jpg,1.8927723169326782,-7.682301998138428
images_224/ART002-E-22727.jpg,-0.6495653390884399,-4.5987653732299805
images_224/ART002-E-22728.jpg,-1.8203063011169434,-2.5388574600219727
images_224/ART002-E-22729.jpg,-2.0841143131256104,-0.645003616809845
images_224/ART002-E-22730.jpg,-1.9550327062606812,-1.9411686658859253
images_224/ART002-E-22731.jpg,-2.05379581451416,-0.5882472395896912
images_224/ART002-E-22732.jpg,-1.1248544454574585,-3.9866669178009033
images_224/ART002-E-22733.jpg,-1.1628285646438599,-3.9358341693878174
images_224/ART002-E-22734.jpg,-1.1445575952529907,-3.9598639011383057
images_224/ART002-E-22735.jpg,-1.8141731023788452,-2.548334836959839
images_224/ART002-E-22736.jpg,-0.961074709892273,-4.203012943267822
images_224/ART002-E-22737.jpg,-2.081298351287842,-0.6608588695526123
images_224/ART002-E-22738.jpg,-1.1166290044784546,-3.9969217777252197
images_224/ART002-E-22739.jpg,-2.048062562942505,-0.5910645127296448
images_224/ART002-E-22740.jpg,-0.4385511875152588,-4.9368696212768555
images_224/ART002-E-22741.jpg,-1.9551771879196167,-1.9189679622650146
images_224/ART002-E-22742.jpg,-2.087709903717041,-0.6567831635475159
images_224/ART002-E-22743.jpg,-0.9728252291679382,-4.1910319328308105
images_224/ART002-E-22744.jpg,-1.0265510082244873,-4.115931034088135
images_224/ART002-E-22745.jpg,-2.0797982215881348,-1.3289462327957153
images_224/ART002-E-22746.jpg,-1.0215657949447632,-4.125604152679443
images_224/ART002-E-22747.jpg,-1.1601811647415161,-3.9349608421325684
images_224/ART002-E-22748.jpg,0.8975551724433899,-5.278693675994873
images_224/ART002-E-22749.jpg,0.9651790261268616,-5.59103536605835
images_224/ART002-E-22750.jpg,0.7785842418670654,-5.459018707275391
images_224/ART002-E-22751.jpg,0.879195511341095,-5.2793684005737305
images_224/ART002-E-22752.jpg,-0.01908382959663868,-5.2467427253723145
images_224/ART002-E-22753.jpg,0.8957996964454651,-5.312709331512451
images_224/ART002-E-22754.jpg,-0.8307695984840393,-4.324801921844482
images_224/ART002-E-22755.jpg,0.9193388223648071,-5.315295696258545
images_224/ART002-E-22756.jpg,-0.84276282787323,-4.31420373916626
images_224/ART002-E-22757.jpg,-0.3376636803150177,-4.881919860839844
images_224/ART002-E-22758.jpg,-0.49345746636390686,-4.707220077514648
images_224/ART002-E-22759.jpg,-1.9537670612335205,-1.9679508209228516
images_224/ART002-E-22760.jpg,0.6393681764602661,-5.348783016204834
images_224/ART002-E-22761.jpg,0.8602492213249207,-5.301654815673828
images_224/ART002-E-22762.jpg,0.8078526854515076,-5.311153411865234
images_224/ART002-E-22763.jpg,-1.8649005889892578,-2.427152633666992
images_224/ART002-E-22764.jpg,-0.691975474357605,-4.524817943572998
images_224/ART002-E-22765.jpg,0.9150304198265076,-5.582066535949707
images_224/ART002-E-22766.jpg,0.9603036046028137,-5.6635260581970215
images_224/ART002-E-22767.jpg,0.6817268133163452,-5.389128684997559
images_224/ART002-E-22768.jpg,0.6900191307067871,-5.281822204589844
images_224/ART002-E-22769.jpg,0.9109786152839661,-5.628619194030762
images_224/ART002-E-22770.jpg,-0.827317476272583,-4.325542449951172
images_224/ART002-E-22771.jpg,-0.0270397812128067,-5.24600887298584
images_224/ART002-E-22772.jpg,0.7483100891113281,-5.438406467437744
images_224/ART002-E-22773.jpg,0.5553656816482544,-5.275458812713623
images_224/ART002-E-22774.jpg,0.11524991691112518,-5.096076488494873
images_224/ART002-E-22775.jpg,0.22077856957912445,-5.179499626159668
images_224/ART002-E-22776.jpg,0.8748584389686584,-5.315722942352295
images_224/ART002-E-22777.jpg,-0.2751427888870239,-4.9286298751831055
images_224/ART002-E-22778.jpg,0.6432347893714905,-5.373507022857666
images_224/ART002-E-22779.jpg,-0.21899159252643585,-4.902172088623047
images_224/ART002-E-22780.jpg,0.8595291972160339,-5.301085472106934
images_224/ART002-E-22782.jpg,0.7597032785415649,-5.301265239715576
images_224/ART002-E-22783.jpg,-0.1808437556028366,-5.273423194885254
images_224/ART002-E-22784.jpg,-0.8738306760787964,-4.2862348556518555
images_224/ART002-E-22785.jpg,-0.27648213505744934,-4.946033477783203
images_224/ART002-E-22786.jpg,1.0664972066879272,-5.589184284210205
images_224/ART002-E-22787.jpg,0.12213496118783951,-5.04303503036499
images_224/ART002-E-22788.jpg,0.5486200451850891,-5.54327917098999
images_224/ART002-E-22789.jpg,-1.1506685018539429,-3.96105694770813
images_224/ART002-E-22790.jpg,-0.3236773610115051,-5.033011436462402
images_224/ART002-E-22791.jpg,-0.45000162720680237,-4.8659234046936035
images_224/ART002-E-22792.jpg,-0.7323753237724304,-4.487066268920898
images_224/ART002-E-22793.jpg,-0.8495681881904602,-4.351395606994629
images_224/ART002-E-22794.jpg,-0.08946812152862549,-5.401504039764404
images_224/ART002-E-22795.jpg,-1.0367342233657837,-4.10713529586792
images_224/ART002-E-22796.jpg,-0.9560366868972778,-4.21579647064209
images_224/ART002-E-22797.jpg,-1.8542356491088867,-2.487318992614746
images_224/ART002-E-22798.jpg,-0.9663472771644592,-4.2016401290893555
images_224/ART002-E-22799.jpg,-0.4244341254234314,-4.827404499053955
images_224/ART002-E-22800.jpg,-0.06525637209415436,-5.269654273986816
images_224/ART002-E-22801.jpg,0.5102484226226807,-5.741058826446533
images_224/ART002-E-22802.jpg,-0.1730169802904129,-5.067263126373291
images_224/ART002-E-22803.jpg,-0.021620508283376694,-5.252506732940674
images_224/ART002-E-22804.jpg,0.15116554498672485,-5.388986110687256
images_224/ART002-E-22805.jpg,-0.0067350175231695175,-5.5152907371521
images_224/ART002-E-22806.jpg,-0.40729430317878723,-4.961075305938721
images_224/ART002-E-22807.jpg,-1.1549022197723389,-3.9364936351776123
images_224/ART002-E-23048.jpg,5.833541393280029,-2.250173807144165
images_224/ART002-E-23049.jpg,15.423195838928223,-2.707935333251953
images_224/ART002-E-23050.jpg,15.39124584197998,-2.7023935317993164
images_224/ART002-E-23051.jpg,15.484572410583496,-2.7173047065734863
images_224/ART002-E-23052.jpg,15.508538246154785,-2.750488758087158
images_224/ART002-E-23053.jpg,17.385011672973633,-4.0122294425964355
images_224/ART002-E-23054.jpg,17.21352767944336,-3.7319695949554443
images_224/ART002-E-23055.jpg,17.356510162353516,-3.824573278427124
images_224/ART002-E-23056.jpg,17.2990779876709,-3.8398232460021973
images_224/ART002-E-23057.jpg,17.31324577331543,-3.780536651611328
images_224/ART002-E-23058.jpg,17.2960205078125,-3.765315055847168
images_224/ART002-E-23059.jpg,17.312063217163086,-3.795149564743042
images_224/ART002-E-23060.jpg,17.341413497924805,-3.7942676544189453
images_224/ART002-E-23061.jpg,17.341079711914062,-3.8058550357818604
images_224/ART002-E-23062.jpg,17.343828201293945,-3.8261420726776123
images_224/ART002-E-23063.jpg,17.319936752319336,-3.85471773147583
images_224/ART002-E-23064.jpg,17.3460693359375,-3.969440221786499
images_224/ART002-E-23069.jpg,7.635390758514404,-9.977778434753418
images_224/ART002-E-23070.jpg,16.776668548583984,-3.8883423805236816
images_224/ART002-E-23071.jpg,16.69637680053711,-3.8466477394104004
images_224/ART002-E-23072.jpg,16.70151710510254,-3.838601589202881
images_224/ART002-E-23073.jpg,16.792448043823242,-3.895521879196167
images_224/ART002-E-23074.jpg,16.793237686157227,-3.9170446395874023
images_224/ART002-E-23075.jpg,16.713937759399414,-3.854966878890991
images_224/ART002-E-23076.jpg,16.83013153076172,-3.970764636993408
images_224/ART002-E-23077.jpg,16.84430694580078,-4.004880428314209
images_224/ART002-E-23078.jpg,16.788938522338867,-3.9019649028778076
images_224/ART002-E-23079.jpg,16.652673721313477,-3.8297128677368164
images_224/ART002-E-23080.jpg,16.807838439941406,-3.9601998329162598
images_224/ART002-E-23081.jpg,16.71197509765625,-3.862351655960083
images_224/ART002-E-23082.jpg,16.836467742919922,-3.982147216796875
images_224/ART002-E-23083.jpg,16.817127227783203,-3.9635932445526123
images_224/ART002-E-23084.jpg,16.659780502319336,-3.8537113666534424
images_224/ART002-E-23085.jpg,16.690448760986328,-3.840799570083618
images_224/ART002-E-23086.jpg,16.759279251098633,-3.9104764461517334
images_224/ART002-E-23087.jpg,16.71495246887207,-3.8618130683898926
images_224/ART002-E-23088.jpg,17.14923667907715,-4.220039367675781
images_224/ART002-E-23089.jpg,17.240461349487305,-4.252452373504639
images_224/ART002-E-23090.jpg,17.134777069091797,-4.1273651123046875
images_224/ART002-E-23091.jpg,17.123804092407227,-4.157257556915283
images_224/ART002-E-23092.jpg,17.229490280151367,-4.248710632324219
images_224/ART002-E-23093.jpg,17.268693923950195,-4.050917625427246
images_224/ART002-E-23094.jpg,17.268903732299805,-4.329000473022461
images_224/ART002-E-23095.jpg,17.25965118408203,-4.289613723754883
images_224/ART002-E-23096.jpg,17.34668731689453,-4.438546657562256
images_224/ART002-E-23097.jpg,18.409013748168945,-5.195555210113525
images_224/ART002-E-23098.jpg,18.298625946044922,-5.145370960235596
images_224/ART002-E-23099.jpg,18.444381713867188,-5.235252857208252
images_224/ART002-E-23100.jpg,18.45589828491211,-5.141270637512207
images_224/ART002-E-23101.jpg,18.495927810668945,-5.075661659240723
images_224/ART002-E-23102.jpg,18.441072463989258,-5.179561138153076
images_224/ART002-E-23103.jpg,18.37729263305664,-5.173727035522461
images_224/ART002-E-23104.jpg,18.314455032348633,-5.154809474945068
images_224/ART002-E-23105.jpg,18.419771194458008,-5.149019241333008
images_224/ART002-E-23106.jpg,18.049903869628906,-4.959508895874023
images_224/ART002-E-23107.jpg,18.02208137512207,-5.047982692718506
images_224/ART002-E-23108.jpg,18.435791015625,-5.0581512451171875
images_224/ART002-E-23109.jpg,18.242450714111328,-5.2587971687316895
images_224/ART002-E-23110.jpg,18.04229736328125,-5.039552688598633
images_224/ART002-E-23111.jpg,18.484609603881836,-5.099756240844727
images_224/ART002-E-23112.jpg,18.11960792541504,-5.00787353515625
images_224/ART002-E-23113.jpg,18.123126983642578,-4.979147434234619
images_224/ART002-E-23114.jpg,18.410402297973633,-4.966354846954346
images_224/ART002-E-23115.jpg,18.36570167541504,-4.930661678314209
images_224/ART002-E-23116.jpg,18.123332977294922,-4.943576335906982
images_224/ART002-E-23117.jpg,18.495908737182617,-4.923342227935791
images_224/ART002-E-23118.jpg,17.727882385253906,-4.138462543487549
images_224/ART002-E-23119.jpg,17.647899627685547,-4.161730766296387
images_224/ART002-E-23120.jpg,17.76694679260254,-4.194297790527344
images_224/ART002-E-23121.jpg,18.093713760375977,-5.045045375823975
images_224/ART002-E-23122.jpg,17.975168228149414,-4.875633239746094
images_224/ART002-E-23123.jpg,17.962955474853516,-4.501336097717285
images_224/ART002-E-23124.jpg,18.261371612548828,-5.112860679626465
images_224/ART002-E-23125.jpg,18.04342269897461,-5.375114917755127
images_224/ART002-E-23126.jpg,18.19792938232422,-5.17030143737793
images_224/ART002-E-23127.jpg,17.61391258239746,-4.764668941497803
images_224/ART002-E-23128.jpg,17.61412811279297,-4.860880374908447
images_224/ART002-E-23129.jpg,17.592756271362305,-4.759040832519531
images_224/ART002-E-23130.jpg,17.05003547668457,-4.081167221069336
images_224/ART002-E-23131.jpg,17.17423439025879,-4.25592041015625
images_224/ART002-E-23132.jpg,17.029447555541992,-4.03068733215332
images_224/ART002-E-23133.jpg,17.010398864746094,-4.0234761238098145
images_224/ART002-E-23134.jpg,17.031587600708008,-4.1591877937316895
images_224/ART002-E-23135.jpg,16.981477737426758,-4.017064571380615
images_224/ART002-E-23136.jpg,17.074535369873047,-4.167679786682129
images_224/ART002-E-23137.jpg,17.166711807250977,-4.234498500823975
images_224/ART002-E-23138.jpg,17.02739906311035,-4.02526330947876
images_224/ART002-E-23139.jpg,17.262615203857422,-3.5969691276550293
images_224/ART002-E-23140.jpg,17.270235061645508,-3.623542070388794
images_224/ART002-E-23141.jpg,17.268129348754883,-3.611589193344116
images_224/ART002-E-23142.jpg,17.26921272277832,-3.585855722427368
images_224/ART002-E-23143.jpg,17.259136199951172,-3.5949535369873047
images_224/ART002-E-23144.jpg,17.278409957885742,-3.5850954055786133
images_224/ART002-E-23145.jpg,17.275848388671875,-3.619235038757324
images_224/ART002-E-23146.jpg,17.27046012878418,-3.593040704727173
images_224/ART002-E-23147.jpg,17.272951126098633,-3.600372076034546
images_224/ART002-E-23148.jpg,17.30925178527832,-3.975827693939209
images_224/ART002-E-23149.jpg,17.241085052490234,-3.941373825073242
images_224/ART002-E-23150.jpg,17.297428131103516,-3.9589452743530273
images_224/ART002-E-23151.jpg,17.60130500793457,-4.791456699371338
images_224/ART002-E-23152.jpg,17.58224868774414,-4.754249572753906
images_224/ART002-E-23153.jpg,17.50978660583496,-4.66405725479126
images_224/ART002-E-23154.jpg,17.52212905883789,-4.700713634490967
images_224/ART002-E-23155.jpg,17.63674545288086,-4.859475135803223
images_224/ART002-E-23156.jpg,17.477975845336914,-4.604758262634277
images_224/ART002-E-23157.jpg,17.82094955444336,-5.0501017570495605
images_224/ART002-E-23158.jpg,17.85071563720703,-4.984476089477539
images_224/ART002-E-23159.jpg,17.788448333740234,-4.961851119995117
images_224/ART002-E-23160.jpg,17.763914108276367,-4.970252513885498
images_224/ART002-E-23161.jpg,17.85855484008789,-4.9964919090271
images_224/ART002-E-23162.jpg,17.723493576049805,-4.9583258628845215
images_224/ART002-E-23163.jpg,17.914316177368164,-5.003422260284424
images_224/ART002-E-23164.jpg,17.895782470703125,-4.9999098777771
images_224/ART002-E-23165.jpg,18.01968765258789,-4.989498615264893
images_224/ART002-E-23166.jpg,17.69676399230957,-5.038374900817871
images_224/ART002-E-23167.jpg,17.630449295043945,-5.077141761779785
images_224/ART002-E-23168.jpg,17.601865768432617,-5.081451892852783
images_224/ART002-E-23169.jpg,17.73674201965332,-4.8672966957092285
images_224/ART002-E-23170.jpg,17.684663772583008,-4.888431549072266
images_224/ART002-E-23171.jpg,17.759262084960938,-4.940220832824707
images_224/ART002-E-23172.jpg,18.2069034576416,-5.357202053070068
images_224/ART002-E-23173.jpg,18.17872428894043,-5.410285949707031
images_224/ART002-E-23174.jpg,18.33009910583496,-5.584883213043213
images_224/ART002-E-23175.jpg,18.409719467163086,-5.486937999725342
images_224/ART002-E-23176.jpg,18.168527603149414,-5.401411056518555
images_224/ART002-E-23177.jpg,18.413497924804688,-5.522970199584961
images_224/ART002-E-23178.jpg,18.348054885864258,-6.040292739868164
images_224/ART002-E-23179.jpg,18.34202766418457,-6.041660308837891
images_224/ART002-E-23180.jpg,18.376602172851562,-6.006619930267334
images_224/ART002-E-23181.jpg,18.241365432739258,-5.471262454986572
images_224/ART002-E-23182.jpg,18.148849487304688,-5.421587944030762
images_224/ART002-E-23183.jpg,18.302921295166016,-5.529535293579102
images_224/ART002-E-23184.jpg,17.893930435180664,-5.038541316986084
images_224/ART002-E-23185.jpg,17.88675880432129,-4.984400749206543
images_224/ART002-E-23186.jpg,17.696382522583008,-4.98417329788208
images_224/ART002-E-23187.jpg,18.374975204467773,-5.465686321258545
images_224/ART002-E-23188.jpg,18.360361099243164,-5.662683010101318
images_224/ART002-E-23189.jpg,18.354034423828125,-5.422796726226807
images_224/ART002-E-23190.jpg,18.40514373779297,-6.082510948181152
images_224/ART002-E-23191.jpg,18.39532470703125,-6.048908233642578
images_224/ART002-E-23192.jpg,18.362504959106445,-6.028415203094482
images_224/ART002-E-23193.jpg,17.658254623413086,-4.831112384796143
images_224/ART002-E-23194.jpg,17.708620071411133,-4.922420024871826
images_224/ART002-E-23195.jpg,17.5947322845459,-4.78900146484375
images_224/ART002-E-23196.jpg,17.59563636779785,-4.865968704223633
images_224/ART002-E-23197.jpg,17.59480857849121,-4.810529708862305
images_224/ART002-E-23198.jpg,17.554719924926758,-4.7398176193237305
images_224/ART002-E-23199.jpg,7.806114196777344,-8.893218994140625
images_224/ART002-E-23200.jpg,17.75159454345703,-4.622955799102783
images_224/ART002-E-23201.jpg,17.646041870117188,-4.55486536026001
images_224/ART002-E-23202.jpg,17.80866050720215,-4.620162010192871
images_224/ART002-E-23203.jpg,17.773300170898438,-5.161851406097412
images_224/ART002-E-23204.jpg,17.856374740600586,-5.208245277404785
images_224/ART002-E-23205.jpg,17.652021408081055,-5.1191487312316895
images_224/ART002-E-23206.jpg,17.624122619628906,-5.12020206451416
images_224/ART002-E-23207.jpg,17.68421745300293,-5.1057257652282715
images_224/ART002-E-23208.jpg,17.658187866210938,-5.113639831542969
images_224/ART002-E-23209.jpg,17.83427619934082,-5.1639485359191895
images_224/ART002-E-23210.jpg,17.832427978515625,-5.12958288192749
images_224/ART002-E-23211.jpg,17.762863159179688,-5.09478759765625
images_224/ART002-E-23212.jpg,18.0026798248291,-5.343690872192383
images_224/ART002-E-23213.jpg,17.937543869018555,-5.430662155151367
images_224/ART002-E-23214.jpg,18.033430099487305,-5.181251049041748
images_224/ART002-E-23215.jpg,18.26988410949707,-5.331173896789551
images_224/ART002-E-23216.jpg,17.984195709228516,-5.421675682067871
images_224/ART002-E-23217.jpg,18.286359786987305,-5.1440863609313965
images_224/ART002-E-23218.jpg,18.312870025634766,-5.299783706665039
images_224/ART002-E-23219.jpg,18.180143356323242,-5.313281536102295
images_224/ART002-E-23220.jpg,18.30268669128418,-5.128836631774902
images_224/ART002-E-23221.jpg,18.233192443847656,-5.280898571014404
images_224/ART002-E-23222.jpg,18.251977920532227,-5.255158424377441
images_224/ART002-E-23223.jpg,18.539485931396484,-5.160881996154785
images_224/ART002-E-23224.jpg,18.25269317626953,-5.150488376617432
images_224/ART002-E-23225.jpg,18.099519729614258,-5.249890327453613
images_224/ART002-E-23226.jpg,18.513275146484375,-5.036290645599365
images_224/ART002-E-23227.jpg,18.162452697753906,-4.961037635803223
images_224/ART002-E-23228.jpg,18.167709350585938,-5.013458728790283
images_224/ART002-E-23229.jpg,18.553428649902344,-5.085385799407959
images_224/ART002-E-23230.jpg,18.144502639770508,-4.902095317840576
images_224/ART002-E-23231.jpg,18.05097007751465,-5.288819789886475
images_224/ART002-E-23232.jpg,18.417675018310547,-4.964517593383789
images_224/ART002-E-23233.jpg,18.139528274536133,-4.926213264465332
images_224/ART002-E-23234.jpg,18.08791160583496,-4.911942481994629
images_224/ART002-E-23235.jpg,18.25643539428711,-4.895532131195068
images_224/ART002-E-23236.jpg,18.075721740722656,-4.952729225158691
images_224/ART002-E-23237.jpg,17.95694351196289,-4.99799919128418
images_224/ART002-E-23238.jpg,18.35205841064453,-4.930318832397461
images_224/ART002-E-23239.jpg,18.09541893005371,-4.958539962768555
images_224/ART002-E-23240.jpg,18.12160301208496,-5.279382705688477
images_224/ART002-E-23241.jpg,18.584196090698242,-5.072096824645996
images_224/ART002-E-23242.jpg,18.479978561401367,-5.13223934173584
images_224/ART002-E-23243.jpg,18.140947341918945,-5.177553176879883
images_224/ART002-E-23244.jpg,18.519649505615234,-5.079632759094238
images_224/ART002-E-23245.jpg,18.41301155090332,-5.722616672515869
images_224/ART002-E-23246.jpg,18.26920509338379,-5.571178913116455
images_224/ART002-E-23247.jpg,18.391382217407227,-5.57433557510376
images_224/ART002-E-23248.jpg,18.394569396972656,-6.030121803283691
images_224/ART002-E-23249.jpg,18.439210891723633,-5.977644920349121
images_224/ART002-E-23250.jpg,18.491661071777344,-5.901681900024414
images_224/ART002-E-23251.jpg,18.40402603149414,-6.030993938446045
images_224/ART002-E-23252.jpg,18.453426361083984,-6.004417896270752
images_224/ART002-E-23253.jpg,18.491334915161133,-5.899607181549072
images_224/ART002-E-23254.jpg,18.410764694213867,-5.555974960327148
images_224/ART002-E-23255.jpg,18.1627197265625,-5.3305253982543945
images_224/ART002-E-23256.jpg,18.433914184570312,-5.540960788726807
images_224/ART002-E-23257.jpg,17.94162368774414,-5.343694686889648
images_224/ART002-E-23258.jpg,17.927261352539062,-5.503894805908203
images_224/ART002-E-23259.jpg,17.908660888671875,-5.153733253479004
images_224/ART002-E-23260.jpg,17.662586212158203,-5.1150641441345215
images_224/ART002-E-23261.jpg,17.649572372436523,-5.132816314697266
images_224/ART002-E-23262.jpg,17.664148330688477,-5.161322593688965
images_224/ART002-E-23263.jpg,17.622026443481445,-4.111098766326904
images_224/ART002-E-23264.jpg,17.620506286621094,-4.120326519012451
images_224/ART002-E-23265.jpg,17.596363067626953,-4.121625900268555
images_224/ART002-E-23266.jpg,17.690624237060547,-4.124159812927246
images_224/ART002-E-23267.jpg,17.63213539123535,-4.106497287750244
images_224/ART002-E-23268.jpg,17.69828224182129,-4.142430782318115
images_224/ART002-E-23269.jpg,17.28388214111328,-3.8211045265197754
images_224/ART002-E-23270.jpg,17.309080123901367,-3.9665286540985107
images_224/ART002-E-23271.jpg,17.325122833251953,-3.8511767387390137
images_224/ART002-E-23272.jpg,18.54775047302246,-5.1683220863342285
images_224/ART002-E-23273.jpg,18.3637752532959,-5.295427322387695
images_224/ART002-E-23274.jpg,18.53679847717285,-5.199770927429199
images_224/ART002-E-23275.jpg,17.966712951660156,-4.712273597717285
images_224/ART002-E-23276.jpg,18.027585983276367,-4.886307239532471
images_224/ART002-E-23277.jpg,17.976343154907227,-4.5613694190979
images_224/ART002-E-23278.jpg,17.954843521118164,-4.648304462432861
images_224/ART002-E-23279.jpg,18.0667724609375,-5.049363613128662
images_224/ART002-E-23280.jpg,17.930448532104492,-4.443192005157471
images_224/ART002-E-23281.jpg,17.750043869018555,-4.186623573303223
images_224/ART002-E-23282.jpg,17.755762100219727,-4.231781482696533
images_224/ART002-E-23283.jpg,17.738548278808594,-4.134746074676514
images_224/ART002-E-23284.jpg,17.906091690063477,-4.524177074432373
images_224/ART002-E-23285.jpg,18.008432388305664,-4.996908187866211
images_224/ART002-E-23286.jpg,17.91282844543457,-4.3982367515563965
images_224/ART002-E-23287.jpg,17.7470645904541,-4.860706806182861
images_224/ART002-E-23288.jpg,17.73433494567871,-5.004242420196533
images_224/ART002-E-23289.jpg,17.85097312927246,-4.922874450683594
images_224/ART002-E-23290.jpg,17.95154571533203,-4.983786106109619
images_224/ART002-E-23291.jpg,18.009925842285156,-5.2036590576171875
images_224/ART002-E-23292.jpg,17.933082580566406,-4.757479667663574
images_224/ART002-E-23293.jpg,17.9455623626709,-4.978751182556152
images_224/ART002-E-23294.jpg,18.006084442138672,-5.369668483734131
images_224/ART002-E-23295.jpg,17.87598991394043,-4.931012153625488
images_224/ART002-E-23296.jpg,18.347373962402344,-4.805775165557861
images_224/ART002-E-23297.jpg,18.028993606567383,-4.954653263092041
images_224/ART002-E-23298.jpg,18.436941146850586,-4.927105903625488
images_224/ART002-E-23299.jpg,18.379135131835938,-4.911912441253662
images_224/ART002-E-23300.jpg,18.183320999145508,-5.126096248626709
images_224/ART002-E-23301.jpg,18.48263168334961,-5.003746509552002
images_224/ART002-E-23302.jpg,18.162303924560547,-5.242765426635742
images_224/ART002-E-23303.jpg,18.182050704956055,-5.179992198944092
images_224/ART002-E-23304.jpg,18.207225799560547,-5.0840349197387695
images_224/ART002-E-23305.jpg,18.101831436157227,-5.127780914306641
images_224/ART002-E-23306.jpg,18.055288314819336,-5.1122636795043945
images_224/ART002-E-23307.jpg,18.114944458007812,-5.0850749015808105
images_224/ART002-E-23308.jpg,18.195384979248047,-4.867410182952881
images_224/ART002-E-23309.jpg,17.936588287353516,-4.945130348205566
images_224/ART002-E-23310.jpg,18.450319290161133,-4.942508697509766
images_224/ART002-E-23311.jpg,18.403268814086914,-5.067153453826904
images_224/ART002-E-23312.jpg,18.15185546875,-5.1478047370910645
images_224/ART002-E-23313.jpg,18.514535903930664,-5.014263153076172
images_224/ART002-E-23314.jpg,17.773557662963867,-4.239903926849365
images_224/ART002-E-23315.jpg,17.69559669494629,-4.15749454498291
images_224/ART002-E-23316.jpg,17.724185943603516,-4.1735005378723145
images_224/ART002-E-23317.jpg,18.210044860839844,-4.98369836807251
images_224/ART002-E-23318.jpg,18.014598846435547,-5.182963848114014
images_224/ART002-E-23319.jpg,18.17951202392578,-4.989134311676025
images_224/ART002-E-23320.jpg,7.51190710067749,-9.98510456085205
images_224/ART002-E-23321.jpg,17.38648223876953,-4.2781548500061035
images_224/ART002-E-23322.jpg,17.321306228637695,-4.313515663146973
images_224/ART002-E-23323.jpg,17.366802215576172,-4.081297874450684
images_224/ART002-E-23324.jpg,17.260007858276367,-4.241024494171143
images_224/ART002-E-23325.jpg,17.259416580200195,-4.237328052520752
images_224/ART002-E-23326.jpg,17.317277908325195,-4.255760192871094
images_224/ART002-E-23327.jpg,17.378246307373047,-4.218050003051758
images_224/ART002-E-23328.jpg,17.289045333862305,-4.282487392425537
images_224/ART002-E-23329.jpg,17.35311508178711,-4.101563453674316
images_224/ART002-E-23330.jpg,17.328378677368164,-4.105103969573975
images_224/ART002-E-23331.jpg,17.360416412353516,-4.2104034423828125
images_224/ART002-E-23332.jpg,17.238000869750977,-4.031040191650391
images_224/ART002-E-23333.jpg,17.342750549316406,-4.14604377746582
images_224/ART002-E-23334.jpg,17.312686920166016,-4.248385429382324
images_224/ART002-E-23335.jpg,17.3577823638916,-4.09901237487793
images_224/ART002-E-23336.jpg,18.020483016967773,-5.287374019622803
images_224/ART002-E-23337.jpg,18.038835525512695,-5.30397891998291
images_224/ART002-E-23338.jpg,18.08349609375,-5.00986385345459
images_224/ART002-E-23339.jpg,17.4284725189209,-4.138486385345459
images_224/ART002-E-23340.jpg,17.356685638427734,-4.268282413482666
images_224/ART002-E-23341.jpg,17.376008987426758,-4.1377458572387695
images_224/ART002-E-23342.jpg,17.444822311401367,-4.117743968963623
images_224/ART002-E-23343.jpg,17.397945404052734,-4.26393985748291
images_224/ART002-E-23344.jpg,17.38155746459961,-4.0773844718933105
images_224/ART002-E-23345.jpg,17.476892471313477,-4.085678577423096
images_224/ART002-E-23346.jpg,17.471717834472656,-4.2884840965271
images_224/ART002-E-23347.jpg,17.477943420410156,-4.112055778503418
images_224/ART002-E-23348.jpg,17.64432144165039,-5.12783670425415
images_224/ART002-E-23349.jpg,17.660093307495117,-5.154988765716553
images_224/ART002-E-23350.jpg,17.66401481628418,-5.183091640472412
images_224/ART002-E-23351.jpg,18.357126235961914,-5.842782497406006
images_224/ART002-E-23352.jpg,18.300336837768555,-5.87205696105957
images_224/ART002-E-23353.jpg,17.3568172454834,-4.446030139923096
images_224/ART002-E-23354.jpg,17.395069122314453,-4.176353454589844
images_224/ART002-E-23355.jpg,17.451553344726562,-4.34436559677124
images_224/ART002-E-23356.jpg,17.4213809967041,-4.163396835327148
images_224/ART002-E-23357.jpg,17.742294311523438,-4.194159984588623
images_224/ART002-E-23358.jpg,17.823577880859375,-4.590761661529541
images_224/ART002-E-23359.jpg,17.73866081237793,-4.1903276443481445
images_224/ART002-E-23360.jpg,17.324321746826172,-4.298765182495117
images_224/ART002-E-23361.jpg,17.305635452270508,-4.310251712799072
images_224/ART002-E-23362.jpg,17.41453742980957,-4.300732612609863
images_224/ART002-E-23363.jpg,17.861652374267578,-5.4997639656066895
images_224/ART002-E-23364.jpg,17.85039520263672,-5.519188404083252
images_224/ART002-E-23365.jpg,17.952932357788086,-5.257141590118408
images_224/ART002-E-23366.jpg,17.907320022583008,-5.487838268280029
images_224/ART002-E-23367.jpg,17.879791259765625,-5.453859329223633
images_224/ART002-E-23368.jpg,17.798311233520508,-5.329216003417969
images_224/ART002-E-23369.jpg,18.365463256835938,-5.426853656768799
images_224/ART002-E-23370.jpg,18.34873390197754,-5.449970722198486
images_224/ART002-E-23371.jpg,18.396747589111328,-5.459403038024902
images_224/ART002-E-23372.jpg,18.52715301513672,-6.077187538146973
images_224/ART002-E-23373.jpg,18.457561492919922,-6.026966094970703
images_224/ART002-E-23374.jpg,18.473411560058594,-6.01362943649292
images_224/ART002-E-23375.jpg,18.490596771240234,-5.9642534255981445
images_224/ART002-E-23376.jpg,18.422468185424805,-6.034367084503174
images_224/ART002-E-23377.jpg,18.502538681030273,-5.982564449310303
images_224/ART002-E-23378.jpg,18.44272804260254,-6.025333404541016
images_224/ART002-E-23379.jpg,18.38639259338379,-5.988499641418457
images_224/ART002-E-23380.jpg,18.43092918395996,-6.06207799911499
images_224/ART002-E-23381.jpg,18.241077423095703,-5.843685626983643
images_224/ART002-E-23382.jpg,18.232669830322266,-5.877127170562744
images_224/ART002-E-23383.jpg,18.132728576660156,-5.873022079467773
images_224/ART002-E-23384.jpg,17.79361915588379,-5.537791728973389
images_224/ART002-E-23385.jpg,17.821182250976562,-5.5256147384643555
images_224/ART002-E-23386.jpg,17.81560516357422,-5.528934478759766
images_224/ART002-E-23387.jpg,17.824050903320312,-5.554449558258057
images_224/ART002-E-23388.jpg,17.8658447265625,-5.568093776702881
images_224/ART002-E-23389.jpg,17.868282318115234,-5.579314231872559
images_224/ART002-E-23390.jpg,18.31414794921875,-6.093647003173828
images_224/ART002-E-23391.jpg,18.366744995117188,-6.094909191131592
images_224/ART002-E-23392.jpg,18.346691131591797,-6.063133239746094
images_224/ART002-E-23393.jpg,18.477062225341797,-6.115777015686035
images_224/ART002-E-23394.jpg,18.464645385742188,-6.145280361175537
images_224/ART002-E-23395.jpg,18.582958221435547,-5.990549564361572
images_224/ART002-E-23396.jpg,18.422800064086914,-6.082345962524414
images_224/ART002-E-23397.jpg,18.409318923950195,-6.108665943145752
images_224/ART002-E-23398.jpg,18.529958724975586,-6.001618385314941
images_224/ART002-E-23399.jpg,18.403030395507812,-6.045915126800537
images_224/ART002-E-23400.jpg,18.408870697021484,-6.058704853057861
images_224/ART002-E-23401.jpg,18.482582092285156,-5.901861190795898
images_224/ART002-E-23402.jpg,18.433202743530273,-6.0393171310424805
images_224/ART002-E-23403.jpg,18.37417221069336,-6.057988166809082
images_224/ART002-E-23404.jpg,18.43851089477539,-5.992059230804443
images_224/ART002-E-23405.jpg,18.396442413330078,-5.367422103881836
images_224/ART002-E-23406.jpg,18.342222213745117,-5.327442646026611
images_224/ART002-E-23407.jpg,18.616342544555664,-5.342060089111328
images_224/ART002-E-23408.jpg,7.955937385559082,-9.536890029907227
images_224/ART002-E-23409.jpg,17.59430503845215,-4.1215009689331055
images_224/ART002-E-23410.jpg,17.622087478637695,-4.189266204833984
images_224/ART002-E-23411.jpg,17.660140991210938,-4.159203052520752
images_224/ART002-E-23412.jpg,17.887609481811523,-5.4755401611328125
images_224/ART002-E-23413.jpg,17.82884979248047,-5.510296821594238
images_224/ART002-E-23414.jpg,17.836925506591797,-5.518677234649658
images_224/ART002-E-23415.jpg,18.24669075012207,-5.219940662384033
images_224/ART002-E-23416.jpg,17.89870834350586,-5.510848522186279
images_224/ART002-E-23417.jpg,18.3734073638916,-5.227388381958008
images_224/ART002-E-23418.jpg,18.605915069580078,-5.638990879058838
images_224/ART002-E-23419.jpg,18.479339599609375,-5.74157190322876
images_224/ART002-E-23420.jpg,18.68074607849121,-5.498097896575928
images_224/ART002-E-23421.jpg,18.38433265686035,-5.806554317474365
images_224/ART002-E-23422.jpg,18.451139450073242,-5.953538417816162
images_224/ART002-E-23423.jpg,18.58765411376953,-5.21130895614624
images_224/ART002-E-23424.jpg,18.34867286682129,-6.068111896514893
images_224/ART002-E-23425.jpg,18.352296829223633,-6.089116096496582
images_224/ART002-E-23426.jpg,18.316925048828125,-6.025018692016602
images_224/ART002-E-23427.jpg,18.494644165039062,-5.945189952850342
images_224/ART002-E-23428.jpg,18.548221588134766,-6.058350086212158
images_224/ART002-E-23429.jpg,18.52880096435547,-6.023805618286133
images_224/ART002-E-23430.jpg,18.382125854492188,-5.314126491546631
images_224/ART002-E-23431.jpg,18.341276168823242,-5.284975051879883
images_224/ART002-E-23432.jpg,18.575035095214844,-5.282241344451904
images_224/ART002-E-23433.jpg,18.41497802734375,-6.064062595367432
images_224/ART002-E-23434.jpg,18.386280059814453,-6.064825534820557
images_224/ART002-E-23435.jpg,18.578636169433594,-6.016914367675781
images_224/ART002-E-23436.jpg,7.913388252258301,-9.76923942565918
images_224/ART002-E-23437.jpg,5.542734622955322,-7.802332878112793
images_224/ART002-E-23438.jpg,7.426913738250732,-9.944120407104492
images_224/ART002-E-23439.jpg,7.364030838012695,-8.612774848937988
images_224/ART002-E-23440.jpg,7.942733287811279,-8.826276779174805
images_224/ART002-E-23441.jpg,7.637472152709961,-8.821891784667969
images_224/ART002-E-23442.jpg,7.889795303344727,-9.516898155212402
images_224/ART002-E-23443.jpg,6.926957607269287,-9.548696517944336
images_224/ART002-E-23444.jpg,7.947368621826172,-9.745553970336914
images_224/ART002-E-23445.jpg,7.638866424560547,-9.212343215942383
images_224/ART002-E-23446.jpg,7.000006675720215,-9.496742248535156
images_224/ART002-E-23447.jpg,7.919590473175049,-9.451231956481934
images_224/ART002-E-23448.jpg,7.419452667236328,-8.518362998962402
images_224/ART002-E-23449.jpg,7.855245590209961,-8.800311088562012
images_224/ART002-E-23450.jpg,8.02441692352295,-8.99399471282959
images_224/ART002-E-23451.jpg,7.652820110321045,-9.90963077545166
images_224/ART002-E-23452.jpg,6.818374156951904,-8.845219612121582
images_224/ART002-E-23453.jpg,7.917086601257324,-8.7564058303833
images_224/ART002-E-23454.jpg,5.607315540313721,-8.473645210266113
images_224/ART002-E-23455.jpg,7.973585605621338,-9.65337085723877
images_224/ART002-E-23456.jpg,5.814352989196777,-8.376882553100586
images_224/ART002-E-23457.jpg,7.847039222717285,-9.80280876159668
images_224/ART002-E-23458.jpg,6.463246822357178,-8.346078872680664
images_224/ART002-E-23459.jpg,7.42861795425415,-9.875471115112305
images_224/ART002-E-23460.jpg,7.618875026702881,-9.800153732299805
images_224/ART002-E-23461.jpg,7.423592567443848,-9.80949592590332
images_224/ART002-E-23462.jpg,8.01988410949707,-9.69858455657959
images_224/ART002-E-23463.jpg,7.921745777130127,-8.78583812713623
images_224/ART002-E-23464.jpg,7.864774227142334,-9.638193130493164
images_224/ART002-E-23465.jpg,7.8088765144348145,-9.215883255004883
images_224/ART002-E-23466.jpg,7.646704196929932,-9.841264724731445
images_224/ART002-E-23467.jpg,7.931654930114746,-9.606396675109863
images_224/ART002-E-23468.jpg,7.874884605407715,-8.764949798583984
images_224/ART002-E-23469.jpg,8.058323860168457,-9.167438507080078
images_224/ART002-E-23470.jpg,7.408724308013916,-9.454459190368652
images_224/ART002-E-23471.jpg,8.124368667602539,-9.38066291809082
images_224/ART002-E-23472.jpg,18.022375106811523,-4.8680644035339355
images_224/ART002-E-23473.jpg,17.99436378479004,-4.932103157043457
images_224/ART002-E-23474.jpg,17.987239837646484,-4.682796955108643
images_224/ART002-E-23475.jpg,18.03534507751465,-4.804825305938721
images_224/ART002-E-23476.jpg,18.058908462524414,-4.978850364685059
images_224/ART002-E-23477.jpg,18.00104522705078,-4.6900177001953125
images_224/ART002-E-23478.jpg,17.43582534790039,-4.2686967849731445
images_224/ART002-E-23479.jpg,17.415163040161133,-4.300340175628662
images_224/ART002-E-23480.jpg,17.492431640625,-4.132693767547607
images_224/ART002-E-23481.jpg,7.948781967163086,-8.890328407287598
images_224/ART002-E-23482.jpg,17.820688247680664,-4.258906364440918
images_224/ART002-E-23483.jpg,17.91459846496582,-4.676374435424805
images_224/ART002-E-23484.jpg,17.83833122253418,-4.280973434448242
images_224/ART002-E-23485.jpg,18.06580352783203,-5.89169979095459
images_224/ART002-E-23486.jpg,18.122438430786133,-5.876718521118164
images_224/ART002-E-23487.jpg,18.043792724609375,-5.870725154876709
images_224/ART002-E-23488.jpg,18.03046989440918,-5.832042217254639
images_224/ART002-E-23489.jpg,18.100801467895508,-5.943785190582275
images_224/ART002-E-23490.jpg,17.997365951538086,-5.754188537597656
images_224/ART002-E-23491.jpg,18.14461898803711,-5.4282073974609375
images_224/ART002-E-23492.jpg,18.157943725585938,-5.321151256561279
images_224/ART002-E-23493.jpg,18.151275634765625,-5.289258003234863
images_224/ART002-E-23494.jpg,18.171600341796875,-5.502257823944092
images_224/ART002-E-23495.jpg,18.123306274414062,-5.530915260314941
images_224/ART002-E-23496.jpg,18.173934936523438,-5.417303085327148
images_224/ART002-E-23497.jpg,17.8565731048584,-4.486135005950928
images_224/ART002-E-23498.jpg,17.911561965942383,-4.629143238067627
images_224/ART002-E-23499.jpg,17.86663246154785,-4.4340925216674805
images_224/ART002-E-23500.jpg,17.955318450927734,-4.713875770568848
images_224/ART002-E-23501.jpg,17.89905548095703,-4.60862398147583
images_224/ART002-E-23502.jpg,17.84723472595215,-4.433107376098633
images_224/ART002-E-23503.jpg,17.821216583251953,-4.257925510406494
images_224/ART002-E-23504.jpg,17.9451961517334,-4.679464817047119
images_224/ART002-E-23505.jpg,17.827451705932617,-4.252214431762695
images_224/ART002-E-23506.jpg,17.858781814575195,-4.284411907196045
images_224/ART002-E-23507.jpg,17.892515182495117,-4.656981468200684
images_224/ART002-E-23508.jpg,17.846567153930664,-4.303172588348389
images_224/ART002-E-23509.jpg,17.993328094482422,-5.594932556152344
images_224/ART002-E-23510.jpg,17.93976402282715,-5.325323581695557
images_224/ART002-E-23511.jpg,17.912717819213867,-5.627473831176758
images_224/ART002-E-23512.jpg,17.971952438354492,-5.738864898681641
images_224/ART002-E-23513.jpg,17.99297332763672,-5.7625908851623535
images_224/ART002-E-23514.jpg,17.965410232543945,-5.711533069610596
images_224/ART002-E-23515.jpg,18.85205078125,-6.270012378692627
images_224/ART002-E-23516.jpg,18.79230308532715,-6.259542465209961
images_224/ART002-E-23517.jpg,18.97739601135254,-6.43287992477417
images_224/ART002-E-23518.jpg,18.695947647094727,-5.507739543914795
images_224/ART002-E-23519.jpg,18.678552627563477,-5.613576412200928
images_224/ART002-E-23520.jpg,18.726242065429688,-5.5689826011657715
images_224/ART002-E-23521.jpg,18.704421997070312,-5.41136360168457
images_224/ART002-E-23522.jpg,18.681690216064453,-5.436708927154541
images_224/ART002-E-23523.jpg,18.723512649536133,-5.425278663635254
images_224/ART002-E-23524.jpg,18.682926177978516,-5.4687628746032715
images_224/ART002-E-23525.jpg,18.558902740478516,-5.450191020965576
images_224/ART002-E-23526.jpg,18.56747055053711,-5.415872097015381
images_224/ART002-E-23527.jpg,17.870197296142578,-5.57401180267334
images_224/ART002-E-23528.jpg,17.879146575927734,-5.594765663146973
images_224/ART002-E-23529.jpg,17.857009887695312,-5.6045823097229
images_224/ART002-E-23530.jpg,17.84712791442871,-5.574673652648926
images_224/ART002-E-23531.jpg,17.886314392089844,-5.555056095123291
images_224/ART002-E-23532.jpg,17.89476203918457,-5.610193729400635
images_224/ART002-E-23533.jpg,18.53761863708496,-5.197160243988037
images_224/ART002-E-23534.jpg,18.360429763793945,-5.229085922241211
images_224/ART002-E-23535.jpg,18.547624588012695,-5.201558589935303
images_224/ART002-E-23536.jpg,18.656091690063477,-5.294602394104004
images_224/ART002-E-23537.jpg,18.710359573364258,-5.300825119018555
images_224/ART002-E-23538.jpg,18.5911808013916,-5.287182331085205
images_224/ART002-E-23539.jpg,18.694194793701172,-5.3771209716796875
images_224/ART002-E-23540.jpg,18.70985984802246,-5.41725492477417
images_224/ART002-E-23541.jpg,18.712268829345703,-5.368330955505371
images_224/ART002-E-23542.jpg,18.591096878051758,-5.8907389640808105
images_224/ART002-E-23544.jpg,18.668256759643555,-5.781473159790039
images_224/ART002-E-23545.jpg,18.642173767089844,-5.8550848960876465
images_224/ART002-E-23546.jpg,18.61075210571289,-5.802328586578369
images_224/ART002-E-23547.jpg,18.62778663635254,-5.745621204376221
images_224/ART002-E-23548.jpg,18.684974670410156,-5.860592365264893
images_224/ART002-E-23549.jpg,18.670413970947266,-5.888632297515869
images_224/ART002-E-23550.jpg,18.666114807128906,-5.825614929199219
images_224/ART002-E-23551.jpg,18.775718688964844,-6.214275360107422
images_224/ART002-E-23552.jpg,18.765365600585938,-6.269343376159668
images_224/ART002-E-23553.jpg,18.818838119506836,-6.204133033752441
images_224/ART002-E-23554.jpg,18.51045799255371,-5.998305320739746
images_224/ART002-E-23555.jpg,18.392160415649414,-6.054806232452393
images_224/ART002-E-23556.jpg,18.590667724609375,-5.981448173522949
images_224/ART002-E-23557.jpg,18.79393196105957,-6.251397609710693
images_224/ART002-E-23558.jpg,18.744253158569336,-6.221907138824463
images_224/ART002-E-23559.jpg,18.803842544555664,-6.134992599487305
images_224/ART002-E-23560.jpg,18.676057815551758,-5.395151138305664
images_224/ART002-E-23561.jpg,18.673751831054688,-5.475259304046631
images_224/ART002-E-23562.jpg,18.573741912841797,-5.318692684173584
images_224/ART002-E-23563.jpg,18.58518409729004,-5.235447406768799
images_224/ART002-E-23564.jpg,18.19986343383789,-5.366875171661377
images_224/ART002-E-23565.jpg,18.605619430541992,-5.283944129943848
images_224/ART002-E-23566.jpg,18.508785247802734,-5.334364414215088
images_224/ART002-E-23567.jpg,18.420352935791016,-5.338062763214111
images_224/ART002-E-23568.jpg,18.5367374420166,-5.284974575042725
images_224/ART002-E-23569.jpg,18.54033088684082,-5.302550792694092
images_224/ART002-E-23570.jpg,18.608877182006836,-5.472843170166016
images_224/ART002-E-23571.jpg,18.552465438842773,-5.329514503479004
images_224/ART002-E-23572.jpg,18.744333267211914,-5.4574198722839355
images_224/ART002-E-23573.jpg,18.66063117980957,-5.440770626068115
images_224/ART002-E-23574.jpg,18.64417266845703,-5.40667724609375
images_224/ART002-E-23575.jpg,18.645723342895508,-5.6583943367004395
images_224/ART002-E-23576.jpg,18.697250366210938,-5.653643608093262
images_224/ART002-E-23577.jpg,18.70541000366211,-5.650580406188965
images_224/ART002-E-23578.jpg,18.66838836669922,-5.63285493850708
images_224/ART002-E-23579.jpg,18.6107234954834,-5.6082916259765625
images_224/ART002-E-23580.jpg,18.668102264404297,-5.621004104614258
images_224/ART002-E-23581.jpg,18.82415771484375,-6.160105228424072
images_224/ART002-E-23582.jpg,18.811946868896484,-6.177585601806641
images_224/ART002-E-23583.jpg,18.801279067993164,-6.111208438873291
images_224/ART002-E-23584.jpg,17.808053970336914,-4.844901084899902
images_224/ART002-E-23585.jpg,17.810197830200195,-4.881960391998291
images_224/ART002-E-23586.jpg,17.808792114257812,-4.824126720428467
images_224/ART002-E-23587.jpg,18.072166442871094,-4.639187812805176
images_224/ART002-E-23588.jpg,18.1083984375,-4.689846038818359
images_224/ART002-E-23589.jpg,17.994211196899414,-4.529178619384766
images_224/ART002-E-23590.jpg,18.088871002197266,-4.644748687744141
images_224/ART002-E-23591.jpg,18.089431762695312,-4.863389492034912
images_224/ART002-E-23592.jpg,17.992820739746094,-4.5457377433776855
images_224/ART002-E-23593.jpg,8.098238945007324,-9.269612312316895
images_224/ART002-E-23594.jpg,17.966697692871094,-4.818641662597656
images_224/ART002-E-23595.jpg,18.225141525268555,-5.092149257659912
images_224/ART002-E-23596.jpg,17.75548553466797,-4.526434898376465
images_224/ART002-E-23597.jpg,18.681270599365234,-6.001081466674805
images_224/ART002-E-23598.jpg,18.568193435668945,-5.999869346618652
images_224/ART002-E-23599.jpg,18.745853424072266,-6.027557849884033
images_224/ART002-E-23600.jpg,18.872440338134766,-6.236082553863525
images_224/ART002-E-23601.jpg,18.760976791381836,-6.27410364151001
images_224/ART002-E-23602.jpg,18.89439582824707,-6.180554389953613
images_224/ART002-E-23603.jpg,18.846715927124023,-6.226818561553955
images_224/ART002-E-23604.jpg,18.756175994873047,-6.233386993408203
images_224/ART002-E-23605.jpg,18.84572410583496,-6.1976141929626465
images_224/ART002-E-23606.jpg,18.846324920654297,-6.24004602432251
images_224/ART002-E-23607.jpg,18.788564682006836,-6.249961853027344
images_224/ART002-E-23608.jpg,18.868186950683594,-6.203819751739502
images_224/ART002-E-23609.jpg,18.832305908203125,-6.238800048828125
images_224/ART002-E-23610.jpg,18.75714683532715,-6.235556602478027
images_224/ART002-E-23611.jpg,18.86793327331543,-6.2244486808776855
images_224/ART002-E-23612.jpg,18.592445373535156,-5.644808292388916
images_224/ART002-E-23613.jpg,18.52661895751953,-5.590508460998535
images_224/ART002-E-23614.jpg,18.735504150390625,-5.9617695808410645
images_224/ART002-E-23615.jpg,18.294429779052734,-5.235311985015869
images_224/ART002-E-23616.jpg,18.3225040435791,-5.239840507507324
images_224/ART002-E-23617.jpg,18.26237678527832,-5.251869201660156
images_224/ART002-E-23618.jpg,7.890849590301514,-9.041210174560547
images_224/ART002-E-23619.jpg,7.976308822631836,-9.72350025177002
images_224/ART002-E-23620.jpg,18.79053497314453,-6.068840026855469
images_224/ART002-E-23621.jpg,18.789274215698242,-6.068975925445557
images_224/ART002-E-23622.jpg,19.12382698059082,-6.6298651695251465
images_224/ART002-E-23623.jpg,19.102731704711914,-6.6113481521606445
images_224/ART002-E-23624.jpg,19.10901641845703,-6.619419574737549
images_224/ART002-E-23625.jpg,19.074987411499023,-6.575881004333496
images_224/ART002-E-23626.jpg,19.103178024291992,-6.614444732666016
images_224/ART002-E-23627.jpg,19.113773345947266,-6.623951435089111
images_224/ART002-E-23628.jpg,19.09571647644043,-6.603203773498535
images_224/ART002-E-23629.jpg,19.10334014892578,-6.611705780029297
images_224/ART002-E-23630.jpg,19.13180160522461,-6.642817974090576
images_224/ART002-E-23631.jpg,19.09613800048828,-6.603029251098633
images_224/ART002-E-23632.jpg,18.9527530670166,-6.405665874481201
images_224/ART002-E-23633.jpg,18.92656898498535,-6.373278617858887
images_224/ART002-E-23634.jpg,19.038976669311523,-6.520168781280518
images_224/ART002-E-23635.jpg,18.93198013305664,-6.373414039611816
images_224/ART002-E-23636.jpg,18.868526458740234,-6.324171543121338
images_224/ART002-E-23637.jpg,18.929664611816406,-6.368235111236572
images_224/ART002-E-23638.jpg,19.03547477722168,-6.520498275756836
images_224/ART002-E-23639.jpg,19.02740478515625,-6.504572868347168
images_224/ART002-E-23640.jpg,19.058870315551758,-6.5483784675598145
images_224/ART002-E-23641.jpg,18.995386123657227,-6.4654693603515625
images_224/ART002-E-23642.jpg,19.01231575012207,-6.486029148101807
images_224/ART002-E-23643.jpg,19.010005950927734,-6.479527473449707
images_224/ART002-E-23644.jpg,19.005271911621094,-6.481485843658447
images_224/ART002-E-23645.jpg,19.018863677978516,-6.496590614318848
images_224/ART002-E-23646.jpg,19.019176483154297,-6.492864608764648
images_224/ART002-E-23647.jpg,19.103553771972656,-6.610936164855957
images_224/ART002-E-23648.jpg,19.10784912109375,-6.617166996002197
images_224/ART002-E-23649.jpg,19.100845336914062,-6.606320381164551
images_224/ART002-E-23650.jpg,19.098777770996094,-6.605152130126953
images_224/ART002-E-23651.jpg,19.106666564941406,-6.610109329223633
images_224/ART002-E-23652.jpg,19.099590301513672,-6.604422569274902
images_224/ART002-E-23653.jpg,18.708332061767578,-5.498476505279541
images_224/ART002-E-23654.jpg,18.72308349609375,-5.624266624450684
images_224/ART002-E-23655.jpg,18.70741081237793,-5.4855427742004395
images_224/ART002-E-23656.jpg,18.694913864135742,-5.50199031829834
images_224/ART002-E-23657.jpg,18.668752670288086,-5.575771331787109
images_224/ART002-E-23658.jpg,18.685867309570312,-5.464232921600342
images_224/ART002-E-23659.jpg,18.692018508911133,-5.425249099731445
images_224/ART002-E-23660.jpg,18.685340881347656,-5.479705333709717
images_224/ART002-E-23661.jpg,18.62645149230957,-5.370761871337891
images_224/ART002-E-23677.jpg,8.01740550994873,-9.695679664611816
images_224/ART002-E-23678.jpg,6.975069999694824,-9.664424896240234
images_224/ART002-E-23679.jpg,6.798105716705322,-8.784562110900879
images_224/ART002-E-23680.jpg,7.918376922607422,-8.936027526855469
images_224/ART002-E-23681.jpg,6.737512111663818,-6.2134175300598145
images_224/ART002-E-23682.jpg,6.88554048538208,-5.97113561630249
images_224/ART002-E-23683.jpg,6.628408432006836,-6.362748146057129
images_224/ART002-E-23684.jpg,7.218138217926025,-5.381948947906494
images_224/ART002-E-23685.jpg,6.814362525939941,-5.491449356079102
images_224/ART002-E-23686.jpg,7.185226917266846,-5.552201747894287
images_224/ART002-E-23687.jpg,7.175063610076904,-5.438031196594238
images_224/ART002-E-23688.jpg,7.089040279388428,-5.473597049713135
images_224/ART002-E-23689.jpg,7.202381134033203,-5.529046535491943
images_224/ART002-E-23690.jpg,6.961549282073975,-5.892591953277588
images_224/ART002-E-23691.jpg,7.138715744018555,-5.606546878814697
images_224/ART002-E-23692.jpg,6.786694049835205,-6.089774131774902
images_224/ART002-E-23693.jpg,6.730611324310303,-6.0750508308410645
images_224/ART002-E-23694.jpg,6.997068881988525,-5.7573323249816895
images_224/ART002-E-23695.jpg,6.69036340713501,-6.1280341148376465
images_224/ART002-E-23696.jpg,4.691649913787842,-7.564758777618408
images_224/ART002-E-23697.jpg,6.673899173736572,-6.389520168304443
images_224/ART002-E-23698.jpg,6.706507205963135,-6.348446369171143
images_224/ART002-E-23699.jpg,6.670924186706543,-6.371173858642578
images_224/ART002-E-23700.jpg,6.645530700683594,-6.378968238830566
images_224/ART002-E-23701.jpg,6.6612935066223145,-6.3869733810424805
images_224/ART002-E-23702.jpg,6.6528849601745605,-6.3935322761535645
images_224/ART002-E-23703.jpg,6.6634626388549805,-6.385717868804932
images_224/ART002-E-23704.jpg,6.669078826904297,-6.403532981872559
images_224/ART002-E-23705.jpg,6.663495063781738,-6.399046897888184
images_224/ART002-E-23706.jpg,6.6736602783203125,-6.366499900817871
images_224/ART002-E-23707.jpg,6.676723003387451,-6.368181228637695
images_224/ART002-E-23708.jpg,6.670753002166748,-6.379844665527344
images_224/ART002-E-23709.jpg,6.639176845550537,-6.373079299926758
images_224/ART002-E-23710.jpg,6.663261413574219,-6.394895076751709
images_224/ART002-E-23711.jpg,6.666182994842529,-6.393925189971924
images_224/ART002-E-23712.jpg,6.666811466217041,-6.387330055236816
images_224/ART002-E-23713.jpg,6.669717311859131,-6.391796112060547
images_224/ART002-E-23714.jpg,6.665339946746826,-6.393548488616943
images_224/ART002-E-23715.jpg,6.658677577972412,-6.3737359046936035
images_224/ART002-E-23716.jpg,6.6703057289123535,-6.378180027008057
images_224/ART002-E-23717.jpg,6.659092426300049,-6.394052505493164
images_224/ART002-E-23718.jpg,6.687103271484375,-6.35856294631958
images_224/ART002-E-23719.jpg,6.692018508911133,-6.334331512451172
images_224/ART002-E-23720.jpg,6.6854352951049805,-6.3670735359191895
images_224/ART002-E-23721.jpg,4.39705228805542,-6.671313762664795
images_224/ART002-E-23722.jpg,4.382794380187988,-6.823285102844238
images_224/ART002-E-23723.jpg,7.778195381164551,-5.014612197875977
images_224/ART002-E-23724.jpg,4.863304138183594,-6.5367350578308105
images_224/ART002-E-23725.jpg,14.541507720947266,-3.009350061416626
images_224/ART002-E-23726.jpg,14.545366287231445,-2.874087333679199
images_224/ART002-E-23727.jpg,14.542880058288574,-2.978309392929077
images_224/ART002-E-23728.jpg,15.563545227050781,-4.085844993591309
images_224/ART002-E-23729.jpg,15.697723388671875,-4.199944972991943
images_224/ART002-E-23730.jpg,15.685384750366211,-4.173525333404541
images_224/ART002-E-23731.jpg,15.562629699707031,-4.087559700012207
images_224/ART002-E-23732.jpg,15.702122688293457,-4.191214561462402
images_224/ART002-E-23733.jpg,15.58548641204834,-4.11326789855957
images_224/ART002-E-23734.jpg,15.59493350982666,-4.123816013336182
images_224/ART002-E-23735.jpg,15.695282936096191,-4.206515789031982
images_224/ART002-E-23736.jpg,15.585575103759766,-4.11072301864624
images_224/ART002-E-23737.jpg,15.573379516601562,-4.091949939727783
images_224/ART002-E-23738.jpg,15.731880187988281,-4.19375467300415
images_224/ART002-E-23739.jpg,15.670762062072754,-4.187527179718018
images_224/ART002-E-23740.jpg,15.593989372253418,-4.1290812492370605
images_224/ART002-E-23741.jpg,15.689107894897461,-4.193521022796631
images_224/ART002-E-23742.jpg,15.658047676086426,-4.167296409606934
images_224/ART002-E-23743.jpg,15.61397933959961,-4.14330530166626
images_224/ART002-E-23744.jpg,15.59188461303711,-4.130983829498291
images_224/ART002-E-23745.jpg,15.697587966918945,-4.198996543884277
images_224/ART002-E-23746.jpg,15.62874698638916,-4.152118682861328
images_224/ART002-E-23747.jpg,15.59933853149414,-4.128420352935791
images_224/ART002-E-23748.jpg,15.687726020812988,-4.1923699378967285
images_224/ART002-E-23749.jpg,15.604921340942383,-4.124490737915039
images_224/ART002-E-23750.jpg,15.593938827514648,-4.127143859863281
images_224/ART002-E-23751.jpg,15.699458122253418,-4.195450782775879
images_224/ART002-E-23752.jpg,15.64576530456543,-4.164559841156006
images_224/ART002-E-23753.jpg,15.692767143249512,-4.0314040184021
images_224/ART002-E-23754.jpg,15.802896499633789,-4.122889995574951
images_224/ART002-E-23755.jpg,15.627164840698242,-4.042572975158691
images_224/ART002-E-23756.jpg,15.66263198852539,-4.1006059646606445
images_224/ART002-E-23757.jpg,15.82518482208252,-4.123981475830078
images_224/ART002-E-23758.jpg,15.618340492248535,-4.076914310455322
images_224/ART002-E-23759.jpg,15.624892234802246,-4.128133773803711
images_224/ART002-E-23760.jpg,15.710564613342285,-4.192273139953613
images_224/ART002-E-23761.jpg,15.620464324951172,-4.115786075592041
images_224/ART002-E-23762.jpg,15.626094818115234,-4.123006820678711
images_224/ART002-E-23763.jpg,15.735762596130371,-4.173829555511475
images_224/ART002-E-23764.jpg,15.599902153015137,-4.096751689910889
images_224/ART002-E-23765.jpg,10.898090362548828,13.42345905303955
images_224/ART002-E-23766.jpg,11.019363403320312,13.51145076751709
images_224/ART002-E-23767.jpg,10.923942565917969,13.426606178283691
images_224/ART002-E-23768.jpg,10.871773719787598,13.397481918334961
images_224/ART002-E-23769.jpg,11.002242088317871,13.443075180053711
images_224/ART002-E-23770.jpg,11.06853199005127,13.590887069702148
images_224/ART002-E-23771.jpg,10.98436164855957,13.53531551361084
images_224/ART002-E-23772.jpg,11.176155090332031,13.609747886657715
images_224/ART002-E-23773.jpg,10.97646713256836,13.55208683013916
images_224/ART002-E-23774.jpg,11.069669723510742,13.642641067504883
images_224/ART002-E-23775.jpg,10.997623443603516,13.560333251953125
images_224/ART002-E-23776.jpg,15.332008361816406,-3.0306339263916016
images_224/ART002-E-23777.jpg,15.583052635192871,-3.2053282260894775
images_224/ART002-E-23778.jpg,15.357892036437988,-3.0413529872894287
images_224/ART002-E-23779.jpg,15.55434513092041,-3.176119565963745
images_224/ART002-E-23780.jpg,15.751483917236328,-3.315736770629883
images_224/ART002-E-23781.jpg,15.319313049316406,-3.023162603378296
images_224/ART002-E-23782.jpg,14.90856647491455,-2.8141398429870605
images_224/ART002-E-23783.jpg,14.923727989196777,-2.814390182495117
images_224/ART002-E-23784.jpg,14.826118469238281,-2.9659016132354736
images_224/ART002-E-23820.jpg,15.02194595336914,-3.3709681034088135
images_224/ART002-E-23821.jpg,14.997633934020996,-3.3825864791870117
images_224/ART002-E-23822.jpg,14.95649242401123,-3.337402582168579
images_224/ART002-E-23823.jpg,14.987110137939453,-3.3828933238983154
images_224/ART002-E-23824.jpg,15.010272026062012,-3.4713449478149414
images_224/ART002-E-23825.jpg,14.981775283813477,-3.3658411502838135
images_224/ART002-E-23826.jpg,15.02901554107666,-3.4092302322387695
images_224/ART002-E-23827.jpg,15.060273170471191,-3.435790538787842
images_224/ART002-E-23828.jpg,15.004721641540527,-3.3928022384643555
images_224/ART002-E-23829.jpg,14.5836763381958,-2.4522154331207275
images_224/ART002-E-23830.jpg,14.497699737548828,-2.34428334236145
images_224/ART002-E-23831.jpg,14.405071258544922,-2.220290422439575
images_224/ART002-E-23832.jpg,14.438804626464844,-2.27331280708313
images_224/ART002-E-23833.jpg,14.419343948364258,-2.236039400100708
images_224/ART002-E-23834.jpg,14.422541618347168,-2.2508456707000732
images_224/ART002-E-23835.jpg,14.430636405944824,-2.2683258056640625
images_224/ART002-E-23836.jpg,14.422545433044434,-2.265425682067871
images_224/ART002-E-23837.jpg,14.442648887634277,-2.2846498489379883
images_224/ART002-E-23838.jpg,14.451643943786621,-2.293118953704834
images_224/ART002-E-23839.jpg,14.444294929504395,-2.2814383506774902
images_224/ART002-E-23840.jpg,14.446905136108398,-2.289245128631592
images_224/ART002-E-23841.jpg,14.485973358154297,-2.342217206954956
images_224/ART002-E-23842.jpg,14.435985565185547,-2.2655467987060547
images_224/ART002-E-23843.jpg,14.448284149169922,-2.292282819747925
images_224/ART002-E-23844.jpg,15.118285179138184,-2.897228240966797
images_224/ART002-E-23845.jpg,15.05777645111084,-2.872131586074829
images_224/ART002-E-23846.jpg,15.067781448364258,-2.8909497261047363
images_224/ART002-E-23847.jpg,14.969643592834473,-2.85286021232605
images_224/ART002-E-23848.jpg,14.99449634552002,-2.8567428588867188
images_224/ART002-E-23849.jpg,14.966686248779297,-2.8398637771606445
images_224/ART002-E-23850.jpg,14.519372940063477,-2.3645637035369873
images_224/ART002-E-23851.jpg,14.889005661010742,-2.834444284439087
images_224/ART002-E-23852.jpg,7.199876308441162,-8.437047958374023
images_224/ART002-E-23853.jpg,10.660820960998535,13.296762466430664
images_224/ART002-E-23854.jpg,10.635043144226074,13.259092330932617
images_224/ART002-E-23855.jpg,10.594883918762207,13.261775970458984
images_224/ART002-E-23856.jpg,10.776179313659668,13.354171752929688
images_224/ART002-E-23857.jpg,10.769137382507324,13.358925819396973
images_224/ART002-E-23858.jpg,10.77928352355957,13.357909202575684
images_224/ART002-E-23859.jpg,10.845949172973633,13.339760780334473
images_224/ART002-E-23860.jpg,10.796107292175293,13.358173370361328
images_224/ART002-E-23861.jpg,10.800881385803223,13.309332847595215
images_224/ART002-E-23862.jpg,10.784375190734863,13.354708671569824
images_224/ART002-E-23864.jpg,10.725194931030273,13.365683555603027
images_224/ART002-E-23865.jpg,10.847139358520508,13.353677749633789
images_224/ART002-E-23866.jpg,10.766915321350098,13.296887397766113
images_224/ART002-E-23867.jpg,10.824478149414062,13.370720863342285
images_224/ART002-E-23868.jpg,10.88558578491211,13.337507247924805
images_224/ART002-E-23869.jpg,10.850959777832031,13.316804885864258
images_224/ART002-E-23870.jpg,11.050214767456055,13.39594554901123
images_224/ART002-E-23871.jpg,10.999959945678711,13.538630485534668
images_224/ART002-E-23872.jpg,10.986955642700195,13.546137809753418
images_224/ART002-E-23873.jpg,11.071529388427734,13.58935260772705
images_224/ART002-E-23874.jpg,10.9317045211792,13.351031303405762
images_224/ART002-E-23875.jpg,10.920514106750488,13.337762832641602
images_224/ART002-E-23876.jpg,10.910571098327637,13.288797378540039
images_224/ART002-E-23877.jpg,10.846596717834473,13.341086387634277
images_224/ART002-E-23878.jpg,10.850055694580078,13.318731307983398
images_224/ART002-E-23879.jpg,10.959205627441406,13.354670524597168
images_224/ART002-E-23880.jpg,10.859264373779297,13.350144386291504
images_224/ART002-E-23881.jpg,11.02116584777832,13.328219413757324
images_224/ART002-E-23882.jpg,11.310144424438477,13.500630378723145
images_224/ART002-E-23883.jpg,10.859081268310547,13.35536003112793
images_224/ART002-E-23884.jpg,10.856097221374512,13.342429161071777
images_224/ART002-E-23885.jpg,11.141217231750488,13.542834281921387
images_224/ART002-E-23886.jpg,11.104991912841797,13.602988243103027
images_224/ART002-E-23887.jpg,10.964350700378418,13.482369422912598
images_224/ART002-E-23888.jpg,10.985698699951172,13.486295700073242
images_224/ART002-E-23889.jpg,10.98477840423584,13.491016387939453
images_224/ART002-E-23890.jpg,11.124228477478027,13.616860389709473
images_224/ART002-E-23891.jpg,17.310710906982422,-3.7308027744293213
images_224/ART002-E-23892.jpg,17.38966941833496,-3.750781297683716
images_224/ART002-E-23893.jpg,17.251949310302734,-3.6956427097320557
images_224/ART002-E-23894.jpg,16.57615852355957,-3.777606964111328
images_224/ART002-E-23895.jpg,16.68746566772461,-3.8749516010284424
images_224/ART002-E-23896.jpg,15.640169143676758,-4.125244140625
images_224/ART002-E-23897.jpg,4.043487548828125,-5.1839213371276855
images_224/ART002-E-23898.jpg,3.2103965282440186,-4.7421040534973145
images_224/ART002-E-23899.jpg,4.317389011383057,-4.962079048156738
images_224/ART002-E-23900.jpg,3.4018592834472656,-5.863540172576904
images_224/ART002-E-23901.jpg,4.136978626251221,-5.126195907592773
images_224/ART002-E-23902.jpg,3.4241175651550293,-4.945963382720947
images_224/ART002-E-23910.jpg,11.427555084228516,13.57271957397461
images_224/ART002-E-23911.jpg,11.337817192077637,13.551044464111328
images_224/ART002-E-23912.jpg,11.676926612854004,13.63685131072998
images_224/ART002-E-23913.jpg,11.247831344604492,13.61351203918457
images_224/ART002-E-23914.jpg,11.346015930175781,13.607638359069824
images_224/ART002-E-23915.jpg,7.696782112121582,-9.014554023742676
images_224/ART002-E-23916.jpg,11.450152397155762,13.533761024475098
images_224/ART002-E-23917.jpg,11.429055213928223,13.513769149780273
images_224/ART002-E-23918.jpg,11.431797981262207,13.537027359008789
images_224/ART002-E-23919.jpg,11.394770622253418,13.544843673706055
images_224/ART002-E-23920.jpg,11.441169738769531,13.509163856506348
images_224/ART002-E-23921.jpg,11.46420955657959,13.518067359924316
images_224/ART002-E-23922.jpg,11.454938888549805,13.530377388000488
images_224/ART002-E-23923.jpg,11.448127746582031,13.530396461486816
images_224/ART002-E-23924.jpg,11.433452606201172,13.533042907714844
images_224/ART002-E-23925.jpg,11.053510665893555,13.386019706726074
images_224/ART002-E-23926.jpg,10.97775936126709,13.470478057861328
images_224/ART002-E-23927.jpg,10.945049285888672,13.509403228759766
images_224/ART002-E-23928.jpg,10.890560150146484,13.353250503540039
images_224/ART002-E-23929.jpg,10.810065269470215,13.30320930480957
images_224/ART002-E-23930.jpg,11.13189697265625,13.414766311645508
images_224/ART002-E-23931.jpg,11.01607894897461,13.376809120178223
images_224/ART002-E-23932.jpg,10.812756538391113,13.358582496643066
images_224/ART002-E-23933.jpg,11.055227279663086,13.388701438903809
images_224/ART002-E-23934.jpg,11.018773078918457,13.481794357299805
images_224/ART002-E-23935.jpg,10.918492317199707,13.38676929473877
images_224/ART002-E-23936.jpg,11.09855842590332,13.406286239624023
images_224/ART002-E-23937.jpg,6.107743263244629,-8.78516674041748
images_224/ART002-E-23938.jpg,7.294374465942383,-9.731439590454102
images_224/ART002-E-23939.jpg,11.714187622070312,13.625657081604004
images_224/ART002-E-23940.jpg,11.01772689819336,13.276375770568848
images_224/ART002-E-23941.jpg,12.206915855407715,13.763880729675293
images_224/ART002-E-23942.jpg,11.727815628051758,13.639527320861816
images_224/ART002-E-23943.jpg,11.631440162658691,13.459280014038086
images_224/ART002-E-23944.jpg,12.244424819946289,13.804797172546387
images_224/ART002-E-23945.jpg,11.792502403259277,13.645309448242188
images_224/ART002-E-23946.jpg,11.60844898223877,13.594347953796387
images_224/ART002-E-23947.jpg,11.881368637084961,13.604267120361328
images_224/ART002-E-23948.jpg,11.757892608642578,13.634839057922363
images_224/ART002-E-23949.jpg,10.957723617553711,13.296875
images_224/ART002-E-23950.jpg,12.140484809875488,13.685867309570312
images_224/ART002-E-23951.jpg,11.7623291015625,13.550773620605469
images_224/ART002-E-23952.jpg,11.425031661987305,13.836590766906738
images_224/ART002-E-23953.jpg,12.197075843811035,13.76584243774414
images_224/ART002-E-23954.jpg,11.704484939575195,13.680330276489258
images_224/ART002-E-23955.jpg,11.265395164489746,13.543065071105957
images_224/ART002-E-23956.jpg,12.252635955810547,13.824746131896973
images_224/ART002-E-23957.jpg,11.732089042663574,13.639262199401855
images_224/ART002-E-23958.jpg,11.02322769165039,13.466324806213379
images_224/ART002-E-23959.jpg,12.207574844360352,13.745725631713867
images_224/ART002-E-23960.jpg,11.394770622253418,13.817952156066895
images_224/ART002-E-23977.jpg,14.478120803833008,-3.1088016033172607
images_224/ART002-E-23978.jpg,15.6673583984375,-3.5809757709503174
images_224/ART002-E-23979.jpg,14.386280059814453,-3.1265125274658203
images_224/ART002-E-23980.jpg,14.453376770019531,-3.105134963989258
images_224/ART002-E-23981.jpg,15.395498275756836,-3.645631790161133
images_224/ART002-E-23982.jpg,14.403366088867188,-3.1148343086242676
images_224/ART002-E-23983.jpg,14.448586463928223,-3.1258058547973633
images_224/ART002-E-23984.jpg,15.328435897827148,-3.6231932640075684
images_224/ART002-E-23985.jpg,14.401572227478027,-3.117588996887207
images_224/ART002-E-23986.jpg,14.435075759887695,-3.1028239727020264
images_224/ART002-E-23987.jpg,15.403249740600586,-3.6607789993286133
images_224/ART002-E-23988.jpg,14.401556968688965,-3.1204612255096436
images_224/ART002-E-23989.jpg,14.402079582214355,-3.129415273666382
images_224/ART002-E-23990.jpg,15.207035064697266,-3.544581890106201
images_224/ART002-E-23991.jpg,14.397324562072754,-3.124415159225464
images_224/ART002-E-23992.jpg,14.382231712341309,-3.1133673191070557
images_224/ART002-E-23993.jpg,15.529863357543945,-3.6224706172943115
images_224/ART002-E-23994.jpg,14.396628379821777,-3.1271450519561768
images_224/ART002-E-23995.jpg,15.28007984161377,-3.5874898433685303
images_224/ART002-E-23996.jpg,17.02721405029297,-3.6461424827575684
images_224/ART002-E-23997.jpg,14.423389434814453,-3.1275136470794678
images_224/ART002-E-23998.jpg,15.213749885559082,-3.5494792461395264
images_224/ART002-E-23999.jpg,16.035669326782227,-3.5173685550689697
images_224/ART002-E-24000.jpg,14.38499927520752,-3.143540143966675
images_224/ART002-E-24001.jpg,15.178717613220215,-3.5269808769226074
images_224/ART002-E-24002.jpg,15.9387845993042,-3.498213768005371
images_224/ART002-E-24003.jpg,14.410306930541992,-3.1381962299346924
images_224/ART002-E-24004.jpg,15.416099548339844,-3.6379096508026123
images_224/ART002-E-24005.jpg,15.996768951416016,-3.4891960620880127
images_224/ART002-E-24006.jpg,14.411090850830078,-3.127471685409546
images_224/ART002-E-24007.jpg,15.457027435302734,-3.624211311340332
images_224/ART002-E-24008.jpg,15.937233924865723,-3.4909982681274414
images_224/ART002-E-24009.jpg,14.455177307128906,-3.1267364025115967
images_224/ART002-E-24010.jpg,14.954179763793945,-3.3576934337615967
images_224/ART002-E-24011.jpg,15.928605079650879,-3.509650707244873
images_224/ART002-E-24012.jpg,14.38933277130127,-3.1722044944763184
images_224/ART002-E-24013.jpg,15.207290649414062,-3.5383341312408447
images_224/ART002-E-24014.jpg,16.04120445251465,-3.512845277786255
images_224/ART002-E-24015.jpg,14.416184425354004,-3.122215509414673
images_224/ART002-E-24016.jpg,15.299301147460938,-3.600400686264038
images_224/ART002-E-24017.jpg,16.000362396240234,-3.5128538608551025
images_224/ART002-E-24018.jpg,14.417280197143555,-3.1274867057800293
images_224/ART002-E-24019.jpg,15.388079643249512,-3.645179271697998
images_224/ART002-E-24020.jpg,16.036596298217773,-3.51021146774292
images_224/ART002-E-24021.jpg,14.422846794128418,-3.1254236698150635
images_224/ART002-E-24022.jpg,15.02053165435791,-3.3990368843078613
images_224/ART002-E-24023.jpg,15.94873046875,-3.486393928527832
images_224/ART002-E-24024.jpg,14.411996841430664,-3.128004789352417
images_224/ART002-E-24025.jpg,15.32688045501709,-3.6202638149261475
images_224/ART002-E-24026.jpg,14.351893424987793,-3.1483731269836426
images_224/ART002-E-24027.jpg,8.104784965515137,-9.303878784179688
images_224/ART002-E-24028.jpg,7.461259841918945,-8.780047416687012
images_224/ART002-E-24029.jpg,8.070465087890625,-9.25559139251709
images_224/ART002-E-24030.jpg,11.84037971496582,12.300777435302734
images_224/ART002-E-24031.jpg,11.218779563903809,13.01141357421875
images_224/ART002-E-24032.jpg,12.152031898498535,12.37369155883789
images_224/ART002-E-24033.jpg,11.869607925415039,11.916962623596191
images_224/ART002-E-24034.jpg,11.632296562194824,12.41742992401123
images_224/ART002-E-24035.jpg,12.260202407836914,11.934732437133789
images_224/ART002-E-24036.jpg,11.780435562133789,12.250382423400879
images_224/ART002-E-24037.jpg,11.670647621154785,12.612622261047363
images_224/ART002-E-24038.jpg,12.246966361999512,11.999588966369629
images_224/ART002-E-24039.jpg,12.000948905944824,11.867786407470703
images_224/ART002-E-24040.jpg,11.047630310058594,12.515460014343262
images_224/ART002-E-24041.jpg,12.330901145935059,11.96826457977295
images_224/ART002-E-24042.jpg,10.68807601928711,13.28322982788086
images_224/ART002-E-24043.jpg,10.732210159301758,13.295676231384277
images_224/ART002-E-24044.jpg,11.983993530273438,13.079328536987305
images_224/ART002-E-24045.jpg,11.847844123840332,12.938924789428711
images_224/ART002-E-24046.jpg,11.693119049072266,12.793255805969238
images_224/ART002-E-24047.jpg,11.944905281066895,13.195708274841309
images_224/ART002-E-24048.jpg,11.908732414245605,12.96631145477295
images_224/ART002-E-24049.jpg,11.749541282653809,12.843317031860352
images_224/ART002-E-24050.jpg,11.981186866760254,13.227299690246582
images_224/ART002-E-24051.jpg,11.770334243774414,12.827649116516113
images_224/ART002-E-24052.jpg,11.781317710876465,12.834352493286133
images_224/ART002-E-24053.jpg,11.96013355255127,13.224081039428711
images_224/ART002-E-24054.jpg,11.929122924804688,12.997910499572754
images_224/ART002-E-24055.jpg,11.70112133026123,12.784317970275879
images_224/ART002-E-24056.jpg,11.954529762268066,13.054506301879883
images_224/ART002-E-24057.jpg,11.85048770904541,12.933822631835938
images_224/ART002-E-24058.jpg,11.735560417175293,12.80539608001709
images_224/ART002-E-24059.jpg,11.966024398803711,12.957649230957031
images_224/ART002-E-24060.jpg,11.886114120483398,12.955984115600586
images_224/ART002-E-24061.jpg,11.704923629760742,12.83055591583252
images_224/ART002-E-24062.jpg,11.93416976928711,12.983957290649414
images_224/ART002-E-24063.jpg,11.79214859008789,12.914895057678223
images_224/ART002-E-24064.jpg,11.71510124206543,12.832440376281738
images_224/ART002-E-24065.jpg,11.993081092834473,13.046174049377441
images_224/ART002-E-24084.jpg,14.281588554382324,-2.0441932678222656
images_224/ART002-E-241.jpg,18.013160705566406,15.369592666625977
images_224/ART002-E-24110.jpg,11.871894836425781,12.935799598693848
images_224/ART002-E-24111.jpg,11.707976341247559,12.771380424499512
images_224/ART002-E-24112.jpg,11.954565048217773,13.004997253417969
images_224/ART002-E-24113.jpg,11.913739204406738,12.988455772399902
images_224/ART002-E-24114.jpg,11.705303192138672,12.779057502746582
images_224/ART002-E-24115.jpg,11.928671836853027,13.18410587310791
images_224/ART002-E-24116.jpg,11.851531982421875,12.92673110961914
images_224/ART002-E-24117.jpg,11.718450546264648,12.801460266113281
images_224/ART002-E-24118.jpg,11.914205551147461,13.12495231628418
images_224/ART002-E-24119.jpg,11.986509323120117,13.053788185119629
images_224/ART002-E-24120.jpg,11.751989364624023,13.051688194274902
images_224/ART002-E-24121.jpg,11.994917869567871,13.047270774841309
images_224/ART002-E-24122.jpg,11.933996200561523,12.957225799560547
images_224/ART002-E-24123.jpg,11.630239486694336,12.89013385772705
images_224/ART002-E-24124.jpg,12.007874488830566,13.007630348205566
images_224/ART002-E-24125.jpg,11.98122787475586,13.114336013793945
images_224/ART002-E-24126.jpg,11.14142894744873,13.447211265563965
images_224/ART002-E-24127.jpg,11.999990463256836,13.111005783081055
images_224/ART002-E-24128.jpg,12.0176362991333,13.123672485351562
images_224/ART002-E-24129.jpg,11.016444206237793,13.182765007019043
images_224/ART002-E-24130.jpg,12.018168449401855,13.051088333129883
images_224/ART002-E-24131.jpg,11.96076488494873,13.118236541748047
images_224/ART002-E-24132.jpg,10.98570442199707,12.987283706665039
images_224/ART002-E-24133.jpg,11.847396850585938,13.326395034790039
images_224/ART002-E-24134.jpg,7.61271858215332,-9.742591857910156
images_224/ART002-E-24135.jpg,7.737225532531738,-8.983688354492188
images_224/ART002-E-24137.jpg,7.7491631507873535,-9.931843757629395
images_224/ART002-E-24142.jpg,7.952762603759766,-9.719040870666504
images_224/ART002-E-24143.jpg,8.077502250671387,-9.241914749145508
images_224/ART002-E-24144.jpg,12.1377592086792,11.65951156616211
images_224/ART002-E-24145.jpg,11.683858871459961,12.012789726257324
images_224/ART002-E-24146.jpg,12.318890571594238,11.799793243408203
images_224/ART002-E-24147.jpg,12.093884468078613,11.535234451293945
images_224/ART002-E-24148.jpg,11.630011558532715,12.033892631530762
images_224/ART002-E-24149.jpg,12.31680965423584,11.796611785888672
images_224/ART002-E-24150.jpg,12.12254810333252,11.572320938110352
images_224/ART002-E-24151.jpg,11.619659423828125,12.027880668640137
images_224/ART002-E-24152.jpg,12.273869514465332,11.753653526306152
images_224/ART002-E-24153.jpg,11.812893867492676,12.0758056640625
images_224/ART002-E-24154.jpg,11.593310356140137,12.04074764251709
images_224/ART002-E-24155.jpg,12.141633987426758,11.844159126281738
images_224/ART002-E-24156.jpg,11.892658233642578,13.230995178222656
images_224/ART002-E-24157.jpg,11.563028335571289,12.95112419128418
images_224/ART002-E-24158.jpg,11.933969497680664,13.14577579498291
images_224/ART002-E-24159.jpg,11.755449295043945,13.44973087310791
images_224/ART002-E-24160.jpg,11.732681274414062,13.252060890197754
images_224/ART002-E-24161.jpg,12.032479286193848,13.621647834777832
images_224/ART002-E-24162.jpg,11.606574058532715,13.454828262329102
images_224/ART002-E-24163.jpg,11.075591087341309,13.18444538116455
images_224/ART002-E-24164.jpg,11.738070487976074,13.572638511657715
images_224/ART002-E-24165.jpg,11.393401145935059,13.521023750305176
images_224/ART002-E-24166.jpg,11.052234649658203,13.253412246704102
images_224/ART002-E-24167.jpg,11.456189155578613,13.503239631652832
images_224/ART002-E-24168.jpg,12.015645980834961,11.961570739746094
images_224/ART002-E-24169.jpg,11.660262107849121,12.119307518005371
images_224/ART002-E-24170.jpg,12.128643989562988,11.767836570739746
images_224/ART002-E-24171.jpg,11.854591369628906,12.040822982788086
images_224/ART002-E-24172.jpg,11.665249824523926,12.034197807312012
images_224/ART002-E-24173.jpg,12.075202941894531,11.915153503417969
images_224/ART002-E-24174.jpg,7.758619785308838,-9.908858299255371
images_224/ART002-E-24175.jpg,10.802392959594727,13.33339786529541
images_224/ART002-E-24176.jpg,10.80034351348877,13.352563858032227
images_224/ART002-E-24177.jpg,10.792996406555176,13.319178581237793
images_224/ART002-E-24178.jpg,10.702448844909668,13.325404167175293
images_224/ART002-E-24195.jpg,10.71835708618164,13.352616310119629
images_224/ART002-E-24197.jpg,7.523495197296143,-9.571306228637695
images_224/ART002-E-24198.jpg,10.69980525970459,13.32171630859375
images_224/ART002-E-24202.jpg,10.676515579223633,13.276735305786133
images_224/ART002-E-24203.jpg,6.908042907714844,-5.363339424133301
images_224/ART002-E-24204.jpg,7.948762893676758,-9.342179298400879
images_224/ART002-E-24209.jpg,7.725980758666992,-8.9336576461792
images_224/ART002-E-24215.jpg,7.783452033996582,-9.864261627197266
images_224/ART002-E-24216.jpg,6.713722229003906,-9.291563034057617
images_224/ART002-E-24217.jpg,14.564099311828613,5.901205062866211
images_224/ART002-E-24218.jpg,12.498160362243652,3.2120134830474854
images_224/ART002-E-24219.jpg,14.628000259399414,6.279456615447998
images_224/ART002-E-24220.jpg,14.477476119995117,5.945233345031738
images_224/ART002-E-24221.jpg,12.417967796325684,3.1979005336761475
images_224/ART002-E-24222.jpg,14.580456733703613,6.31490421295166
images_224/ART002-E-24223.jpg,14.968276977539062,5.822589874267578
images_224/ART002-E-24224.jpg,9.740362167358398,1.7988414764404297
images_224/ART002-E-24225.jpg,14.962420463562012,5.982796669006348
images_224/ART002-E-24226.jpg,14.968827247619629,5.798548698425293
images_224/ART002-E-24227.jpg,9.700937271118164,1.7656986713409424
images_224/ART002-E-24228.jpg,14.992145538330078,5.905412673950195
images_224/ART002-E-24229.jpg,10.862637519836426,13.279424667358398
images_224/ART002-E-24230.jpg,10.886117935180664,13.236401557922363
images_224/ART002-E-24231.jpg,10.79057788848877,13.319762229919434
images_224/ART002-E-24232.jpg,10.968765258789062,13.475811958312988
images_224/ART002-E-24233.jpg,10.909653663635254,13.381759643554688
images_224/ART002-E-24234.jpg,10.87028694152832,13.380879402160645
images_224/ART002-E-24235.jpg,11.002872467041016,5.876195907592773
images_224/ART002-E-24236.jpg,10.442333221435547,4.452470302581787
images_224/ART002-E-24237.jpg,10.97637939453125,6.021739959716797
images_224/ART002-E-24238.jpg,11.41131591796875,5.951262950897217
images_224/ART002-E-24239.jpg,10.745107650756836,4.138078689575195
images_224/ART002-E-24240.jpg,11.374675750732422,6.086418628692627
images_224/ART002-E-24241.jpg,11.480621337890625,5.877056121826172
images_224/ART002-E-24242.jpg,10.779074668884277,4.03044319152832
images_224/ART002-E-24243.jpg,11.346660614013672,6.123300552368164
images_224/ART002-E-24244.jpg,11.65317153930664,5.666926383972168
images_224/ART002-E-24245.jpg,10.747166633605957,4.0546956062316895
images_224/ART002-E-24246.jpg,11.449334144592285,6.12517786026001
images_224/ART002-E-24247.jpg,11.62779712677002,5.751777648925781
images_224/ART002-E-24248.jpg,10.544797897338867,4.086435317993164
images_224/ART002-E-24249.jpg,11.448089599609375,6.139396667480469
images_224/ART002-E-24250.jpg,11.725323677062988,5.605086326599121
images_224/ART002-E-24251.jpg,10.809918403625488,3.681488275527954
images_224/ART002-E-24252.jpg,11.33509635925293,6.5231099128723145
images_224/ART002-E-24253.jpg,11.954145431518555,5.069855690002441
images_224/ART002-E-24254.jpg,10.641278266906738,4.1285505294799805
images_224/ART002-E-24255.jpg,11.3357515335083,6.503025054931641
images_224/ART002-E-24256.jpg,11.665579795837402,5.548142910003662
images_224/ART002-E-24257.jpg,10.66722583770752,4.050075531005859
images_224/ART002-E-24258.jpg,11.282357215881348,6.497800350189209
images_224/ART002-E-24259.jpg,11.08385181427002,6.1219401359558105
images_224/ART002-E-24260.jpg,10.338115692138672,4.411673545837402
images_224/ART002-E-24261.jpg,10.589298248291016,7.014206409454346
images_224/ART002-E-24262.jpg,10.060729026794434,6.738944053649902
images_224/ART002-E-24263.jpg,9.966445922851562,4.453819751739502
images_224/ART002-E-24264.jpg,10.57238483428955,7.0564961433410645
images_224/ART002-E-24265.jpg,9.427533149719238,6.845905303955078
images_224/ART002-E-24266.jpg,10.184551239013672,4.68422794342041
images_224/ART002-E-24267.jpg,10.541068077087402,7.084869384765625
images_224/ART002-E-24268.jpg,9.16053581237793,6.902252674102783
images_224/ART002-E-24269.jpg,10.14148235321045,4.730926990509033
images_224/ART002-E-24270.jpg,10.240788459777832,7.147740364074707
images_224/ART002-E-24271.jpg,8.251504898071289,6.896376609802246
images_224/ART002-E-24272.jpg,7.890995025634766,5.859980583190918
images_224/ART002-E-24273.jpg,8.080184936523438,7.466341018676758
images_224/ART002-E-24274.jpg,14.610615730285645,5.711743354797363
images_224/ART002-E-24275.jpg,14.577059745788574,5.509957313537598
images_224/ART002-E-24276.jpg,14.701578140258789,6.18489933013916
images_224/ART002-E-24277.jpg,14.825603485107422,5.536106109619141
images_224/ART002-E-24278.jpg,12.727139472961426,3.3316545486450195
images_224/ART002-E-24279.jpg,14.889481544494629,6.12712287902832
images_224/ART002-E-24280.jpg,14.928241729736328,5.59851598739624
images_224/ART002-E-24281.jpg,12.914806365966797,3.1405670642852783
images_224/ART002-E-24282.jpg,14.946907997131348,5.999212741851807
images_224/ART002-E-24283.jpg,13.261610984802246,6.446228504180908
images_224/ART002-E-24284.jpg,12.497905731201172,3.195312023162842
images_224/ART002-E-24285.jpg,13.669111251831055,6.468348979949951
images_224/ART002-E-24286.jpg,11.226175308227539,7.403750896453857
images_224/ART002-E-24287.jpg,10.7332763671875,4.44041109085083
images_224/ART002-E-24288.jpg,13.36154842376709,6.4646148681640625
images_224/ART002-E-24289.jpg,11.836200714111328,7.510789394378662
images_224/ART002-E-24290.jpg,10.7686767578125,4.623294830322266
images_224/ART002-E-24291.jpg,11.824854850769043,7.3618316650390625
images_224/ART002-E-24292.jpg,7.97775936126709,7.0126261711120605
images_224/ART002-E-24293.jpg,7.855216026306152,5.9452080726623535
images_224/ART002-E-24294.jpg,7.961251735687256,7.229825973510742
images_224/ART002-E-24295.jpg,8.103910446166992,7.295351505279541
images_224/ART002-E-24296.jpg,7.94775390625,6.214094638824463
images_224/ART002-E-24297.jpg,8.046056747436523,7.5807366371154785
images_224/ART002-E-24298.jpg,11.26135540008545,11.804346084594727
images_224/ART002-E-24299.jpg,11.722715377807617,10.951412200927734
images_224/ART002-E-24300.jpg,7.901766300201416,-9.470342636108398
images_224/ART002-E-24301.jpg,11.66505241394043,10.900507926940918
images_224/ART002-E-24302.jpg,11.684870719909668,10.91246509552002
images_224/ART002-E-24303.jpg,11.777390480041504,10.99099063873291
images_224/ART002-E-24304.jpg,11.799181938171387,11.001205444335938
images_224/ART002-E-24305.jpg,11.830276489257812,11.038317680358887
images_224/ART002-E-24306.jpg,11.810453414916992,11.018905639648438
images_224/ART002-E-24307.jpg,11.812277793884277,11.032286643981934
images_224/ART002-E-24308.jpg,11.87099552154541,11.066851615905762
images_224/ART002-E-24309.jpg,11.801671028137207,11.032149314880371
images_224/ART002-E-24310.jpg,11.784756660461426,10.985511779785156
images_224/ART002-E-24311.jpg,11.821120262145996,11.030482292175293
images_224/ART002-E-24312.jpg,11.824305534362793,11.029233932495117
images_224/ART002-E-24313.jpg,11.82321834564209,11.052450180053711
images_224/ART002-E-24314.jpg,11.812381744384766,11.019667625427246
images_224/ART002-E-24315.jpg,11.828503608703613,11.043464660644531
images_224/ART002-E-24316.jpg,11.828804969787598,11.033406257629395
images_224/ART002-E-24317.jpg,11.728558540344238,10.939929962158203
images_224/ART002-E-24318.jpg,11.764202117919922,10.96915340423584
images_224/ART002-E-24319.jpg,11.754873275756836,10.973347663879395
images_224/ART002-E-24320.jpg,11.657803535461426,10.882451057434082
images_224/ART002-E-24321.jpg,11.795326232910156,11.007363319396973
images_224/ART002-E-24322.jpg,11.774084091186523,10.98104476928711
images_224/ART002-E-24323.jpg,11.649920463562012,10.874947547912598
images_224/ART002-E-24324.jpg,11.7551908493042,10.993911743164062
images_224/ART002-E-24325.jpg,11.608701705932617,10.840261459350586
images_224/ART002-E-24326.jpg,11.665599822998047,10.908626556396484
images_224/ART002-E-24327.jpg,11.641851425170898,10.871808052062988
images_224/ART002-E-24328.jpg,11.535799026489258,10.761216163635254
images_224/ART002-E-24329.jpg,11.615541458129883,10.829358100891113
images_224/ART002-E-24330.jpg,11.53327751159668,10.77977180480957
images_224/ART002-E-24331.jpg,11.64183521270752,10.862656593322754
images_224/ART002-E-24332.jpg,11.652652740478516,10.886652946472168
images_224/ART002-E-24333.jpg,11.567152976989746,10.79628849029541
images_224/ART002-E-24334.jpg,11.530970573425293,10.782244682312012
images_224/ART002-E-24335.jpg,11.549825668334961,10.78173542022705
images_224/ART002-E-24336.jpg,11.534221649169922,10.752288818359375
images_224/ART002-E-24337.jpg,11.564868927001953,10.778597831726074
images_224/ART002-E-24338.jpg,11.49504280090332,10.734807014465332
images_224/ART002-E-24339.jpg,11.582966804504395,10.814820289611816
images_224/ART002-E-24340.jpg,11.623112678527832,10.83913516998291
images_224/ART002-E-24341.jpg,11.57817268371582,10.806140899658203
images_224/ART002-E-24342.jpg,11.601739883422852,10.808332443237305
images_224/ART002-E-24343.jpg,11.55168342590332,10.769819259643555
images_224/ART002-E-24344.jpg,11.586819648742676,10.814727783203125
images_224/ART002-E-24345.jpg,11.566089630126953,10.784789085388184
images_224/ART002-E-24346.jpg,11.531658172607422,10.760727882385254
images_224/ART002-E-24347.jpg,11.559829711914062,10.781837463378906
images_224/ART002-E-24348.jpg,11.573888778686523,10.789952278137207
images_224/ART002-E-24349.jpg,11.540382385253906,10.757840156555176
images_224/ART002-E-24350.jpg,11.645204544067383,10.87573528289795
images_224/ART002-E-24351.jpg,11.583582878112793,10.803871154785156
images_224/ART002-E-24352.jpg,11.554606437683105,10.793916702270508
images_224/ART002-E-24353.jpg,11.603398323059082,10.844815254211426
images_224/ART002-E-24354.jpg,11.68061351776123,10.84766674041748
images_224/ART002-E-24355.jpg,11.58495044708252,10.810098648071289
images_224/ART002-E-24356.jpg,11.539695739746094,10.773433685302734
images_224/ART002-E-24357.jpg,11.554670333862305,10.78197193145752
images_224/ART002-E-24358.jpg,11.563996315002441,10.811894416809082
images_224/ART002-E-24359.jpg,11.613686561584473,10.775744438171387
images_224/ART002-E-24360.jpg,11.555669784545898,10.796079635620117
images_224/ART002-E-24361.jpg,14.620967864990234,5.908349990844727
images_224/ART002-E-24362.jpg,14.585698127746582,5.910859107971191
images_224/ART002-E-24363.jpg,14.56689167022705,5.92274284362793
images_224/ART002-E-24364.jpg,14.625329971313477,5.876772403717041
images_224/ART002-E-24365.jpg,14.560399055480957,5.937450408935547
images_224/ART002-E-24366.jpg,14.576949119567871,5.926413536071777
images_224/ART002-E-24367.jpg,14.597692489624023,5.920114994049072
images_224/ART002-E-24368.jpg,14.590038299560547,5.878687858581543
images_224/ART002-E-24369.jpg,14.57703685760498,5.9426960945129395
images_224/ART002-E-24370.jpg,14.59623908996582,5.949851989746094
images_224/ART002-E-24371.jpg,14.584733963012695,5.9528279304504395
images_224/ART002-E-24372.jpg,14.575709342956543,5.988348484039307
images_224/ART002-E-24373.jpg,14.56015682220459,5.957111835479736
images_224/ART002-E-24374.jpg,14.561256408691406,5.9653143882751465
images_224/ART002-E-24375.jpg,14.582286834716797,5.962950229644775
images_224/ART002-E-24376.jpg,14.57979679107666,5.944443702697754
images_224/ART002-E-24377.jpg,14.576018333435059,5.951420307159424
images_224/ART002-E-24378.jpg,14.511517524719238,6.034981727600098
images_224/ART002-E-24379.jpg,11.637603759765625,7.927955150604248
images_224/ART002-E-24380.jpg,11.624308586120605,7.903736591339111
images_224/ART002-E-24381.jpg,11.63979434967041,7.853418827056885
images_224/ART002-E-24382.jpg,11.607002258300781,7.879705429077148
images_224/ART002-E-24383.jpg,11.56994342803955,7.861571311950684
images_224/ART002-E-24384.jpg,11.599224090576172,7.950903415679932
images_224/ART002-E-24385.jpg,11.575240135192871,7.860263347625732
images_224/ART002-E-24386.jpg,11.628695487976074,7.9163994789123535
images_224/ART002-E-24387.jpg,11.629721641540527,7.937424182891846
images_224/ART002-E-24388.jpg,11.641820907592773,7.885737419128418
images_224/ART002-E-24389.jpg,11.723556518554688,7.809174060821533
images_224/ART002-E-24390.jpg,11.63818645477295,7.853407382965088
images_224/ART002-E-24391.jpg,11.678744316101074,7.955087661743164
images_224/ART002-E-24392.jpg,11.604254722595215,7.8651299476623535
images_224/ART002-E-24393.jpg,11.616783142089844,7.870815277099609
images_224/ART002-E-24394.jpg,11.706231117248535,7.961055755615234
images_224/ART002-E-24395.jpg,11.647323608398438,7.902719020843506
images_224/ART002-E-24396.jpg,11.647339820861816,7.832124710083008
images_224/ART002-E-24397.jpg,12.553425788879395,6.9203619956970215
images_224/ART002-E-24398.jpg,12.593973159790039,6.911212921142578
images_224/ART002-E-24399.jpg,12.62690544128418,6.881184101104736
images_224/ART002-E-24400.jpg,12.77252197265625,6.808566093444824
images_224/ART002-E-24401.jpg,12.592455863952637,6.87705135345459
images_224/ART002-E-24402.jpg,12.914549827575684,6.753608226776123
images_224/ART002-E-24403.jpg,12.670236587524414,6.849280834197998
images_224/ART002-E-24404.jpg,12.652291297912598,6.84940242767334
images_224/ART002-E-24405.jpg,14.903952598571777,5.435838222503662
images_224/ART002-E-24406.jpg,14.712991714477539,5.723413467407227
images_224/ART002-E-24407.jpg,14.979255676269531,5.474066734313965
images_224/ART002-E-24408.jpg,14.892234802246094,5.4986042976379395
images_224/ART002-E-24409.jpg,11.56157112121582,7.789486885070801
images_224/ART002-E-24410.jpg,11.5459566116333,7.794811725616455
images_224/ART002-E-24411.jpg,11.534921646118164,7.7431440353393555
images_224/ART002-E-24412.jpg,11.545137405395508,7.761127948760986
images_224/ART002-E-24413.jpg,11.556072235107422,7.7383503913879395
images_224/ART002-E-24414.jpg,11.557148933410645,7.748618125915527
images_224/ART002-E-24415.jpg,11.861531257629395,7.464669227600098
images_224/ART002-E-24416.jpg,11.800989151000977,7.562087535858154
images_224/ART002-E-24417.jpg,11.769693374633789,7.562207221984863
images_224/ART002-E-24418.jpg,11.768098831176758,7.563284397125244
images_224/ART002-E-24419.jpg,11.823382377624512,7.543704509735107
images_224/ART002-E-24420.jpg,11.86422061920166,7.466087818145752
images_224/ART002-E-24421.jpg,11.86681079864502,7.44650411605835
images_224/ART002-E-24422.jpg,11.89909553527832,7.4428300857543945
images_224/ART002-E-24423.jpg,11.87390422821045,7.479226112365723
images_224/ART002-E-24424.jpg,12.072246551513672,6.702791213989258
images_224/ART002-E-24425.jpg,12.018744468688965,6.707736015319824
images_224/ART002-E-24426.jpg,12.085060119628906,6.733615398406982
images_224/ART002-E-24427.jpg,12.067146301269531,6.7563557624816895
images_224/ART002-E-24428.jpg,12.105208396911621,6.751797199249268
images_224/ART002-E-24429.jpg,12.039206504821777,6.7078142166137695
images_224/ART002-E-24430.jpg,12.072882652282715,6.737770080566406
images_224/ART002-E-24431.jpg,12.103057861328125,6.7548508644104
images_224/ART002-E-24432.jpg,10.738886833190918,10.48704719543457
images_224/ART002-E-24433.jpg,10.736628532409668,10.480804443359375
images_224/ART002-E-24434.jpg,10.734661102294922,10.469439506530762
images_224/ART002-E-24435.jpg,10.7247314453125,10.457601547241211
images_224/ART002-E-24436.jpg,10.717729568481445,10.451839447021484
images_224/ART002-E-24437.jpg,10.753480911254883,10.475558280944824
images_224/ART002-E-24438.jpg,10.74819564819336,10.473072052001953
images_224/ART002-E-24439.jpg,10.566390991210938,4.7159647941589355
images_224/ART002-E-24440.jpg,10.460607528686523,4.314784526824951
images_224/ART002-E-24441.jpg,11.117043495178223,6.400580406188965
images_224/ART002-E-24442.jpg,11.535016059875488,5.792267322540283
images_224/ART002-E-24443.jpg,10.55823040008545,4.147573947906494
images_224/ART002-E-24444.jpg,11.353754043579102,6.487956523895264
images_224/ART002-E-24445.jpg,11.957001686096191,6.6057000160217285
images_224/ART002-E-24446.jpg,10.705275535583496,3.910165786743164
images_224/ART002-E-24447.jpg,11.484170913696289,6.535853862762451
images_224/ART002-E-24448.jpg,11.704374313354492,5.753982067108154
images_224/ART002-E-24449.jpg,10.460697174072266,4.117825031280518
images_224/ART002-E-24450.jpg,11.534246444702148,6.283074855804443
images_224/ART002-E-24451.jpg,11.826935768127441,5.345698356628418
images_224/ART002-E-24452.jpg,10.42337417602539,4.017487525939941
images_224/ART002-E-24453.jpg,11.488049507141113,6.379578590393066
images_224/ART002-E-24454.jpg,11.895326614379883,5.332533359527588
images_224/ART002-E-24455.jpg,10.216197967529297,3.822274923324585
images_224/ART002-E-24456.jpg,11.421857833862305,6.418531894683838
images_224/ART002-E-24457.jpg,11.74126148223877,5.6209001541137695
images_224/ART002-E-24458.jpg,10.664512634277344,4.072595596313477
images_224/ART002-E-24459.jpg,11.343374252319336,6.434796333312988
images_224/ART002-E-24460.jpg,11.98931884765625,6.592124938964844
images_224/ART002-E-24461.jpg,10.991125106811523,4.180755615234375
images_224/ART002-E-24462.jpg,11.624582290649414,6.292665958404541
images_224/ART002-E-24463.jpg,12.033864974975586,6.696444988250732
images_224/ART002-E-24464.jpg,11.101302146911621,4.127605438232422
images_224/ART002-E-24465.jpg,11.587965965270996,6.337976932525635
images_224/ART002-E-24466.jpg,12.187748908996582,6.810855865478516
images_224/ART002-E-24467.jpg,11.033088684082031,4.1860671043396
images_224/ART002-E-24468.jpg,12.101853370666504,6.7610087394714355
images_224/ART002-E-24469.jpg,12.067849159240723,7.004286766052246
images_224/ART002-E-24470.jpg,11.071151733398438,4.212327003479004
images_224/ART002-E-24471.jpg,12.597126007080078,6.625137805938721
images_224/ART002-E-24472.jpg,8.532511711120605,7.232200622558594
images_224/ART002-E-24473.jpg,8.008688926696777,5.70913553237915
images_224/ART002-E-24474.jpg,8.853744506835938,6.90493631362915
images_224/ART002-E-24475.jpg,8.755682945251465,6.789600372314453
images_224/ART002-E-24476.jpg,8.180241584777832,5.783377647399902
images_224/ART002-E-24477.jpg,8.711637496948242,6.759966850280762
images_224/ART002-E-24478.jpg,8.530547142028809,6.715686798095703
images_224/ART002-E-24479.jpg,8.186867713928223,5.806545734405518
images_224/ART002-E-24480.jpg,8.628378868103027,6.711658477783203
images_224/ART002-E-24481.jpg,8.20602798461914,6.615194797515869
images_224/ART002-E-24482.jpg,7.8842453956604,5.937376499176025
images_224/ART002-E-24483.jpg,8.030009269714355,7.4629597663879395
images_224/ART002-E-24484.jpg,8.144484519958496,7.058348655700684
images_224/ART002-E-24485.jpg,7.881865978240967,5.853536605834961
images_224/ART002-E-24486.jpg,7.852100372314453,7.515657424926758
images_224/ART002-E-24487.jpg,15.052033424377441,5.466876983642578
images_224/ART002-E-24488.jpg,12.941242218017578,3.078685998916626
images_224/ART002-E-24489.jpg,14.98176097869873,5.938997745513916
images_224/ART002-E-24490.jpg,15.002514839172363,5.46565055847168
images_224/ART002-E-24491.jpg,12.905953407287598,3.2596993446350098
images_224/ART002-E-24492.jpg,14.897865295410156,6.105118274688721
images_224/ART002-E-24493.jpg,14.59725284576416,5.861568450927734
images_224/ART002-E-24494.jpg,14.581840515136719,5.606989860534668
images_224/ART002-E-24495.jpg,14.55764102935791,6.309284687042236
images_224/ART002-E-24496.jpg,11.779102325439453,7.548004627227783
images_224/ART002-E-24497.jpg,10.341581344604492,4.708218574523926
images_224/ART002-E-24498.jpg,11.775026321411133,7.44610071182251
images_224/ART002-E-24499.jpg,11.517034530639648,7.753602027893066
images_224/ART002-E-245.jpg,18.014238357543945,15.368433952331543
images_224/ART002-E-24500.jpg,10.452475547790527,4.659717082977295
images_224/ART002-E-24501.jpg,11.624608039855957,7.234037399291992
images_224/ART002-E-24502.jpg,11.221055030822754,7.740911483764648
images_224/ART002-E-24503.jpg,10.331525802612305,4.69761848449707
images_224/ART002-E-24504.jpg,10.134002685546875,7.179882526397705
images_224/ART002-E-24505.jpg,11.598403930664062,7.85020637512207
images_224/ART002-E-24506.jpg,11.563760757446289,7.816949367523193
images_224/ART002-E-24507.jpg,11.963332176208496,7.901182651519775
images_224/ART002-E-24508.jpg,14.82309627532959,5.6240363121032715
images_224/ART002-E-24509.jpg,14.645291328430176,5.485307216644287
images_224/ART002-E-24510.jpg,14.821554183959961,6.268527507781982
images_224/ART002-E-24511.jpg,14.846761703491211,5.632570743560791
images_224/ART002-E-24512.jpg,12.961228370666504,3.2859277725219727
images_224/ART002-E-24513.jpg,14.832932472229004,6.221954822540283
images_224/ART002-E-24514.jpg,14.93323040008545,5.6325364112854
images_224/ART002-E-24515.jpg,13.02017879486084,3.1675541400909424
images_224/ART002-E-24516.jpg,14.902572631835938,6.093269348144531
images_224/ART002-E-24517.jpg,8.257550239562988,7.511800289154053
images_224/ART002-E-24518.jpg,7.882957458496094,5.845844745635986
images_224/ART002-E-24519.jpg,8.05388069152832,7.61236572265625
images_224/ART002-E-24520.jpg,8.000529289245605,7.389147758483887
images_224/ART002-E-24521.jpg,7.829826354980469,5.838779449462891
images_224/ART002-E-24522.jpg,7.9643378257751465,7.433178424835205
images_224/ART002-E-24523.jpg,7.7274580001831055,7.014451026916504
images_224/ART002-E-24524.jpg,7.896785736083984,5.839951038360596
images_224/ART002-E-24525.jpg,7.933103561401367,7.390385627746582
images_224/ART002-E-24526.jpg,8.184308052062988,7.372114181518555
images_224/ART002-E-24527.jpg,7.909870624542236,6.230830192565918
images_224/ART002-E-24528.jpg,8.094439506530762,7.597132682800293
images_224/ART002-E-24529.jpg,14.905275344848633,5.689509391784668
images_224/ART002-E-24530.jpg,13.007196426391602,3.364612102508545
images_224/ART002-E-24531.jpg,14.807689666748047,6.0105509757995605
images_224/ART002-E-24532.jpg,8.889253616333008,7.482273101806641
images_224/ART002-E-24533.jpg,8.586395263671875,6.481687068939209
images_224/ART002-E-24534.jpg,9.326834678649902,7.804385662078857
images_224/ART002-E-24535.jpg,10.147181510925293,8.004660606384277
images_224/ART002-E-24536.jpg,9.359781265258789,5.12288761138916
images_224/ART002-E-24537.jpg,9.382889747619629,7.675379753112793
images_224/ART002-E-24538.jpg,9.32938003540039,6.943943977355957
images_224/ART002-E-24539.jpg,9.38377571105957,5.0902180671691895
images_224/ART002-E-24540.jpg,10.11913013458252,7.2996673583984375
images_224/ART002-E-24541.jpg,8.912459373474121,6.873345375061035
images_224/ART002-E-24542.jpg,9.330405235290527,5.0820512771606445
images_224/ART002-E-24543.jpg,9.947195053100586,7.098309516906738
images_224/ART002-E-24544.jpg,8.742348670959473,7.053745746612549
images_224/ART002-E-24545.jpg,9.314593315124512,5.106826305389404
images_224/ART002-E-24546.jpg,8.249805450439453,7.5301079750061035
images_224/ART002-E-24547.jpg,8.26085376739502,7.2307844161987305
images_224/ART002-E-24548.jpg,7.963759422302246,6.224507808685303
images_224/ART002-E-24549.jpg,8.198668479919434,7.449037551879883
images_224/ART002-E-24550.jpg,8.233383178710938,7.3165202140808105
images_224/ART002-E-24551.jpg,7.958488464355469,6.206552505493164
images_224/ART002-E-24552.jpg,8.209872245788574,7.536372184753418
images_224/ART002-E-24553.jpg,7.97080135345459,7.321645736694336
images_224/ART002-E-24554.jpg,7.904880523681641,5.88565731048584
images_224/ART002-E-24555.jpg,8.061789512634277,7.32921028137207
images_224/ART002-E-24556.jpg,8.289020538330078,7.054630756378174
images_224/ART002-E-24557.jpg,7.984053611755371,5.871222019195557
images_224/ART002-E-24558.jpg,8.724139213562012,7.798238277435303
images_224/ART002-E-24559.jpg,8.258467674255371,7.182580471038818
images_224/ART002-E-24560.jpg,8.038986206054688,6.254603862762451
images_224/ART002-E-24561.jpg,8.160792350769043,7.388645648956299
images_224/ART002-E-24562.jpg,8.292580604553223,7.165771007537842
images_224/ART002-E-24563.jpg,8.045772552490234,6.143031597137451
images_224/ART002-E-24564.jpg,8.158166885375977,7.360330581665039
images_224/ART002-E-24565.jpg,8.698813438415527,6.981928825378418
images_224/ART002-E-24566.jpg,9.03376579284668,5.349585056304932
images_224/ART002-E-24567.jpg,8.738892555236816,7.284789562225342
images_224/ART002-E-24568.jpg,11.09542465209961,7.862451553344727
images_224/ART002-E-24569.jpg,10.38692855834961,4.716599941253662
images_224/ART002-E-24570.jpg,11.133703231811523,7.61809778213501
images_224/ART002-E-24571.jpg,10.930488586425781,7.850190162658691
images_224/ART002-E-24572.jpg,10.41502571105957,4.772528648376465
images_224/ART002-E-24573.jpg,10.948457717895508,7.767219543457031
images_224/ART002-E-24574.jpg,10.808138847351074,7.889409065246582
images_224/ART002-E-24575.jpg,11.465845108032227,7.725424766540527
images_224/ART002-E-24576.jpg,11.078720092773438,7.635438442230225
images_224/ART002-E-24577.jpg,11.076395988464355,7.494617938995361
images_224/ART002-E-24578.jpg,10.461885452270508,4.703588962554932
images_224/ART002-E-24579.jpg,11.067022323608398,7.366161823272705
images_224/ART002-E-24580.jpg,11.021273612976074,7.562952518463135
images_224/ART002-E-24581.jpg,10.411527633666992,4.751513481140137
images_224/ART002-E-24582.jpg,10.9998140335083,7.458719253540039
images_224/ART002-E-24583.jpg,11.058636665344238,7.490768909454346
images_224/ART002-E-24584.jpg,10.43344783782959,4.743249893188477
images_224/ART002-E-24585.jpg,11.003443717956543,7.513650417327881
images_224/ART002-E-24586.jpg,8.608416557312012,7.6044440269470215
images_224/ART002-E-24587.jpg,8.019229888916016,5.68972110748291
images_224/ART002-E-24588.jpg,8.455544471740723,7.7976226806640625
images_224/ART002-E-24589.jpg,8.522933959960938,7.514136791229248
images_224/ART002-E-24590.jpg,7.873861312866211,5.98078727722168
images_224/ART002-E-24591.jpg,8.074801445007324,7.571139335632324
images_224/ART002-E-24592.jpg,8.059269905090332,7.063310623168945
images_224/ART002-E-24593.jpg,7.679342269897461,5.374454975128174
images_224/ART002-E-24594.jpg,8.149174690246582,7.596729278564453
images_224/ART002-E-24595.jpg,10.11221981048584,8.049417495727539
images_224/ART002-E-24596.jpg,7.896230697631836,5.938024044036865
images_224/ART002-E-24597.jpg,9.667329788208008,8.08961296081543
images_224/ART002-E-24598.jpg,7.836767673492432,-8.65915584564209
images_224/ART002-E-24599.jpg,8.915066719055176,4.5994696617126465
images_224/ART002-E-24600.jpg,10.158408164978027,9.609356880187988
images_224/ART002-E-24601.jpg,10.213085174560547,9.70853042602539
images_224/ART002-E-24602.jpg,10.926419258117676,11.63975715637207
images_224/ART002-E-24603.jpg,10.196056365966797,9.744110107421875
images_224/ART002-E-24604.jpg,10.220711708068848,9.731907844543457
images_224/ART002-E-24605.jpg,10.930810928344727,11.784829139709473
images_224/ART002-E-24606.jpg,10.181961059570312,9.7359619140625
images_224/ART002-E-24607.jpg,10.199308395385742,9.837413787841797
images_224/ART002-E-24608.jpg,10.91894817352295,11.648305892944336
images_224/ART002-E-24609.jpg,10.140031814575195,9.59472370147705
images_224/ART002-E-24610.jpg,7.2168803215026855,-9.740696907043457
images_224/ART002-E-24611.jpg,6.832542896270752,-8.952762603759766
images_224/ART002-E-24612.jpg,7.983265399932861,-9.540997505187988
images_224/ART002-E-24613.jpg,11.603976249694824,4.887070178985596
images_224/ART002-E-24614.jpg,10.78427505493164,3.5195229053497314
images_224/ART002-E-24615.jpg,11.429698944091797,5.229874610900879
images_224/ART002-E-24616.jpg,12.106719970703125,5.06198787689209
images_224/ART002-E-24617.jpg,11.414508819580078,3.4035403728485107
images_224/ART002-E-24618.jpg,11.80804443359375,5.658438205718994
images_224/ART002-E-24619.jpg,12.911592483520508,5.321896076202393
images_224/ART002-E-24620.jpg,12.380483627319336,2.2011852264404297
images_224/ART002-E-24621.jpg,12.756269454956055,5.671414852142334
images_224/ART002-E-24622.jpg,6.292385101318359,-8.518064498901367
images_224/ART002-E-24623.jpg,6.965677738189697,-9.557172775268555
images_224/ART002-E-24624.jpg,7.455560207366943,-9.704290390014648
images_224/ART002-E-24625.jpg,11.788483619689941,4.861929893493652
images_224/ART002-E-24626.jpg,10.932148933410645,3.2187674045562744
images_224/ART002-E-24627.jpg,11.607574462890625,5.168415546417236
images_224/ART002-E-24628.jpg,11.80081844329834,4.874804496765137
images_224/ART002-E-24629.jpg,10.974154472351074,2.9801828861236572
images_224/ART002-E-24630.jpg,11.647217750549316,5.245081901550293
images_224/ART002-E-24631.jpg,10.359926223754883,4.007201194763184
images_224/ART002-E-24632.jpg,10.019317626953125,3.581328868865967
images_224/ART002-E-24633.jpg,10.851244926452637,5.612205505371094
images_224/ART002-E-24634.jpg,10.651116371154785,4.36948299407959
images_224/ART002-E-24635.jpg,9.990945816040039,3.538564443588257
images_224/ART002-E-24636.jpg,10.946815490722656,5.350394248962402
images_224/ART002-E-24637.jpg,13.05784797668457,5.9066925048828125
images_224/ART002-E-24638.jpg,11.898194313049316,3.1944477558135986
images_224/ART002-E-24639.jpg,13.392659187316895,6.257636070251465
images_224/ART002-E-24640.jpg,10.886554718017578,7.176058769226074
images_224/ART002-E-24641.jpg,9.734526634216309,4.792241096496582
images_224/ART002-E-24642.jpg,10.746710777282715,6.963837146759033
images_224/ART002-E-24643.jpg,12.136578559875488,5.242821216583252
images_224/ART002-E-24644.jpg,11.11341667175293,3.684023380279541
images_224/ART002-E-24645.jpg,11.808835983276367,6.325937747955322
images_224/ART002-E-24646.jpg,8.18751049041748,7.139047622680664
images_224/ART002-E-24647.jpg,8.121964454650879,5.588762283325195
images_224/ART002-E-24648.jpg,8.163269996643066,7.556161880493164
images_224/ART002-E-24649.jpg,8.241236686706543,7.222498893737793
images_224/ART002-E-24650.jpg,7.630875587463379,5.55593204498291
images_224/ART002-E-24651.jpg,7.962244510650635,7.501657962799072
images_224/ART002-E-24652.jpg,13.172405242919922,6.166759014129639
images_224/ART002-E-24653.jpg,12.325753211975098,3.146696090698242
images_224/ART002-E-24654.jpg,13.313944816589355,6.213837146759033
images_224/ART002-E-24655.jpg,12.803901672363281,5.806262493133545
images_224/ART002-E-24656.jpg,11.65625286102295,3.4129786491394043
images_224/ART002-E-24657.jpg,12.798347473144531,5.841699600219727
images_224/ART002-E-24658.jpg,9.397908210754395,6.9972100257873535
images_224/ART002-E-24659.jpg,9.123491287231445,4.792252540588379
images_224/ART002-E-24660.jpg,9.594742774963379,7.5264763832092285
images_224/ART002-E-24661.jpg,13.188425064086914,6.258378028869629
images_224/ART002-E-24662.jpg,12.147459030151367,3.2648890018463135
images_224/ART002-E-24663.jpg,13.387102127075195,6.314975261688232
images_224/ART002-E-24664.jpg,13.227958679199219,6.266270160675049
images_224/ART002-E-24665.jpg,12.299571990966797,3.173736095428467
images_224/ART002-E-24666.jpg,13.392175674438477,6.297526836395264
images_224/ART002-E-24667.jpg,9.491039276123047,7.034443378448486
images_224/ART002-E-24668.jpg,9.316610336303711,4.856530666351318
images_224/ART002-E-24669.jpg,9.520254135131836,7.685139179229736
images_224/ART002-E-24670.jpg,14.091279029846191,5.902695655822754
images_224/ART002-E-24671.jpg,12.668306350708008,3.6579136848449707
images_224/ART002-E-24672.jpg,14.720450401306152,6.412912845611572
images_224/ART002-E-24673.jpg,14.013301849365234,5.963285446166992
images_224/ART002-E-24674.jpg,12.622016906738281,3.5765206813812256
images_224/ART002-E-24675.jpg,14.599259376525879,6.45961332321167
images_224/ART002-E-24676.jpg,13.883552551269531,6.0671467781066895
images_224/ART002-E-24677.jpg,12.666510581970215,3.6873979568481445
images_224/ART002-E-24678.jpg,14.501211166381836,6.533665180206299
images_224/ART002-E-24679.jpg,13.889092445373535,6.101038932800293
images_224/ART002-E-24680.jpg,12.537572860717773,3.4905261993408203
images_224/ART002-E-24681.jpg,14.5156888961792,6.5290021896362305
images_224/ART002-E-24682.jpg,13.957143783569336,6.014859676361084
images_224/ART002-E-24683.jpg,12.342536926269531,3.265040636062622
images_224/ART002-E-24684.jpg,14.630684852600098,6.435044288635254
images_224/ART002-E-24685.jpg,9.838580131530762,6.971977233886719
images_224/ART002-E-24686.jpg,9.516377449035645,4.632462501525879
images_224/ART002-E-24687.jpg,9.778946876525879,7.4947052001953125
images_224/ART002-E-24688.jpg,9.379890441894531,6.991734504699707
images_224/ART002-E-24689.jpg,9.357806205749512,4.850039958953857
images_224/ART002-E-24690.jpg,9.500082015991211,7.605769634246826
images_224/ART002-E-24691.jpg,9.709389686584473,6.339235782623291
images_224/ART002-E-24692.jpg,10.238957405090332,4.616637706756592
images_224/ART002-E-24693.jpg,9.898963928222656,6.424410343170166
images_224/ART002-E-24694.jpg,9.51159954071045,6.422123908996582
images_224/ART002-E-24695.jpg,10.20246696472168,4.612340450286865
images_224/ART002-E-24696.jpg,9.65576171875,6.409552097320557
images_224/ART002-E-24697.jpg,9.3955717086792,6.439589977264404
images_224/ART002-E-24698.jpg,10.108790397644043,4.61349630355835
images_224/ART002-E-24699.jpg,9.435978889465332,6.519160270690918
images_224/ART002-E-24700.jpg,9.079686164855957,6.45961856842041
images_224/ART002-E-24701.jpg,9.976350784301758,4.618484020233154
images_224/ART002-E-24702.jpg,8.852063179016113,6.73917818069458
images_224/ART002-E-24703.jpg,8.730538368225098,6.532958030700684
images_224/ART002-E-24704.jpg,9.90755558013916,4.6430511474609375
images_224/ART002-E-24705.jpg,8.575169563293457,6.907153129577637
images_224/ART002-E-24706.jpg,8.365408897399902,6.543108940124512
images_224/ART002-E-24707.jpg,7.771638870239258,5.1803364753723145
images_224/ART002-E-24708.jpg,8.619378089904785,6.903012275695801
images_224/ART002-E-24709.jpg,10.031756401062012,9.226723670959473
images_224/ART002-E-24710.jpg,8.899798393249512,4.583718776702881
images_224/ART002-E-24711.jpg,9.91553783416748,9.395130157470703
images_224/ART002-E-24712.jpg,10.521219253540039,7.084296226501465
images_224/ART002-E-24713.jpg,8.437816619873047,5.493743419647217
images_224/ART002-E-24714.jpg,10.322285652160645,7.159594535827637
images_224/ART002-E-24715.jpg,10.59871768951416,6.955604553222656
images_224/ART002-E-24716.jpg,9.7847318649292,4.658516883850098
images_224/ART002-E-24717.jpg,10.629250526428223,7.011885643005371
images_224/ART002-E-24718.jpg,13.182743072509766,6.363286972045898
images_224/ART002-E-24719.jpg,12.140039443969727,3.243159532546997
images_224/ART002-E-24720.jpg,13.4092378616333,6.310782432556152
images_224/ART002-E-24721.jpg,13.332456588745117,6.388785362243652
images_224/ART002-E-24722.jpg,12.333955764770508,3.140900135040283
images_224/ART002-E-24723.jpg,13.690434455871582,6.443963050842285
images_224/ART002-E-24724.jpg,13.369115829467773,6.390430927276611
images_224/ART002-E-24725.jpg,12.306224822998047,3.1548261642456055
images_224/ART002-E-24726.jpg,13.794679641723633,6.447084903717041
images_224/ART002-E-24727.jpg,8.931344985961914,6.939455032348633
images_224/ART002-E-24728.jpg,8.044029235839844,5.178468704223633
images_224/ART002-E-24729.jpg,8.428217887878418,7.485654830932617
images_224/ART002-E-24730.jpg,10.045944213867188,9.23508071899414
images_224/ART002-E-24731.jpg,8.99720287322998,4.692258358001709
images_224/ART002-E-24732.jpg,9.922268867492676,9.186043739318848
images_224/ART002-E-24733.jpg,8.337198257446289,7.125858306884766
images_224/ART002-E-24734.jpg,8.094139099121094,5.512813091278076
images_224/ART002-E-24735.jpg,8.984496116638184,8.022650718688965
images_224/ART002-E-24736.jpg,8.42230224609375,6.890804767608643
images_224/ART002-E-24737.jpg,8.146385192871094,5.23942756652832
images_224/ART002-E-24738.jpg,8.148490905761719,7.417412281036377
images_224/ART002-E-24739.jpg,8.40424633026123,6.861597537994385
images_224/ART002-E-24740.jpg,8.260246276855469,5.136617183685303
images_224/ART002-E-24741.jpg,11.81810188293457,5.938540458679199
images_224/ART002-E-24742.jpg,11.760306358337402,4.75431489944458
images_224/ART002-E-24743.jpg,10.82192325592041,2.89505672454834
images_224/ART002-E-24744.jpg,11.651656150817871,5.342756748199463
images_224/ART002-E-24745.jpg,11.748217582702637,4.735417366027832
images_224/ART002-E-24746.jpg,10.838993072509766,2.8958992958068848
images_224/ART002-E-24747.jpg,11.701050758361816,4.863097667694092
images_224/ART002-E-24748.jpg,11.744911193847656,4.764224529266357
images_224/ART002-E-24749.jpg,10.825264930725098,2.876615285873413
images_224/ART002-E-24750.jpg,11.548723220825195,5.188904285430908
images_224/ART002-E-24751.jpg,11.765847206115723,4.833893775939941
images_224/ART002-E-24752.jpg,10.912847518920898,2.9581809043884277
images_224/ART002-E-24753.jpg,11.66714859008789,5.266496181488037
images_224/ART002-E-24754.jpg,8.226500511169434,6.668017387390137
images_224/ART002-E-24755.jpg,7.885159492492676,5.179017066955566
images_224/ART002-E-24756.jpg,8.263065338134766,6.90859317779541
images_224/ART002-E-24757.jpg,8.267197608947754,6.700699806213379
images_224/ART002-E-24758.jpg,7.688680171966553,5.219579219818115
images_224/ART002-E-24759.jpg,8.170239448547363,7.0339274406433105
images_224/ART002-E-24760.jpg,8.308231353759766,6.686694622039795
images_224/ART002-E-24761.jpg,7.715264320373535,5.306831359863281
images_224/ART002-E-24762.jpg,8.315303802490234,6.908534526824951
images_224/ART002-E-24763.jpg,8.277763366699219,6.633845329284668
images_224/ART002-E-24764.jpg,7.809786319732666,5.243809700012207
images_224/ART002-E-24765.jpg,8.546724319458008,7.0561909675598145
images_224/ART002-E-24766.jpg,8.276069641113281,6.659583568572998
images_224/ART002-E-24767.jpg,7.916487216949463,5.192453861236572
images_224/ART002-E-24768.jpg,8.265481948852539,6.925075531005859
images_224/ART002-E-24769.jpg,8.279288291931152,6.638908386230469
images_224/ART002-E-24770.jpg,8.00307846069336,5.229968547821045
images_224/ART002-E-24771.jpg,8.768507957458496,7.109652996063232
images_224/ART002-E-24772.jpg,9.586384773254395,7.026317119598389
images_224/ART002-E-24773.jpg,9.338445663452148,5.160730838775635
images_224/ART002-E-24774.jpg,10.700732231140137,6.852941036224365
images_224/ART002-E-24775.jpg,10.565596580505371,6.958775043487549
images_224/ART002-E-24776.jpg,9.7185640335083,4.780448913574219
images_224/ART002-E-24777.jpg,10.650343894958496,6.891820907592773
images_224/ART002-E-24778.jpg,10.52517318725586,6.852240562438965
images_224/ART002-E-24779.jpg,9.770278930664062,4.7138166427612305
images_224/ART002-E-24780.jpg,10.743680000305176,6.761073589324951
images_224/ART002-E-24781.jpg,10.579002380371094,6.850244045257568
images_224/ART002-E-24782.jpg,9.644864082336426,4.7610554695129395
images_224/ART002-E-24783.jpg,10.597500801086426,6.889092922210693
images_224/ART002-E-24784.jpg,8.31670093536377,6.521876811981201
images_224/ART002-E-24785.jpg,7.884792804718018,5.272136688232422
images_224/ART002-E-24786.jpg,8.47808837890625,7.009494304656982
images_224/ART002-E-24787.jpg,8.275508880615234,6.695120811462402
images_224/ART002-E-24788.jpg,9.037214279174805,4.665106773376465
images_224/ART002-E-24789.jpg,8.729389190673828,7.262566566467285
images_224/ART002-E-24790.jpg,8.543155670166016,6.9104533195495605
images_224/ART002-E-24791.jpg,8.188363075256348,5.142280578613281
images_224/ART002-E-24793.jpg,8.257403373718262,6.721281051635742
images_224/ART002-E-24794.jpg,7.804564476013184,5.245437145233154
images_224/ART002-E-24795.jpg,8.586075782775879,7.234417915344238
images_224/ART002-E-24796.jpg,8.247143745422363,6.659792900085449
images_224/ART002-E-24797.jpg,7.945035934448242,5.196122169494629
images_224/ART002-E-24798.jpg,8.671497344970703,7.0970659255981445
images_224/ART002-E-24799.jpg,8.261113166809082,6.614012718200684
images_224/ART002-E-24800.jpg,7.88508415222168,5.171812534332275
images_224/ART002-E-24801.jpg,8.581639289855957,7.009776592254639
images_224/ART002-E-24802.jpg,8.203557968139648,6.61351203918457
images_224/ART002-E-24803.jpg,7.898568153381348,5.180092811584473
images_224/ART002-E-24804.jpg,8.601496696472168,6.971584320068359
images_224/ART002-E-24805.jpg,9.994207382202148,9.273161888122559
images_224/ART002-E-24806.jpg,8.913308143615723,4.594316005706787
images_224/ART002-E-24807.jpg,9.925272941589355,9.357423782348633
images_224/ART002-E-24808.jpg,9.996175765991211,9.272912979125977
images_224/ART002-E-24809.jpg,8.885433197021484,4.578246593475342
images_224/ART002-E-24810.jpg,9.928939819335938,9.352725982666016
images_224/ART002-E-24811.jpg,10.00100326538086,9.286934852600098
images_224/ART002-E-24812.jpg,8.87739086151123,4.558679103851318
images_224/ART002-E-24813.jpg,9.905823707580566,9.355659484863281
images_224/ART002-E-24814.jpg,10.012469291687012,9.3048734664917
images_224/ART002-E-24815.jpg,8.896306991577148,4.597056865692139
images_224/ART002-E-24816.jpg,9.958662033081055,9.33007526397705
images_224/ART002-E-24817.jpg,9.987960815429688,9.253138542175293
images_224/ART002-E-24818.jpg,8.887174606323242,4.571430683135986
images_224/ART002-E-24819.jpg,9.939349174499512,9.31812572479248
images_224/ART002-E-24820.jpg,9.992192268371582,9.268838882446289
images_224/ART002-E-24821.jpg,8.874909400939941,4.5711493492126465
images_224/ART002-E-24822.jpg,9.944967269897461,9.366435050964355
images_224/ART002-E-24823.jpg,10.396758079528809,7.34714412689209
images_224/ART002-E-24824.jpg,9.500228881835938,4.730645656585693
images_224/ART002-E-24825.jpg,10.403732299804688,7.183845043182373
images_224/ART002-E-24826.jpg,9.973785400390625,9.233965873718262
images_224/ART002-E-24827.jpg,8.943620681762695,4.612164497375488
images_224/ART002-E-24828.jpg,9.93710708618164,9.245534896850586
images_224/ART002-E-24829.jpg,10.195073127746582,8.093828201293945
images_224/ART002-E-24830.jpg,8.970932960510254,4.616213321685791
images_224/ART002-E-24831.jpg,9.970609664916992,9.089035034179688
images_224/ART002-E-24832.jpg,10.035165786743164,7.677081108093262
images_224/ART002-E-24833.jpg,9.295641899108887,4.772348880767822
images_224/ART002-E-24834.jpg,10.141951560974121,7.825974464416504
images_224/ART002-E-24835.jpg,9.961540222167969,7.487524032592773
images_224/ART002-E-24836.jpg,9.246526718139648,4.849179744720459
images_224/ART002-E-24837.jpg,10.071361541748047,7.723804473876953
images_224/ART002-E-24838.jpg,10.897762298583984,5.420320987701416
images_224/ART002-E-24839.jpg,10.00829792022705,4.361603260040283
images_224/ART002-E-24840.jpg,10.82116985321045,6.368103504180908
images_224/ART002-E-24841.jpg,12.17369556427002,5.500878810882568
images_224/ART002-E-24842.jpg,11.430752754211426,3.4021904468536377
images_224/ART002-E-24843.jpg,11.784985542297363,6.240697860717773
images_224/ART002-E-24845.jpg,11.482550621032715,3.37272047996521
images_224/ART002-E-24846.jpg,12.327150344848633,5.9500041007995605
images_224/ART002-E-24847.jpg,12.291919708251953,5.987181186676025
images_224/ART002-E-24848.jpg,11.722747802734375,3.473544120788574
images_224/ART002-E-24849.jpg,6.9657206535339355,-3.9218549728393555
images_224/ART002-E-24850.jpg,7.4637770652771,-3.3049466609954834
images_224/ART002-E-24851.jpg,7.363269329071045,-3.440201759338379
images_224/ART002-E-24852.jpg,6.600728511810303,-3.7679903507232666
images_224/ART002-E-24853.jpg,6.556509494781494,-3.6677234172821045
images_224/ART002-E-24854.jpg,6.531943321228027,-3.637530565261841
images_224/ART002-E-24855.jpg,6.57642936706543,-3.698073387145996
images_224/ART002-E-24856.jpg,6.568367958068848,-3.8244214057922363
images_224/ART002-E-24857.jpg,6.59520149230957,-3.763068199157715
images_224/ART002-E-24858.jpg,6.550302505493164,-3.6378703117370605
images_224/ART002-E-24859.jpg,6.470561981201172,-3.5352354049682617
images_224/ART002-E-24860.jpg,6.5626726150512695,-3.6634252071380615
images_224/ART002-E-24861.jpg,6.637331962585449,-3.791620969772339
images_224/ART002-E-24862.jpg,6.585018157958984,-3.7287464141845703
images_224/ART002-E-24863.jpg,6.542255878448486,-3.613407611846924
images_224/ART002-E-24864.jpg,6.4998250007629395,-3.54709792137146
images_224/ART002-E-24865.jpg,6.580612659454346,-3.6676106452941895
images_224/ART002-E-24866.jpg,6.619435787200928,-3.7928647994995117
images_224/ART002-E-24867.jpg,6.588443756103516,-3.7136294841766357
images_224/ART002-E-24868.jpg,6.533238410949707,-3.6033005714416504
images_224/ART002-E-24869.jpg,6.509193420410156,-3.550093650817871
images_224/ART002-E-24870.jpg,6.532905101776123,-3.6065006256103516
images_224/ART002-E-24871.jpg,6.626015663146973,-3.8207411766052246
images_224/ART002-E-24872.jpg,6.609137058258057,-3.727496862411499
images_224/ART002-E-24873.jpg,6.536130905151367,-3.5420114994049072
images_224/ART002-E-24874.jpg,6.493958473205566,-3.53631854057312
images_224/ART002-E-24875.jpg,8.514361381530762,-0.592297375202179
images_224/ART002-E-24876.jpg,8.67203140258789,-0.48438191413879395
images_224/ART002-E-24877.jpg,8.576011657714844,-0.5198258757591248
images_224/ART002-E-24878.jpg,8.557768821716309,-0.5926166772842407
images_224/ART002-E-24879.jpg,8.583300590515137,-0.6043822765350342
images_224/ART002-E-24880.jpg,8.521827697753906,-0.5885114073753357
images_224/ART002-E-24881.jpg,8.505908012390137,-0.5763234496116638
images_224/ART002-E-24882.jpg,8.497888565063477,-0.5904744863510132
images_224/ART002-E-24883.jpg,8.538867950439453,-0.6157807111740112
images_224/ART002-E-24884.jpg,8.618282318115234,-0.6069222092628479
images_224/ART002-E-24885.jpg,8.502400398254395,-0.596994161605835
images_224/ART002-E-24886.jpg,8.71010684967041,-0.48915019631385803
images_224/ART002-E-24887.jpg,8.508397102355957,-0.5907542705535889
images_224/ART002-E-24888.jpg,8.531641006469727,-0.5924376249313354
images_224/ART002-E-24889.jpg,8.589835166931152,-0.6078739166259766
images_224/ART002-E-24890.jpg,8.493313789367676,-0.5911808609962463
images_224/ART002-E-24891.jpg,8.562702178955078,-0.5419936180114746
images_224/ART002-E-24892.jpg,8.845868110656738,-0.4215540587902069
images_224/ART002-E-24893.jpg,8.535338401794434,-0.5906917452812195
images_224/ART002-E-24894.jpg,8.548869132995605,-0.593850314617157
images_224/ART002-E-24895.jpg,5.927618503570557,-3.3793513774871826
images_224/ART002-E-24896.jpg,4.115395545959473,-6.45546817779541
images_224/ART002-E-24897.jpg,6.653677463531494,-4.797010898590088
images_224/ART002-E-24898.jpg,5.8683576583862305,-3.345470905303955
images_224/ART002-E-24899.jpg,5.92965030670166,-3.30319881439209
images_224/ART002-E-249.jpg,18.012975692749023,15.369963645935059
images_224/ART002-E-24900.jpg,5.907644271850586,-3.3434176445007324
images_224/ART002-E-24901.jpg,6.365785598754883,-4.798386573791504
images_224/ART002-E-24902.jpg,6.351282119750977,-4.786900520324707
images_224/ART002-E-24903.jpg,5.881898403167725,-3.3393754959106445
images_224/ART002-E-24904.jpg,5.962672710418701,-3.3032684326171875
images_224/ART002-E-24905.jpg,8.578858375549316,-0.5858014225959778
images_224/ART002-E-24906.jpg,8.794687271118164,-0.4418025612831116
images_224/ART002-E-24907.jpg,8.84537124633789,-0.44499996304512024
images_224/ART002-E-24908.jpg,8.632725715637207,-0.587050199508667
images_224/ART002-E-24909.jpg,8.700486183166504,-0.6098810434341431
images_224/ART002-E-24910.jpg,8.701075553894043,-0.5770688652992249
images_224/ART002-E-24911.jpg,8.84023380279541,-0.44163721799850464
images_224/ART002-E-24912.jpg,8.87153148651123,-0.4405643939971924
images_224/ART002-E-24913.jpg,8.715150833129883,-0.5711912512779236
images_224/ART002-E-24914.jpg,8.702766418457031,-0.612093985080719
images_224/ART002-E-24915.jpg,8.657793998718262,-0.5455018281936646
images_224/ART002-E-24916.jpg,8.901616096496582,-0.4274681508541107
images_224/ART002-E-24917.jpg,8.975358963012695,-0.4459227919578552
images_224/ART002-E-24918.jpg,8.775091171264648,-0.598480761051178
images_224/ART002-E-24919.jpg,8.643269538879395,-0.6103461384773254
images_224/ART002-E-24920.jpg,8.663016319274902,-0.5792205929756165
images_224/ART002-E-24921.jpg,8.930032730102539,-0.4277593493461609
images_224/ART002-E-24922.jpg,8.888121604919434,-0.4500131607055664
images_224/ART002-E-24923.jpg,8.603294372558594,-0.5992441773414612
images_224/ART002-E-24924.jpg,8.641133308410645,-0.6115403771400452
images_224/ART002-E-24925.jpg,8.734365463256836,-0.5901830792427063
images_224/ART002-E-24926.jpg,8.930656433105469,-0.43185025453567505
images_224/ART002-E-24927.jpg,8.862893104553223,-0.4573698937892914
images_224/ART002-E-24928.jpg,8.982392311096191,-0.6713138818740845
images_224/ART002-E-24929.jpg,8.900816917419434,-0.6546425223350525
images_224/ART002-E-24930.jpg,8.768416404724121,-0.6029641628265381
images_224/ART002-E-24931.jpg,9.123886108398438,-0.39186686277389526
images_224/ART002-E-24932.jpg,9.344454765319824,-0.44212353229522705
images_224/ART002-E-24933.jpg,9.022732734680176,-0.6681545376777649
images_224/ART002-E-24934.jpg,9.220222473144531,-0.758754551410675
images_224/ART002-E-24935.jpg,8.883684158325195,-0.6239156723022461
images_224/ART002-E-24936.jpg,9.157866477966309,-0.3971312642097473
images_224/ART002-E-24937.jpg,9.55666446685791,-0.4309700131416321
images_224/ART002-E-24938.jpg,9.117894172668457,-0.6991568207740784
images_224/ART002-E-24939.jpg,9.109755516052246,-0.7329291105270386
images_224/ART002-E-24940.jpg,9.032215118408203,-0.6518188118934631
images_224/ART002-E-24941.jpg,9.507621765136719,-0.45528966188430786
images_224/ART002-E-24942.jpg,9.43982219696045,-0.4658246338367462
images_224/ART002-E-24943.jpg,9.134444236755371,-0.6907866597175598
images_224/ART002-E-24944.jpg,9.168556213378906,-0.7722120881080627
images_224/ART002-E-24945.jpg,9.133342742919922,-0.6902317404747009
images_224/ART002-E-24946.jpg,9.537525177001953,-0.4548777937889099
images_224/ART002-E-24947.jpg,9.537964820861816,-0.4575415849685669
images_224/ART002-E-24948.jpg,9.172816276550293,-0.723976731300354
images_224/ART002-E-24949.jpg,9.200176239013672,-0.7355031371116638
images_224/ART002-E-24950.jpg,9.220356941223145,-0.7101759314537048
images_224/ART002-E-24951.jpg,9.576271057128906,-0.47406095266342163
images_224/ART002-E-24952.jpg,9.496162414550781,-0.5135793685913086
images_224/ART002-E-24953.jpg,9.21667766571045,-0.7245091199874878
images_224/ART002-E-24954.jpg,9.237120628356934,-0.7689580321311951
images_224/ART002-E-24955.jpg,9.129714012145996,-0.6836543679237366
images_224/ART002-E-24956.jpg,9.555523872375488,-0.46696028113365173
images_224/ART002-E-24957.jpg,9.562444686889648,-0.49709540605545044
images_224/ART002-E-24958.jpg,9.256919860839844,-0.73320072889328
images_224/ART002-E-24959.jpg,9.312180519104004,-0.833423912525177
images_224/ART002-E-24960.jpg,9.297799110412598,-0.7425572276115417
images_224/ART002-E-24961.jpg,9.544512748718262,-0.4498324692249298
images_224/ART002-E-24962.jpg,9.585951805114746,-0.49197593331336975
images_224/ART002-E-24963.jpg,9.308852195739746,-0.8022124767303467
images_224/ART002-E-24964.jpg,9.342293739318848,-0.8508759140968323
images_224/ART002-E-24965.jpg,9.323738098144531,-0.6932315826416016
images_224/ART002-E-24966.jpg,9.582671165466309,-0.47195225954055786
images_224/ART002-E-24967.jpg,9.773367881774902,-0.6029472947120667
images_224/ART002-E-24968.jpg,9.385953903198242,-0.9160798788070679
images_224/ART002-E-24969.jpg,9.351645469665527,-0.8573538661003113
images_224/ART002-E-24970.jpg,9.381490707397461,-0.8642925024032593
images_224/ART002-E-24971.jpg,9.600935935974121,-0.4657823145389557
images_224/ART002-E-24972.jpg,9.646730422973633,-0.572140634059906
images_224/ART002-E-24973.jpg,9.446182250976562,-0.9632296562194824
images_224/ART002-E-24974.jpg,9.460939407348633,-0.9513754844665527
images_224/ART002-E-24975.jpg,9.34816837310791,-0.8318731188774109
images_224/ART002-E-24976.jpg,9.606870651245117,-0.4745396077632904
images_224/ART002-E-24977.jpg,9.769035339355469,-0.5794947743415833
images_224/ART002-E-24978.jpg,9.409005165100098,-0.9005385041236877
images_224/ART002-E-24979.jpg,9.422775268554688,-0.945830225944519
images_224/ART002-E-24980.jpg,9.67004108428955,-0.9377183318138123
images_224/ART002-E-24981.jpg,9.641271591186523,-0.48511072993278503
images_224/ART002-E-24982.jpg,9.805192947387695,-0.59029620885849
images_224/ART002-E-24983.jpg,9.505786895751953,-0.9995738863945007
images_224/ART002-E-24984.jpg,9.42739486694336,-0.9443641901016235
images_224/ART002-E-24985.jpg,9.548084259033203,-0.9766088724136353
images_224/ART002-E-24986.jpg,9.661964416503906,-0.4847412407398224
images_224/ART002-E-24987.jpg,9.875494956970215,-0.6525129675865173
images_224/ART002-E-24988.jpg,9.49246883392334,-1.0011926889419556
images_224/ART002-E-24989.jpg,9.535093307495117,-1.0222923755645752
images_224/ART002-E-24990.jpg,9.435832977294922,-0.9085897207260132
images_224/ART002-E-24991.jpg,9.703526496887207,-0.5156269669532776
images_224/ART002-E-24992.jpg,12.231266021728516,-1.3567283153533936
images_224/ART002-E-24993.jpg,9.384611129760742,-0.8751082420349121
images_224/ART002-E-24994.jpg,9.414973258972168,-0.9151337146759033
images_224/ART002-E-24995.jpg,9.49709701538086,-1.017770767211914
images_224/ART002-E-24996.jpg,12.397577285766602,-1.4100348949432373
images_224/ART002-E-24997.jpg,12.497319221496582,-1.441587209701538
images_224/ART002-E-24998.jpg,9.561590194702148,-1.0533298254013062
images_224/ART002-E-24999.jpg,9.506649017333984,-0.988578200340271
images_224/ART002-E-25000.jpg,12.391226768493652,-1.4064652919769287
images_224/ART002-E-25001.jpg,12.289566993713379,-1.3768863677978516
images_224/ART002-E-25002.jpg,9.511798858642578,-1.0063812732696533
images_224/ART002-E-25003.jpg,9.51914119720459,-0.9978170394897461
images_224/ART002-E-25004.jpg,9.618776321411133,-1.1110762357711792
images_224/ART002-E-25005.jpg,12.417019844055176,-1.4169015884399414
images_224/ART002-E-25006.jpg,12.553153991699219,-1.4646635055541992
images_224/ART002-E-25007.jpg,9.570900917053223,-1.080552339553833
images_224/ART002-E-25008.jpg,9.555542945861816,-1.0563395023345947
images_224/ART002-E-25009.jpg,9.636740684509277,-1.1470057964324951
images_224/ART002-E-25010.jpg,12.520392417907715,-1.4533880949020386
images_224/ART002-E-25011.jpg,12.493330955505371,-1.437204360961914
images_224/ART002-E-25012.jpg,9.611717224121094,-1.132051944732666
images_224/ART002-E-25013.jpg,9.564229011535645,-1.0578495264053345
images_224/ART002-E-25014.jpg,9.657139778137207,-1.1806504726409912
images_224/ART002-E-25015.jpg,12.705548286437988,-1.5185009241104126
images_224/ART002-E-25016.jpg,12.605072975158691,-1.4791173934936523
images_224/ART002-E-25017.jpg,9.607695579528809,-1.1430028676986694
images_224/ART002-E-25018.jpg,9.558456420898438,-1.0315032005310059
images_224/ART002-E-25019.jpg,9.634844779968262,-1.1521213054656982
images_224/ART002-E-25020.jpg,12.704209327697754,-1.5061277151107788
images_224/ART002-E-25021.jpg,12.597805976867676,-1.4796425104141235
images_224/ART002-E-25022.jpg,9.605117797851562,-1.143438458442688
images_224/ART002-E-25023.jpg,9.562726020812988,-1.035891056060791
images_224/ART002-E-25024.jpg,9.634933471679688,-1.1541650295257568
images_224/ART002-E-25025.jpg,12.573601722717285,-1.4842318296432495
images_224/ART002-E-25026.jpg,12.586764335632324,-1.478779673576355
images_224/ART002-E-25027.jpg,9.602219581604004,-1.1211791038513184
images_224/ART002-E-25028.jpg,9.635978698730469,-1.0859076976776123
images_224/ART002-E-25029.jpg,9.63239860534668,-1.1479387283325195
images_224/ART002-E-25030.jpg,12.622307777404785,-1.4943138360977173
images_224/ART002-E-25031.jpg,12.604564666748047,-1.4883081912994385
images_224/ART002-E-25032.jpg,9.651593208312988,-1.1875208616256714
images_224/ART002-E-25033.jpg,9.685198783874512,-1.125725507736206
images_224/ART002-E-25034.jpg,9.626849174499512,-1.1373752355575562
images_224/ART002-E-25035.jpg,12.515071868896484,-1.4546929597854614
images_224/ART002-E-25036.jpg,12.51862907409668,-1.4512017965316772
images_224/ART002-E-25037.jpg,9.611449241638184,-1.129202127456665
images_224/ART002-E-25038.jpg,9.617385864257812,-1.0712981224060059
images_224/ART002-E-25039.jpg,10.734548568725586,-6.20642614364624
images_224/ART002-E-25040.jpg,12.717472076416016,-1.5346131324768066
images_224/ART002-E-25041.jpg,12.693540573120117,-1.5323835611343384
images_224/ART002-E-25042.jpg,10.752664566040039,-6.125639915466309
images_224/ART002-E-25043.jpg,9.655351638793945,-1.0992134809494019
images_224/ART002-E-25044.jpg,10.727710723876953,-6.211169242858887
images_224/ART002-E-25045.jpg,12.664199829101562,-1.4999054670333862
images_224/ART002-E-25046.jpg,10.747735977172852,-6.176903247833252
images_224/ART002-E-25047.jpg,9.655084609985352,-1.1587800979614258
images_224/ART002-E-25048.jpg,9.677142143249512,-1.1210436820983887
images_224/ART002-E-25049.jpg,10.720592498779297,-6.219259738922119
images_224/ART002-E-25050.jpg,12.885887145996094,-1.580519437789917
images_224/ART002-E-25051.jpg,13.056283950805664,-1.7151870727539062
images_224/ART002-E-25052.jpg,10.763604164123535,-6.1327314376831055
images_224/ART002-E-25053.jpg,9.756121635437012,-1.1600325107574463
images_224/ART002-E-25054.jpg,10.721273422241211,-6.227479934692383
images_224/ART002-E-25055.jpg,12.83811092376709,-1.5598574876785278
images_224/ART002-E-25056.jpg,10.730791091918945,-6.209341526031494
images_224/ART002-E-25057.jpg,10.759299278259277,-6.08755350112915
images_224/ART002-E-25058.jpg,9.97043514251709,-1.2920414209365845
images_224/ART002-E-25059.jpg,10.72220516204834,-6.241679668426514
images_224/ART002-E-25060.jpg,12.884551048278809,-1.584528923034668
images_224/ART002-E-25061.jpg,13.028024673461914,-1.6931016445159912
images_224/ART002-E-25062.jpg,10.0576753616333,-1.5393929481506348
images_224/ART002-E-25063.jpg,9.940378189086914,-1.270189881324768
images_224/ART002-E-25064.jpg,10.716350555419922,-6.246862411499023
images_224/ART002-E-25065.jpg,12.894871711730957,-1.5885369777679443
images_224/ART002-E-25066.jpg,12.996270179748535,-1.7073993682861328
images_224/ART002-E-25067.jpg,10.774676322937012,-6.11926794052124
images_224/ART002-E-25068.jpg,10.036662101745605,-1.3583401441574097
images_224/ART002-E-25069.jpg,10.713616371154785,-6.249948024749756
images_224/ART002-E-25070.jpg,12.893723487854004,-1.5825048685073853
images_224/ART002-E-25071.jpg,13.06264591217041,-1.7167267799377441
images_224/ART002-E-25072.jpg,10.08810806274414,-1.4992872476577759
images_224/ART002-E-25073.jpg,10.057528495788574,-1.3920636177062988
images_224/ART002-E-25074.jpg,10.723456382751465,-6.241890907287598
images_224/ART002-E-25075.jpg,12.95385456085205,-1.6159610748291016
images_224/ART002-E-25076.jpg,13.057280540466309,-1.7128026485443115
images_224/ART002-E-25077.jpg,10.781214714050293,-6.122735977172852
images_224/ART002-E-25078.jpg,10.101471900939941,-1.3421469926834106
images_224/ART002-E-25079.jpg,10.674065589904785,-6.295151233673096
images_224/ART002-E-25080.jpg,12.937740325927734,-1.61204195022583
images_224/ART002-E-25081.jpg,13.087635040283203,-1.736783742904663
images_224/ART002-E-25082.jpg,10.806736946105957,-6.154941082000732
images_224/ART002-E-25083.jpg,10.129919052124023,-1.3473271131515503
images_224/ART002-E-25084.jpg,10.708805084228516,-6.263767242431641
images_224/ART002-E-25085.jpg,12.910794258117676,-1.5973228216171265
images_224/ART002-E-25086.jpg,13.115975379943848,-1.7670791149139404
images_224/ART002-E-25087.jpg,10.786458015441895,-6.117976188659668
images_224/ART002-E-25088.jpg,10.099358558654785,-1.3427081108093262
images_224/ART002-E-25089.jpg,10.709882736206055,-6.262215614318848
images_224/ART002-E-25090.jpg,12.876296997070312,-1.5674761533737183
images_224/ART002-E-25091.jpg,13.060858726501465,-1.7125425338745117
images_224/ART002-E-25092.jpg,10.785500526428223,-6.134903430938721
images_224/ART002-E-25093.jpg,10.154202461242676,-1.3832871913909912
images_224/ART002-E-25094.jpg,10.710917472839355,-6.262910842895508
images_224/ART002-E-25095.jpg,12.99186897277832,-1.6464709043502808
images_224/ART002-E-25096.jpg,13.086543083190918,-1.7343038320541382
images_224/ART002-E-25097.jpg,10.784703254699707,-6.129571437835693
images_224/ART002-E-25098.jpg,10.105583190917969,-1.3462350368499756
images_224/ART002-E-25099.jpg,10.71304988861084,-6.257297992706299
images_224/ART002-E-25100.jpg,12.930721282958984,-1.6053608655929565
images_224/ART002-E-25101.jpg,13.072534561157227,-1.7226957082748413
images_224/ART002-E-25102.jpg,10.799783706665039,-6.100727558135986
images_224/ART002-E-25103.jpg,10.103062629699707,-1.36149263381958
images_224/ART002-E-25104.jpg,10.71558666229248,-6.253171443939209
images_224/ART002-E-25105.jpg,12.928108215332031,-1.6043020486831665
images_224/ART002-E-25106.jpg,13.084798812866211,-1.739014744758606
images_224/ART002-E-25107.jpg,10.775348663330078,-6.153250217437744
images_224/ART002-E-25108.jpg,10.107281684875488,-1.3462761640548706
images_224/ART002-E-25109.jpg,10.752680778503418,-6.209991931915283
images_224/ART002-E-25110.jpg,12.955185890197754,-1.6239649057388306
images_224/ART002-E-25111.jpg,13.056818962097168,-1.7181543111801147
images_224/ART002-E-25112.jpg,10.781044006347656,-6.1477952003479
images_224/ART002-E-25113.jpg,10.107230186462402,-1.3390426635742188
images_224/ART002-E-25114.jpg,10.711183547973633,-6.261997699737549
images_224/ART002-E-25115.jpg,12.941186904907227,-1.614461898803711
images_224/ART002-E-25116.jpg,13.017582893371582,-1.6724650859832764
images_224/ART002-E-25117.jpg,10.789119720458984,-6.135803699493408
images_224/ART002-E-25118.jpg,10.10311222076416,-1.3414841890335083
images_224/ART002-E-25119.jpg,10.71772575378418,-6.25068473815918
images_224/ART002-E-25120.jpg,12.961844444274902,-1.6281427145004272
images_224/ART002-E-25121.jpg,13.076784133911133,-1.7205607891082764
images_224/ART002-E-25122.jpg,10.779583930969238,-6.0645647048950195
images_224/ART002-E-25123.jpg,10.106184005737305,-1.350877046585083
images_224/ART002-E-25124.jpg,10.754054069519043,-6.19544792175293
images_224/ART002-E-25125.jpg,12.955917358398438,-1.6119074821472168
images_224/ART002-E-25126.jpg,13.095284461975098,-1.7498667240142822
images_224/ART002-E-25127.jpg,10.786614418029785,-6.079432964324951
images_224/ART002-E-25128.jpg,10.103153228759766,-1.358843207359314
images_224/ART002-E-25129.jpg,10.72323226928711,-6.24699592590332
images_224/ART002-E-25130.jpg,12.935514450073242,-1.6071540117263794
images_224/ART002-E-25131.jpg,10.7987642288208,-6.066706657409668
images_224/ART002-E-25132.jpg,10.126937866210938,-1.3193711042404175
images_224/ART002-E-25133.jpg,10.712628364562988,-6.25814151763916
images_224/ART002-E-25134.jpg,12.937126159667969,-1.6074068546295166
images_224/ART002-E-25135.jpg,13.121011734008789,-1.7353169918060303
images_224/ART002-E-25136.jpg,10.779430389404297,-6.150016784667969
images_224/ART002-E-25137.jpg,10.108782768249512,-1.3419501781463623
images_224/ART002-E-25138.jpg,10.717728614807129,-6.247586250305176
images_224/ART002-E-25139.jpg,12.935078620910645,-1.6036860942840576
images_224/ART002-E-25140.jpg,13.085949897766113,-1.7390865087509155
images_224/ART002-E-25141.jpg,10.782744407653809,-6.13084602355957
images_224/ART002-E-25142.jpg,10.118555068969727,-1.3752033710479736
images_224/ART002-E-25143.jpg,4.7884111404418945,-7.400187969207764
images_224/ART002-E-25144.jpg,5.112166881561279,-7.923058032989502
images_224/ART002-E-25145.jpg,6.070079803466797,-8.844310760498047
images_224/ART002-E-25146.jpg,7.71809720993042,-9.93763542175293
images_224/ART002-E-25149.jpg,7.832695007324219,-9.843795776367188
images_224/ART002-E-25150.jpg,7.786163806915283,-8.817126274108887
images_224/ART002-E-25157.jpg,5.238081932067871,-8.036140441894531
images_224/ART002-E-25167.jpg,6.353116512298584,-8.258585929870605
images_224/ART002-E-25170.jpg,7.356448173522949,-9.278522491455078
images_224/ART002-E-25180.jpg,7.514528751373291,-9.965417861938477
images_224/ART002-E-25181.jpg,4.9430766105651855,-7.505500793457031
images_224/ART002-E-25185.jpg,5.780262470245361,-7.951325416564941
images_224/ART002-E-25186.jpg,5.637804985046387,-7.8463311195373535
images_224/ART002-E-25190.jpg,4.94746732711792,-7.819225311279297
images_224/ART002-E-25196.jpg,6.179872512817383,-8.603360176086426
images_224/ART002-E-25197.jpg,14.261112213134766,-2.0382080078125
images_224/ART002-E-25199.jpg,14.231632232666016,-2.0081892013549805
images_224/ART002-E-25235.jpg,3.7988686561584473,-2.9152300357818604
images_224/ART002-E-25236.jpg,13.533465385437012,-10.140955924987793
images_224/ART002-E-25237.jpg,13.442703247070312,-10.237931251525879
images_224/ART002-E-25238.jpg,13.546674728393555,-10.037109375
images_224/ART002-E-25239.jpg,13.529031753540039,-10.05178165435791
images_224/ART002-E-25240.jpg,13.459391593933105,-10.176868438720703
images_224/ART002-E-25241.jpg,13.323680877685547,-9.876155853271484
images_224/ART002-E-25242.jpg,3.5411570072174072,-5.1559529304504395
images_224/ART002-E-25252.jpg,6.7228617668151855,-8.91927719116211
images_224/ART002-E-25253.jpg,14.2399320602417,-2.0139381885528564
images_224/ART002-E-25254.jpg,14.247848510742188,-2.019841194152832
images_224/ART002-E-25256.jpg,4.636988639831543,-7.2337846755981445
images_224/ART002-E-25259.jpg,6.351576805114746,-8.865897178649902
images_224/ART002-E-25260.jpg,7.5629754066467285,-9.18647289276123
images_224/ART002-E-25261.jpg,4.197920799255371,-6.61835241317749
images_224/ART002-E-25262.jpg,5.454325199127197,-8.207209587097168
images_224/ART002-E-25280.jpg,6.815787315368652,-9.011676788330078
images_224/ART002-E-253.jpg,18.01333236694336,15.36995792388916
images_224/ART002-E-25310.jpg,5.701466083526611,-8.192100524902344
images_224/ART002-E-25313.jpg,6.472132682800293,-8.638812065124512
images_224/ART002-E-25314.jpg,5.6505842208862305,-7.851154804229736
images_224/ART002-E-25315.jpg,7.109630584716797,-9.482117652893066
images_224/ART002-E-25316.jpg,5.256412506103516,-8.009988784790039
images_224/ART002-E-25318.jpg,6.2461628913879395,-8.670387268066406
images_224/ART002-E-25319.jpg,5.678920269012451,-7.847808837890625
images_224/ART002-E-25320.jpg,4.821816444396973,-7.661104679107666
images_224/ART002-E-25321.jpg,5.352669715881348,-7.9112420082092285
images_224/ART002-E-25333.jpg,15.509871482849121,-2.687300443649292
images_224/ART002-E-25334.jpg,15.533773422241211,-2.705414056777954
images_224/ART002-E-25335.jpg,15.47802734375,-2.647827386856079
images_224/ART002-E-25336.jpg,15.512309074401855,-2.692796230316162
images_224/ART002-E-25337.jpg,15.512834548950195,-2.7002532482147217
images_224/ART002-E-25338.jpg,15.512102127075195,-2.678539276123047
images_224/ART002-E-25339.jpg,15.449891090393066,-2.639742136001587
images_224/ART002-E-25340.jpg,15.444573402404785,-2.657702684402466
images_224/ART002-E-25341.jpg,15.505044937133789,-2.6038858890533447
images_224/ART002-E-25471.jpg,5.362936973571777,-8.007771492004395
images_224/ART002-E-25472.jpg,3.955179214477539,-5.272747993469238
images_224/ART002-E-25473.jpg,6.389390468597412,-6.166854381561279
images_224/ART002-E-25474.jpg,6.364932060241699,-6.1482062339782715
images_224/ART002-E-25475.jpg,6.374487400054932,-6.176301956176758
images_224/ART002-E-25476.jpg,6.4092864990234375,-6.170501232147217
images_224/ART002-E-25477.jpg,6.39506196975708,-6.169501781463623
images_224/ART002-E-25478.jpg,6.393777847290039,-6.169433116912842
images_224/ART002-E-25479.jpg,6.3843817710876465,-6.174433708190918
images_224/ART002-E-25480.jpg,6.384348392486572,-6.167827606201172
images_224/ART002-E-25481.jpg,6.382422924041748,-6.1782426834106445
images_224/ART002-E-25482.jpg,3.1984829902648926,-0.26346445083618164
images_224/ART002-E-25483.jpg,6.418547630310059,-6.217769622802734
images_224/ART002-E-25484.jpg,3.1827831268310547,-0.2643255591392517
images_224/ART002-E-25485.jpg,3.188899278640747,-0.26041725277900696
images_224/ART002-E-25486.jpg,3.196316719055176,-0.26003751158714294
images_224/ART002-E-25487.jpg,3.177431106567383,-0.2860119342803955
images_224/ART002-E-25488.jpg,3.1807656288146973,-0.2599376142024994
images_224/ART002-E-25489.jpg,3.197854518890381,-0.25830352306365967
images_224/ART002-E-25490.jpg,3.1620676517486572,-0.2634185254573822
images_224/ART002-E-25491.jpg,3.1413846015930176,-0.3142593801021576
images_224/ART002-E-25492.jpg,3.1229240894317627,-0.3180222809314728
images_224/ART002-E-25493.jpg,3.152686595916748,-0.30581018328666687
images_224/ART002-E-25494.jpg,4.863783359527588,-6.543072700500488
images_224/ART002-E-25495.jpg,3.14638352394104,-0.3245677053928375
images_224/ART002-E-25496.jpg,3.1361379623413086,-0.29002225399017334
images_224/ART002-E-25497.jpg,3.133249521255493,-0.31349828839302063
images_224/ART002-E-25498.jpg,3.0906224250793457,-0.3326210677623749
images_224/ART002-E-25499.jpg,3.1400485038757324,-0.3252313435077667
images_224/ART002-E-25500.jpg,3.14042067527771,-0.3235376477241516
images_224/ART002-E-25501.jpg,3.144606828689575,-0.3323556184768677
images_224/ART002-E-25502.jpg,3.1315841674804688,-0.29938915371894836
images_224/ART002-E-25503.jpg,3.112330913543701,-0.30427342653274536
images_224/ART002-E-25504.jpg,3.1002936363220215,-0.3100082278251648
images_224/ART002-E-25505.jpg,3.082643508911133,-0.24407440423965454
images_224/ART002-E-25506.jpg,3.140310525894165,-0.2907010614871979
images_224/ART002-E-25507.jpg,3.1029860973358154,-0.2719423472881317
images_224/ART002-E-25508.jpg,3.077157497406006,-0.36182594299316406
images_224/ART002-E-25509.jpg,3.140573263168335,-0.3165086805820465
images_224/ART002-E-25510.jpg,3.1394453048706055,-0.32601457834243774
images_224/ART002-E-25511.jpg,3.105093479156494,-0.28482291102409363
images_224/ART002-E-25512.jpg,3.1363275051116943,-0.29907622933387756
images_224/ART002-E-25513.jpg,3.1323204040527344,-0.30779311060905457
images_224/ART002-E-25514.jpg,3.1762638092041016,-0.34906789660453796
images_224/ART002-E-25515.jpg,3.1429247856140137,-0.32587116956710815
images_224/ART002-E-25516.jpg,3.109041452407837,-0.3015182614326477
images_224/ART002-E-25517.jpg,3.1404407024383545,-0.29967910051345825
images_224/ART002-E-25518.jpg,3.13858699798584,-0.2895078957080841
images_224/ART002-E-25519.jpg,3.0676660537719727,-0.4329785108566284
images_224/ART002-E-25520.jpg,3.1514360904693604,-0.33666449785232544
images_224/ART002-E-25521.jpg,3.1985745429992676,-0.3901050090789795
images_224/ART002-E-25522.jpg,3.1907482147216797,-0.3802218735218048
images_224/ART002-E-25523.jpg,3.1741881370544434,-0.3841516375541687
images_224/ART002-E-25524.jpg,3.1789114475250244,-0.39027631282806396
images_224/ART002-E-25525.jpg,3.1889517307281494,-0.3806665539741516
images_224/ART002-E-25526.jpg,3.1741693019866943,-0.39545387029647827
images_224/ART002-E-25527.jpg,3.174461603164673,-0.39494025707244873
images_224/ART002-E-25528.jpg,3.1463749408721924,-0.4129885137081146
images_224/ART002-E-25529.jpg,3.182011604309082,-0.44574159383773804
images_224/ART002-E-25531.jpg,3.2133874893188477,-0.4688895344734192
images_224/ART002-E-25532.jpg,3.2127764225006104,-0.4673648476600647
images_224/ART002-E-25533.jpg,3.2144782543182373,-0.47480785846710205
images_224/ART002-E-25534.jpg,3.228696584701538,-0.49999645352363586
images_224/ART002-E-25535.jpg,3.2248945236206055,-0.4926241934299469
images_224/ART002-E-25536.jpg,3.2466330528259277,-0.522074282169342
images_224/ART002-E-25537.jpg,3.234652519226074,-0.5179784893989563
images_224/ART002-E-25538.jpg,3.22617244720459,-0.5020473003387451
images_224/ART002-E-25539.jpg,3.227163076400757,-0.4993680417537689
images_224/ART002-E-25540.jpg,3.284489154815674,-0.6658110618591309
images_224/ART002-E-25541.jpg,3.973039150238037,-2.617257833480835
images_224/ART002-E-25542.jpg,3.809892416000366,-2.8798556327819824
images_224/ART002-E-25543.jpg,3.8728413581848145,-2.7989871501922607
images_224/ART002-E-25544.jpg,3.8779335021972656,-2.785191297531128
images_224/ART002-E-25545.jpg,3.833629608154297,-2.8940701484680176
images_224/ART002-E-25546.jpg,3.8618736267089844,-2.8058013916015625
images_224/ART002-E-25547.jpg,3.8097145557403564,-2.9010841846466064
images_224/ART002-E-25548.jpg,3.798950433731079,-2.8921730518341064
images_224/ART002-E-25549.jpg,3.913323402404785,-2.741560697555542
images_224/ART002-E-25550.jpg,3.994816780090332,-2.679316520690918
images_224/ART002-E-25551.jpg,3.7721664905548096,-2.928079605102539
images_224/ART002-E-25552.jpg,3.8169565200805664,-2.866774559020996
images_224/ART002-E-25553.jpg,3.9849016666412354,-2.665712833404541
images_224/ART002-E-25554.jpg,3.821852922439575,-2.8514320850372314
images_224/ART002-E-25555.jpg,3.8634564876556396,-2.800902843475342
images_224/ART002-E-25556.jpg,3.790107011795044,-2.881464958190918
images_224/ART002-E-25557.jpg,3.897792100906372,-2.7707884311676025
images_224/ART002-E-25558.jpg,3.971301794052124,-2.6757445335388184
images_224/ART002-E-25559.jpg,3.7924160957336426,-2.8787949085235596
images_224/ART002-E-25560.jpg,3.803579568862915,-2.8664045333862305
images_224/ART002-E-25561.jpg,3.8392815589904785,-2.8340163230895996
images_224/ART002-E-25562.jpg,3.9853594303131104,-2.674999475479126
images_224/ART002-E-25563.jpg,4.002008438110352,-2.653926372528076
images_224/ART002-E-25564.jpg,3.992936849594116,-2.6573526859283447
images_224/ART002-E-25565.jpg,3.977588415145874,-2.6758899688720703
images_224/ART002-E-25567.jpg,3.848989248275757,-2.817026138305664
images_224/ART002-E-25568.jpg,3.972553014755249,-2.6855592727661133
images_224/ART002-E-25569.jpg,3.827587127685547,-2.8534433841705322
images_224/ART002-E-25570.jpg,3.9833383560180664,-2.6702687740325928
images_224/ART002-E-25571.jpg,3.7972798347473145,-2.879810333251953
images_224/ART002-E-25572.jpg,4.007678031921387,-2.6526663303375244
images_224/ART002-E-25573.jpg,3.7925329208374023,-2.887941598892212
images_224/ART002-E-25574.jpg,3.9112284183502197,-2.7554938793182373
images_224/ART002-E-25575.jpg,3.9621918201446533,-2.6761505603790283
images_224/ART002-E-25576.jpg,3.893348217010498,-2.7757811546325684
images_224/ART002-E-25577.jpg,3.854339838027954,-2.839808225631714
images_224/ART002-E-25578.jpg,3.7836241722106934,-2.904157876968384
images_224/ART002-E-25579.jpg,3.9535813331604004,-2.7064590454101562
images_224/ART002-E-25580.jpg,4.032619476318359,-2.6589481830596924
images_224/ART002-E-25581.jpg,3.9847464561462402,-2.672701597213745
images_224/ART002-E-25582.jpg,4.015990734100342,-2.6531848907470703
images_224/ART002-E-25583.jpg,3.8832685947418213,-2.795271635055542
images_224/ART002-E-25584.jpg,3.90748929977417,-2.7505404949188232
images_224/ART002-E-25585.jpg,4.017810821533203,-2.6745619773864746
images_224/ART002-E-25586.jpg,3.9628984928131104,-2.7109737396240234
images_224/ART002-E-25587.jpg,3.933957576751709,-2.741283416748047
images_224/ART002-E-25588.jpg,3.884046792984009,-2.788391590118408
images_224/ART002-E-25589.jpg,3.9133284091949463,-2.7699368000030518
images_224/ART002-E-25590.jpg,4.431391716003418,-5.055837631225586
images_224/ART002-E-25591.jpg,4.8279805183410645,-7.447699546813965
images_224/ART002-E-25592.jpg,4.904033660888672,-7.622836589813232
images_224/ART002-E-25593.jpg,7.294875144958496,-9.592978477478027
images_224/ART002-E-25594.jpg,5.7255330085754395,-7.919271469116211
images_224/ART002-E-25599.jpg,7.318949222564697,-9.139193534851074
images_224/ART002-E-257.jpg,18.012094497680664,15.371593475341797
images_224/ART002-E-25801.jpg,11.155580520629883,13.934183120727539
images_224/ART002-E-25802.jpg,12.125895500183105,11.571551322937012
images_224/ART002-E-25803.jpg,12.015419960021973,11.381940841674805
images_224/ART002-E-25804.jpg,12.149142265319824,11.69039249420166
images_224/ART002-E-25805.jpg,12.17692756652832,11.748108863830566
images_224/ART002-E-25806.jpg,12.195871353149414,11.731542587280273
images_224/ART002-E-25807.jpg,12.068695068359375,11.503419876098633
images_224/ART002-E-25808.jpg,11.630152702331543,11.996868133544922
images_224/ART002-E-25809.jpg,11.559805870056152,12.02607250213623
images_224/ART002-E-25810.jpg,11.176329612731934,11.874407768249512
images_224/ART002-E-25811.jpg,11.524604797363281,11.94196891784668
images_224/ART002-E-25812.jpg,11.481973648071289,11.930031776428223
images_224/ART002-E-25813.jpg,6.943273544311523,-9.644417762756348
images_224/ART002-E-25814.jpg,11.529159545898438,7.8046674728393555
images_224/ART002-E-25815.jpg,10.254313468933105,6.925018787384033
images_224/ART002-E-25816.jpg,10.066481590270996,6.835649490356445
images_224/ART002-E-25817.jpg,12.008965492248535,7.986120223999023
images_224/ART002-E-25818.jpg,10.402461051940918,6.814267158508301
images_224/ART002-E-25904.jpg,11.554168701171875,10.865547180175781
images_224/ART002-E-25905.jpg,11.549225807189941,10.903656959533691
images_224/ART002-E-25906.jpg,11.472940444946289,11.414216041564941
images_224/ART002-E-25907.jpg,11.590229034423828,10.851059913635254
images_224/ART002-E-25908.jpg,11.590478897094727,10.885885238647461
images_224/ART002-E-25909.jpg,11.377839088439941,11.40899658203125
images_224/ART002-E-25910.jpg,11.552389144897461,10.834684371948242
images_224/ART002-E-25911.jpg,11.667603492736816,10.922501564025879
images_224/ART002-E-25912.jpg,11.599221229553223,11.071578025817871
images_224/ART002-E-25913.jpg,12.157145500183105,11.6030912399292
images_224/ART002-E-25914.jpg,11.411279678344727,10.819559097290039
images_224/ART002-E-25915.jpg,11.543384552001953,11.16689395904541
images_224/ART002-E-25916.jpg,11.625460624694824,10.906352996826172
images_224/ART002-E-25917.jpg,11.62302303314209,7.920854568481445
images_224/ART002-E-25918.jpg,11.5930814743042,7.845682621002197
images_224/ART002-E-25919.jpg,11.848708152770996,7.904760837554932
images_224/ART002-E-25920.jpg,12.167402267456055,7.573533058166504
images_224/ART002-E-25921.jpg,12.317509651184082,7.3487701416015625
images_224/ART002-E-25922.jpg,12.062518119812012,7.7709879875183105
images_224/ART002-E-25923.jpg,11.78466510772705,7.90067720413208
images_224/ART002-E-25924.jpg,10.41302490234375,4.745636463165283
images_224/ART002-E-25925.jpg,11.892775535583496,7.78786039352417
images_224/ART002-E-25926.jpg,12.029539108276367,7.005322456359863
images_224/ART002-E-25927.jpg,12.197952270507812,7.0955095291137695
images_224/ART002-E-25928.jpg,11.930556297302246,6.780529022216797
images_224/ART002-E-25929.jpg,12.276062965393066,7.173213005065918
images_224/ART002-E-25930.jpg,12.339276313781738,7.18314266204834
images_224/ART002-E-25931.jpg,12.128918647766113,6.9948248863220215
images_224/ART002-E-25932.jpg,12.5538911819458,7.277678489685059
images_224/ART002-E-25933.jpg,12.433464050292969,7.244626045227051
images_224/ART002-E-25934.jpg,12.630086898803711,7.331007957458496
images_224/ART002-E-25935.jpg,12.356986045837402,7.139437675476074
images_224/ART002-E-25936.jpg,12.375955581665039,7.25089693069458
images_224/ART002-E-25937.jpg,11.489611625671387,6.342462539672852
images_224/ART002-E-25938.jpg,11.283693313598633,6.138086795806885
images_224/ART002-E-25939.jpg,11.047106742858887,5.577184677124023
images_224/ART002-E-25940.jpg,11.315443992614746,6.145886421203613
images_224/ART002-E-25941.jpg,9.004257202148438,6.877437114715576
images_224/ART002-E-25942.jpg,8.909257888793945,6.721729755401611
images_224/ART002-E-25943.jpg,9.019920349121094,6.973077774047852
images_224/ART002-E-25944.jpg,12.314205169677734,7.216298580169678
images_224/ART002-E-25945.jpg,12.820591926574707,7.685390949249268
images_224/ART002-E-25946.jpg,12.562438011169434,7.293375492095947
images_224/ART002-E-25947.jpg,12.925604820251465,7.377396583557129
images_224/ART002-E-25948.jpg,12.933112144470215,7.737814426422119
images_224/ART002-E-25949.jpg,12.902286529541016,7.24630069732666
images_224/ART002-E-25950.jpg,13.059745788574219,6.959169864654541
images_224/ART002-E-25951.jpg,13.151057243347168,6.814538478851318
images_224/ART002-E-25952.jpg,13.12180233001709,6.983368873596191
images_224/ART002-E-25953.jpg,15.936781883239746,7.465483665466309
images_224/ART002-E-25954.jpg,13.883111000061035,6.483903408050537
images_224/ART002-E-25955.jpg,15.992573738098145,7.527615070343018
images_224/ART002-E-25956.jpg,11.937187194824219,7.828386306762695
images_224/ART002-E-25957.jpg,11.588762283325195,7.768165111541748
images_224/ART002-E-25958.jpg,11.914834022521973,7.888683319091797
images_224/ART002-E-25959.jpg,11.803513526916504,7.993535995483398
images_224/ART002-E-25960.jpg,11.625161170959473,7.842134475708008
images_224/ART002-E-25961.jpg,11.943740844726562,7.863436698913574
images_224/ART002-E-25962.jpg,10.207438468933105,8.170320510864258
images_224/ART002-E-25963.jpg,10.21004581451416,8.132028579711914
images_224/ART002-E-25964.jpg,10.050432205200195,8.00461483001709
images_224/ART002-E-25965.jpg,15.047065734863281,5.329310417175293
images_224/ART002-E-25966.jpg,14.898066520690918,5.3732404708862305
images_224/ART002-E-25967.jpg,14.803618431091309,5.733174800872803
images_224/ART002-E-25968.jpg,15.246112823486328,5.3209686279296875
images_224/ART002-E-25969.jpg,15.203908920288086,5.358203411102295
images_224/ART002-E-25970.jpg,15.349457740783691,5.283629894256592
images_224/ART002-E-25971.jpg,14.91238784790039,5.682465553283691
images_224/ART002-E-25972.jpg,12.930371284484863,3.357842445373535
images_224/ART002-E-25973.jpg,15.143677711486816,5.640708923339844
images_224/ART002-E-25974.jpg,8.027859687805176,6.848878860473633
images_224/ART002-E-25975.jpg,8.17099666595459,6.767159938812256
images_224/ART002-E-25976.jpg,8.015033721923828,7.1849684715271
images_224/ART002-E-25977.jpg,8.114174842834473,6.941984176635742
images_224/ART002-E-25978.jpg,8.193721771240234,6.898264408111572
images_224/ART002-E-25979.jpg,8.043288230895996,7.120027542114258
images_224/ART002-E-25980.jpg,7.966648578643799,7.13928747177124
images_224/ART002-E-25981.jpg,7.99088191986084,6.836292743682861
images_224/ART002-E-25982.jpg,8.011780738830566,7.285666465759277
images_224/ART002-E-25983.jpg,8.006678581237793,7.177880764007568
images_224/ART002-E-25984.jpg,8.07032585144043,6.820338726043701
images_224/ART002-E-25985.jpg,8.135409355163574,7.573310852050781
images_224/ART002-E-25986.jpg,8.20040225982666,7.295236587524414
images_224/ART002-E-25987.jpg,7.9619832038879395,6.287503719329834
images_224/ART002-E-25988.jpg,8.258110046386719,7.403495788574219
images_224/ART002-E-25989.jpg,8.33161735534668,7.287666320800781
images_224/ART002-E-25990.jpg,8.034771919250488,6.628020286560059
images_224/ART002-E-25991.jpg,8.665606498718262,7.499766826629639
images_224/ART002-E-25992.jpg,8.350706100463867,7.431388854980469
images_224/ART002-E-25993.jpg,8.409834861755371,7.206968784332275
images_224/ART002-E-25994.jpg,8.31846809387207,7.532423496246338
images_224/ART002-E-25995.jpg,8.463674545288086,7.488180160522461
images_224/ART002-E-25996.jpg,8.501935005187988,7.424136638641357
images_224/ART002-E-25997.jpg,8.466034889221191,7.4985833168029785
images_224/ART002-E-25998.jpg,8.250553131103516,7.086754322052002
images_224/ART002-E-25999.jpg,8.00899887084961,6.248985767364502
images_224/ART002-E-26000.jpg,8.25481128692627,7.271543979644775
images_224/ART002-E-26001.jpg,8.154126167297363,7.135878086090088
images_224/ART002-E-26002.jpg,8.184534072875977,6.994485855102539
images_224/ART002-E-26003.jpg,8.136204719543457,7.2719268798828125
images_224/ART002-E-26004.jpg,7.926082134246826,7.18036413192749
images_224/ART002-E-26005.jpg,7.919508934020996,6.3383870124816895
images_224/ART002-E-26006.jpg,7.984992504119873,7.249361515045166
images_224/ART002-E-26007.jpg,7.952497959136963,7.098601818084717
images_224/ART002-E-26008.jpg,8.016094207763672,6.747437953948975
images_224/ART002-E-26009.jpg,7.8691864013671875,7.176839828491211
images_224/ART002-E-26010.jpg,8.16494083404541,6.8849687576293945
images_224/ART002-E-26011.jpg,7.928163051605225,5.8332953453063965
images_224/ART002-E-26012.jpg,8.025431632995605,7.04673433303833
images_224/ART002-E-26013.jpg,8.485079765319824,6.540186882019043
images_224/ART002-E-26014.jpg,8.38436508178711,5.990760803222656
images_224/ART002-E-26015.jpg,8.580236434936523,6.60671329498291
images_224/ART002-E-26016.jpg,8.603081703186035,6.570974349975586
images_224/ART002-E-26017.jpg,8.459851264953613,5.897871494293213
images_224/ART002-E-26018.jpg,8.604222297668457,6.634411811828613
images_224/ART002-E-26019.jpg,8.678217887878418,6.439424514770508
images_224/ART002-E-26020.jpg,8.709059715270996,6.115654945373535
images_224/ART002-E-26021.jpg,8.640926361083984,6.574601173400879
images_224/ART002-E-26022.jpg,9.150955200195312,6.122781753540039
images_224/ART002-E-26023.jpg,10.398353576660156,5.037228107452393
images_224/ART002-E-26024.jpg,11.015836715698242,6.4762349128723145
images_224/ART002-E-26025.jpg,11.335902214050293,6.112107276916504
images_224/ART002-E-26026.jpg,11.137723922729492,5.679389476776123
images_224/ART002-E-26027.jpg,11.371938705444336,6.199974060058594
images_224/ART002-E-26028.jpg,12.476649284362793,7.23645544052124
images_224/ART002-E-26029.jpg,12.388799667358398,7.211569786071777
images_224/ART002-E-26030.jpg,12.472214698791504,7.214269161224365
images_224/ART002-E-26031.jpg,12.632716178894043,7.32411003112793
images_224/ART002-E-26032.jpg,12.423927307128906,7.247297286987305
images_224/ART002-E-26033.jpg,12.509121894836426,7.236465930938721
images_224/ART002-E-26034.jpg,8.006260871887207,7.107269287109375
images_224/ART002-E-26035.jpg,7.9261884689331055,6.121095657348633
images_224/ART002-E-26036.jpg,7.9589715003967285,7.2758469581604
images_224/ART002-E-26037.jpg,8.917884826660156,6.268040657043457
images_224/ART002-E-26038.jpg,10.421667098999023,4.774050712585449
images_224/ART002-E-26039.jpg,8.67173957824707,6.590178966522217
images_224/ART002-E-26040.jpg,7.098115921020508,-9.739678382873535
images_224/ART002-E-261.jpg,18.013765335083008,15.368748664855957
images_224/ART002-E-26172.jpg,7.928316116333008,-8.88671875
images_224/ART002-E-26174.jpg,6.780745029449463,-8.423201560974121
images_224/ART002-E-26175.jpg,4.116949558258057,-6.545780658721924
images_224/ART002-E-26176.jpg,8.071393013000488,-9.285573959350586
images_224/ART002-E-26179.jpg,7.615109443664551,-9.036121368408203
images_224/ART002-E-26180.jpg,7.800935745239258,-9.86720085144043
images_224/ART002-E-26184.jpg,4.718931198120117,-3.9603521823883057
images_224/ART002-E-26185.jpg,3.6745316982269287,-3.6873254776000977
images_224/ART002-E-26186.jpg,3.7075605392456055,-3.6604137420654297
images_224/ART002-E-26187.jpg,4.289289951324463,-5.020951271057129
images_224/ART002-E-26188.jpg,3.6804392337799072,-3.6671435832977295
images_224/ART002-E-26189.jpg,3.7263858318328857,-3.6288325786590576
images_224/ART002-E-26190.jpg,7.064528465270996,-9.37612533569336
images_224/ART002-E-26191.jpg,5.3953752517700195,-7.9007887840271
images_224/ART002-E-26195.jpg,7.999706745147705,-9.36449909210205
images_224/ART002-E-26196.jpg,7.567947864532471,-9.997321128845215
images_224/ART002-E-26197.jpg,7.375317573547363,-9.846769332885742
images_224/ART002-E-26198.jpg,7.075786590576172,-9.702189445495605
images_224/ART002-E-26199.jpg,7.179440021514893,-9.719051361083984
images_224/ART002-E-26200.jpg,7.042740821838379,-9.629072189331055
images_224/ART002-E-26201.jpg,7.528791427612305,-9.968893051147461
images_224/ART002-E-26202.jpg,7.258076190948486,-9.778840065002441
images_224/ART002-E-26203.jpg,7.249384880065918,-9.773767471313477
images_224/ART002-E-26204.jpg,7.57950496673584,-9.636409759521484
images_224/ART002-E-26205.jpg,6.979602813720703,-9.440694808959961
images_224/ART002-E-26206.jpg,7.10194206237793,-9.78227424621582
images_224/ART002-E-26207.jpg,6.990060806274414,-8.966094970703125
images_224/ART002-E-26208.jpg,6.7416887283325195,-9.112571716308594
images_224/ART002-E-26209.jpg,7.891550064086914,-9.487611770629883
images_224/ART002-E-26210.jpg,7.057982921600342,-9.636492729187012
images_224/ART002-E-26214.jpg,5.823780059814453,-8.59884262084961
images_224/ART002-E-26215.jpg,7.856989860534668,-9.526322364807129
images_224/ART002-E-26216.jpg,7.728879928588867,-9.80983829498291
images_224/ART002-E-26217.jpg,7.444516181945801,-9.813924789428711
images_224/ART002-E-26218.jpg,7.998093128204346,-9.731855392456055
images_224/ART002-E-26228.jpg,7.454999923706055,-9.915069580078125
images_224/ART002-E-26229.jpg,7.00128173828125,-9.619218826293945
images_224/ART002-E-26248.jpg,7.442948818206787,-9.088915824890137
images_224/ART002-E-26253.jpg,7.827550411224365,-9.489749908447266
images_224/ART002-E-26257.jpg,7.87502384185791,-9.508999824523926
images_224/ART002-E-26258.jpg,7.837186813354492,-9.552865028381348
images_224/ART002-E-265.jpg,18.008438110351562,15.37299633026123
images_224/ART002-E-268.jpg,18.01264762878418,15.37003231048584
images_224/ART002-E-272.jpg,18.01047134399414,15.373104095458984
images_224/ART002-E-276.jpg,18.006973266601562,15.376123428344727
images_224/ART002-E-27727.jpg,7.709157943725586,-3.1019554138183594
images_224/ART002-E-27728.jpg,7.693426609039307,-3.1279332637786865
images_224/ART002-E-27729.jpg,7.76874303817749,-3.0633559226989746
images_224/ART002-E-27730.jpg,7.7486491203308105,-3.0777485370635986
images_224/ART002-E-27731.jpg,7.746201515197754,-3.0781056880950928
images_224/ART002-E-27732.jpg,7.77829122543335,-3.053636074066162
images_224/ART002-E-27733.jpg,7.611298084259033,-3.0941126346588135
images_224/ART002-E-27734.jpg,7.66428804397583,-3.123401641845703
images_224/ART002-E-27735.jpg,7.690184593200684,-3.031970739364624
images_224/ART002-E-27736.jpg,7.752732276916504,-3.0289697647094727
images_224/ART002-E-27737.jpg,7.81011962890625,-2.96819806098938
images_224/ART002-E-27738.jpg,7.733820915222168,-3.073899745941162
images_224/ART002-E-27739.jpg,7.761666297912598,-2.981811761856079
images_224/ART002-E-27740.jpg,7.7712531089782715,-2.9575791358947754
images_224/ART002-E-27741.jpg,7.737938404083252,-3.0139732360839844
images_224/ART002-E-27742.jpg,7.742927551269531,-2.9804162979125977
images_224/ART002-E-27755.jpg,3.222324848175049,-4.752538681030273
images_224/ART002-E-27786.jpg,13.579930305480957,-10.469605445861816
images_224/ART002-E-27787.jpg,13.562638282775879,-10.459216117858887
images_224/ART002-E-27788.jpg,13.54629898071289,-10.449913024902344
images_224/ART002-E-27789.jpg,13.571207046508789,-10.479864120483398
images_224/ART002-E-27790.jpg,13.565263748168945,-10.46010971069336
images_224/ART002-E-27791.jpg,13.588537216186523,-10.48428726196289
images_224/ART002-E-27792.jpg,13.573774337768555,-10.438599586486816
images_224/ART002-E-27793.jpg,13.586994171142578,-10.494174003601074
images_224/ART002-E-27794.jpg,13.581616401672363,-10.482335090637207
images_224/ART002-E-27795.jpg,13.529009819030762,-10.052371978759766
images_224/ART002-E-27796.jpg,13.636390686035156,-9.867073059082031
images_224/ART002-E-27798.jpg,13.468997955322266,-10.187395095825195
images_224/ART002-E-27799.jpg,13.605755805969238,-9.914885520935059
images_224/ART002-E-27800.jpg,13.627967834472656,-9.92967700958252
images_224/ART002-E-27843.jpg,14.677651405334473,-2.4760427474975586
images_224/ART002-E-27844.jpg,14.645766258239746,-2.450657844543457
images_224/ART002-E-27845.jpg,14.665141105651855,-2.4689173698425293
images_224/ART002-E-27846.jpg,14.703511238098145,-2.4827373027801514
images_224/ART002-E-27847.jpg,14.709383964538574,-2.5052263736724854
images_224/ART002-E-27848.jpg,14.726811408996582,-2.509460210800171
images_224/ART002-E-27849.jpg,15.168963432312012,-2.623086929321289
images_224/ART002-E-27850.jpg,14.719557762145996,-2.4829583168029785
images_224/ART002-E-27851.jpg,14.789400100708008,-2.5216104984283447
images_224/ART002-E-27852.jpg,14.827970504760742,-2.531304121017456
images_224/ART002-E-27853.jpg,14.733680725097656,-2.495149612426758
images_224/ART002-E-27854.jpg,15.503718376159668,-2.7382211685180664
images_224/ART002-E-27855.jpg,15.37758731842041,-2.693265914916992
images_224/ART002-E-27856.jpg,15.35478687286377,-2.688018560409546
images_224/ART002-E-27857.jpg,15.395456314086914,-2.668052911758423
images_224/ART002-E-27858.jpg,15.349774360656738,-2.7024052143096924
images_224/ART002-E-27859.jpg,15.421473503112793,-2.695958137512207
images_224/ART002-E-27860.jpg,15.43837833404541,-2.688520908355713
images_224/ART002-E-27861.jpg,15.42257308959961,-2.6896982192993164
images_224/ART002-E-27862.jpg,15.414896965026855,-2.6880040168762207
images_224/ART002-E-27863.jpg,15.417375564575195,-2.670034408569336
images_224/ART002-E-27864.jpg,15.40482234954834,-2.6855075359344482
images_224/ART002-E-27865.jpg,15.419038772583008,-2.686225414276123
images_224/ART002-E-27866.jpg,15.432535171508789,-2.6832780838012695
images_224/ART002-E-27887.jpg,6.962838649749756,-3.902118444442749
images_224/ART002-E-27888.jpg,6.95389986038208,-3.913398504257202
images_224/ART002-E-27889.jpg,6.947455406188965,-3.9171876907348633
images_224/ART002-E-27890.jpg,6.988985061645508,-3.9125008583068848
images_224/ART002-E-280.jpg,17.98870086669922,15.388623237609863
images_224/ART002-E-28147.jpg,3.748120069503784,-3.6253890991210938
images_224/ART002-E-28153.jpg,13.417184829711914,-10.270817756652832
images_224/ART002-E-28154.jpg,13.474833488464355,-10.22347640991211
images_224/ART002-E-28155.jpg,13.456704139709473,-10.173547744750977
images_224/ART002-E-28156.jpg,13.485365867614746,-10.200796127319336
images_224/ART002-E-28157.jpg,13.463787078857422,-10.220904350280762
images_224/ART002-E-28158.jpg,13.481682777404785,-10.195672988891602
images_224/ART002-E-28159.jpg,13.377164840698242,-10.356110572814941
images_224/ART002-E-28160.jpg,13.53246021270752,-10.133525848388672
images_224/ART002-E-28161.jpg,13.308173179626465,-9.824624061584473
images_224/ART002-E-28162.jpg,13.470398902893066,-10.187765121459961
images_224/ART002-E-28163.jpg,13.453903198242188,-10.173662185668945
images_224/ART002-E-28164.jpg,13.478740692138672,-10.211719512939453
images_224/ART002-E-28165.jpg,13.539740562438965,-10.184267044067383
images_224/ART002-E-28166.jpg,13.47055435180664,-10.21931266784668
images_224/ART002-E-28167.jpg,13.525383949279785,-10.391596794128418
images_224/ART002-E-28168.jpg,13.502852439880371,-10.179009437561035
images_224/ART002-E-28169.jpg,13.462302207946777,-10.274487495422363
images_224/ART002-E-28170.jpg,13.432741165161133,-10.310614585876465
images_224/ART002-E-28171.jpg,13.495746612548828,-10.195514678955078
images_224/ART002-E-28172.jpg,13.455236434936523,-10.239242553710938
images_224/ART002-E-28173.jpg,13.22100830078125,-9.761945724487305
images_224/ART002-E-28174.jpg,13.196208953857422,-9.748311042785645
images_224/ART002-E-28175.jpg,13.224751472473145,-9.765083312988281
images_224/ART002-E-28176.jpg,13.190264701843262,-9.732964515686035
images_224/ART002-E-28177.jpg,13.213088035583496,-9.765706062316895
images_224/ART002-E-28178.jpg,13.215500831604004,-9.764444351196289
images_224/ART002-E-28179.jpg,13.205710411071777,-9.754692077636719
images_224/ART002-E-28180.jpg,13.204610824584961,-9.7536039352417
images_224/ART002-E-28181.jpg,13.2177095413208,-9.758842468261719
images_224/ART002-E-28182.jpg,13.204361915588379,-9.75201416015625
images_224/ART002-E-28183.jpg,13.242029190063477,-9.741263389587402
images_224/ART002-E-28184.jpg,13.273633003234863,-9.79318904876709
images_224/ART002-E-28185.jpg,13.271347045898438,-9.778615951538086
images_224/ART002-E-28186.jpg,13.344958305358887,-9.814268112182617
images_224/ART002-E-28187.jpg,13.241371154785156,-9.773326873779297
images_224/ART002-E-28188.jpg,13.341323852539062,-9.835389137268066
images_224/ART002-E-28189.jpg,13.206692695617676,-9.809115409851074
images_224/ART002-E-28190.jpg,13.250177383422852,-9.81431770324707
images_224/ART002-E-28191.jpg,13.302894592285156,-9.80064582824707
images_224/ART002-E-28192.jpg,13.267599105834961,-9.792105674743652
images_224/ART002-E-28193.jpg,13.269083976745605,-9.77739429473877
images_224/ART002-E-28194.jpg,13.219562530517578,-9.754057884216309
images_224/ART002-E-28195.jpg,13.279516220092773,-9.792262077331543
images_224/ART002-E-28196.jpg,13.223970413208008,-9.764359474182129
images_224/ART002-E-28197.jpg,13.252766609191895,-9.786484718322754
images_224/ART002-E-28198.jpg,13.241020202636719,-9.787125587463379
images_224/ART002-E-28199.jpg,13.266007423400879,-9.810425758361816
images_224/ART002-E-28200.jpg,13.254387855529785,-9.788326263427734
images_224/ART002-E-28201.jpg,13.272204399108887,-9.798595428466797
images_224/ART002-E-28202.jpg,13.224817276000977,-9.765181541442871
images_224/ART002-E-28203.jpg,13.302973747253418,-9.806519508361816
images_224/ART002-E-28204.jpg,13.293697357177734,-9.819260597229004
images_224/ART002-E-28205.jpg,13.646370887756348,-9.871806144714355
images_224/ART002-E-28206.jpg,13.670787811279297,-9.873042106628418
images_224/ART002-E-28207.jpg,13.673795700073242,-9.86726188659668
images_224/ART002-E-28208.jpg,13.680418968200684,-9.865547180175781
images_224/ART002-E-28209.jpg,13.663898468017578,-9.843816757202148
images_224/ART002-E-28210.jpg,13.655545234680176,-9.85398006439209
images_224/ART002-E-28211.jpg,13.655122756958008,-9.87181282043457
images_224/ART002-E-28212.jpg,13.647154808044434,-9.84138011932373
images_224/ART002-E-28213.jpg,13.666939735412598,-9.843839645385742
images_224/ART002-E-28214.jpg,13.640161514282227,-9.881091117858887
images_224/ART002-E-28215.jpg,13.638819694519043,-9.849617004394531
images_224/ART002-E-28216.jpg,13.6275053024292,-9.848855972290039
images_224/ART002-E-28217.jpg,13.662220001220703,-9.845505714416504
images_224/ART002-E-28218.jpg,13.646636962890625,-9.853705406188965
images_224/ART002-E-28219.jpg,13.613957405090332,-9.853643417358398
images_224/ART002-E-28220.jpg,13.600939750671387,-9.870247840881348
images_224/ART002-E-28221.jpg,13.51336669921875,-9.975034713745117
images_224/ART002-E-28222.jpg,13.630521774291992,-9.844996452331543
images_224/ART002-E-28223.jpg,13.60856819152832,-9.886127471923828
images_224/ART002-E-28224.jpg,13.590551376342773,-9.899863243103027
images_224/ART002-E-28225.jpg,13.5997953414917,-9.940351486206055
images_224/ART002-E-28226.jpg,13.571049690246582,-9.88868522644043
images_224/ART002-E-28227.jpg,13.583035469055176,-9.90770149230957
images_224/ART002-E-28228.jpg,13.658961296081543,-9.93002986907959
images_224/ART002-E-28229.jpg,13.669218063354492,-9.944915771484375
images_224/ART002-E-28230.jpg,13.643837928771973,-9.929414749145508
images_224/ART002-E-28231.jpg,13.623576164245605,-9.915224075317383
images_224/ART002-E-28232.jpg,13.61623477935791,-9.889737129211426
images_224/ART002-E-28233.jpg,13.65219783782959,-9.890616416931152
images_224/ART002-E-28234.jpg,13.604178428649902,-9.918530464172363
images_224/ART002-E-28235.jpg,13.69239330291748,-9.958754539489746
images_224/ART002-E-28236.jpg,13.62104320526123,-9.8699312210083
images_224/ART002-E-28237.jpg,13.937752723693848,-10.200082778930664
images_224/ART002-E-28238.jpg,13.885618209838867,-10.105010032653809
images_224/ART002-E-28239.jpg,13.90383243560791,-10.159836769104004
images_224/ART002-E-28240.jpg,13.864227294921875,-10.138343811035156
images_224/ART002-E-28241.jpg,7.194705486297607,-3.8157031536102295
images_224/ART002-E-28242.jpg,13.322903633117676,-9.835392951965332
images_224/ART002-E-28243.jpg,13.259313583374023,-9.83899974822998
images_224/ART002-E-28244.jpg,13.59329891204834,-9.90567684173584
images_224/ART002-E-28245.jpg,13.553863525390625,-9.96872329711914
images_224/ART002-E-28246.jpg,13.575091361999512,-9.894861221313477
images_224/ART002-E-28247.jpg,13.609275817871094,-9.919940948486328
images_224/ART002-E-28248.jpg,13.653483390808105,-9.879073143005371
images_224/ART002-E-28249.jpg,13.632743835449219,-9.848567008972168
images_224/ART002-E-28250.jpg,13.622191429138184,-9.893470764160156
images_224/ART002-E-28251.jpg,13.61875057220459,-9.918402671813965
images_224/ART002-E-28252.jpg,13.587589263916016,-9.892680168151855
images_224/ART002-E-28253.jpg,13.586784362792969,-9.90802001953125
images_224/ART002-E-28254.jpg,13.570098876953125,-9.906682968139648
images_224/ART002-E-28255.jpg,13.590682983398438,-9.91128158569336
images_224/ART002-E-28256.jpg,13.543319702148438,-9.90462589263916
images_224/ART002-E-28257.jpg,13.527649879455566,-9.968574523925781
images_224/ART002-E-28258.jpg,13.570895195007324,-9.904541015625
images_224/ART002-E-28259.jpg,13.471805572509766,-9.855961799621582
images_224/ART002-E-28260.jpg,13.502575874328613,-9.928960800170898
images_224/ART002-E-28261.jpg,13.533331871032715,-9.862147331237793
images_224/ART002-E-28262.jpg,13.447742462158203,-9.835777282714844
images_224/ART002-E-28263.jpg,13.459789276123047,-9.844576835632324
images_224/ART002-E-28264.jpg,13.411262512207031,-9.821578979492188
images_224/ART002-E-28265.jpg,13.44229793548584,-9.837642669677734
images_224/ART002-E-28266.jpg,13.448485374450684,-9.851601600646973
images_224/ART002-E-28267.jpg,13.448709487915039,-9.861255645751953
images_224/ART002-E-28268.jpg,13.393378257751465,-9.832965850830078
images_224/ART002-E-28269.jpg,14.044379234313965,-10.755040168762207
images_224/ART002-E-28270.jpg,14.053154945373535,-10.768814086914062
images_224/ART002-E-28271.jpg,13.91342830657959,-10.186832427978516
images_224/ART002-E-28272.jpg,13.918066024780273,-10.172228813171387
images_224/ART002-E-28273.jpg,13.90061092376709,-10.147342681884766
images_224/ART002-E-28274.jpg,13.896531105041504,-10.170334815979004
images_224/ART002-E-28275.jpg,13.920398712158203,-10.153233528137207
images_224/ART002-E-28276.jpg,7.098020553588867,-2.5670695304870605
images_224/ART002-E-28277.jpg,14.032463073730469,-10.759729385375977
images_224/ART002-E-28278.jpg,14.050037384033203,-10.771844863891602
images_224/ART002-E-28279.jpg,14.034528732299805,-10.7526273727417
images_224/ART002-E-28280.jpg,14.04607105255127,-10.765875816345215
images_224/ART002-E-28281.jpg,14.043152809143066,-10.768574714660645
images_224/ART002-E-28282.jpg,14.053400993347168,-10.770753860473633
images_224/ART002-E-28283.jpg,14.053319931030273,-10.767281532287598
images_224/ART002-E-28284.jpg,14.057252883911133,-10.773153305053711
images_224/ART002-E-28285.jpg,14.045598030090332,-10.75544261932373
images_224/ART002-E-28286.jpg,14.055583953857422,-10.780832290649414
images_224/ART002-E-28287.jpg,14.055399894714355,-10.77242374420166
images_224/ART002-E-28288.jpg,14.049506187438965,-10.768388748168945
images_224/ART002-E-28289.jpg,14.048048973083496,-10.76882553100586
images_224/ART002-E-28290.jpg,13.651494979858398,-10.516539573669434
images_224/ART002-E-28291.jpg,13.593912124633789,-10.444010734558105
images_224/ART002-E-28292.jpg,14.006728172302246,-10.754197120666504
images_224/ART002-E-28293.jpg,13.986812591552734,-10.73906421661377
images_224/ART002-E-28294.jpg,14.021418571472168,-10.76535415649414
images_224/ART002-E-28295.jpg,14.002418518066406,-10.752933502197266
images_224/ART002-E-28296.jpg,14.018549919128418,-10.734749794006348
images_224/ART002-E-28297.jpg,14.037407875061035,-10.739801406860352
images_224/ART002-E-28298.jpg,6.730212211608887,-4.636405944824219
images_224/ART002-E-28299.jpg,13.785463333129883,-10.602761268615723
images_224/ART002-E-28300.jpg,13.802637100219727,-10.611625671386719
images_224/ART002-E-284.jpg,17.99226188659668,15.393978118896484
images_224/ART002-E-28493.jpg,15.293067932128906,-2.7149205207824707
images_224/ART002-E-28494.jpg,15.184139251708984,-2.8339507579803467
images_224/ART002-E-28495.jpg,15.05047607421875,-2.8577475547790527
images_224/ART002-E-28496.jpg,14.988539695739746,-2.8901774883270264
images_224/ART002-E-28497.jpg,14.972074508666992,-2.8189399242401123
images_224/ART002-E-28498.jpg,15.101705551147461,-2.8470206260681152
images_224/ART002-E-28499.jpg,15.122987747192383,-2.8881595134735107
images_224/ART002-E-28731.jpg,12.162949562072754,11.615806579589844
images_224/ART002-E-28732.jpg,11.753233909606934,11.692239761352539
images_224/ART002-E-28733.jpg,12.322575569152832,11.798598289489746
images_224/ART002-E-28734.jpg,11.245790481567383,14.076752662658691
images_224/ART002-E-28735.jpg,11.23994255065918,14.05969524383545
images_224/ART002-E-28736.jpg,11.21845817565918,14.040143966674805
images_224/ART002-E-28737.jpg,11.480719566345215,14.007758140563965
images_224/ART002-E-28738.jpg,11.349077224731445,14.10986042022705
images_224/ART002-E-28739.jpg,11.679789543151855,13.629076957702637
images_224/ART002-E-28740.jpg,11.386335372924805,13.894198417663574
images_224/ART002-E-28741.jpg,11.325846672058105,14.023534774780273
images_224/ART002-E-28742.jpg,11.676868438720703,13.720887184143066
images_224/ART002-E-28743.jpg,11.91116714477539,11.886344909667969
images_224/ART002-E-28744.jpg,11.730993270874023,11.725884437561035
images_224/ART002-E-28745.jpg,12.27579402923584,11.86315631866455
images_224/ART002-E-28746.jpg,11.707785606384277,11.75925064086914
images_224/ART002-E-28747.jpg,12.300702095031738,11.76040267944336
images_224/ART002-E-28748.jpg,12.091747283935547,11.84688663482666
images_224/ART002-E-28749.jpg,11.777376174926758,11.731712341308594
images_224/ART002-E-28750.jpg,12.342697143554688,11.880069732666016
images_224/ART002-E-28751.jpg,12.127180099487305,11.799110412597656
images_224/ART002-E-28752.jpg,11.76111888885498,11.6892671585083
images_224/ART002-E-28753.jpg,12.290386199951172,11.86217212677002
images_224/ART002-E-28754.jpg,11.813643455505371,11.718575477600098
images_224/ART002-E-28755.jpg,12.231790542602539,11.911262512207031
images_224/ART002-E-28756.jpg,11.69137954711914,11.656044960021973
images_224/ART002-E-28757.jpg,11.758109092712402,11.740058898925781
images_224/ART002-E-28758.jpg,12.28020191192627,11.870820045471191
images_224/ART002-E-28759.jpg,11.960641860961914,11.760024070739746
images_224/ART002-E-28760.jpg,11.878297805786133,11.770275115966797
images_224/ART002-E-28761.jpg,12.249774932861328,11.902077674865723
images_224/ART002-E-28762.jpg,6.525909900665283,-4.7108988761901855
images_224/ART002-E-28763.jpg,6.469339370727539,-4.720601558685303
images_224/ART002-E-28764.jpg,6.496192455291748,-4.717278957366943
images_224/ART002-E-28765.jpg,11.771463394165039,11.752774238586426
images_224/ART002-E-28766.jpg,12.242215156555176,11.863287925720215
images_224/ART002-E-28767.jpg,12.1934232711792,11.745162010192871
images_224/ART002-E-28768.jpg,11.765045166015625,11.730696678161621
images_224/ART002-E-28769.jpg,12.32583236694336,11.823808670043945
images_224/ART002-E-28770.jpg,12.168028831481934,11.803380012512207
images_224/ART002-E-28771.jpg,11.779398918151855,11.731305122375488
images_224/ART002-E-28772.jpg,12.259077072143555,11.769344329833984
images_224/ART002-E-28773.jpg,12.126945495605469,11.754969596862793
images_224/ART002-E-28774.jpg,11.783210754394531,11.69797134399414
images_224/ART002-E-28775.jpg,12.329200744628906,11.809659957885742
images_224/ART002-E-28776.jpg,12.104313850402832,11.79812240600586
images_224/ART002-E-28777.jpg,11.790963172912598,11.734601974487305
images_224/ART002-E-28778.jpg,12.312904357910156,11.823601722717285
images_224/ART002-E-28779.jpg,12.11556339263916,11.808576583862305
images_224/ART002-E-28780.jpg,11.794217109680176,11.734956741333008
images_224/ART002-E-28781.jpg,12.287961959838867,11.839812278747559
images_224/ART002-E-28782.jpg,12.161953926086426,11.80673599243164
images_224/ART002-E-28783.jpg,11.740669250488281,11.749176979064941
images_224/ART002-E-28784.jpg,12.28736686706543,11.854738235473633
images_224/ART002-E-28785.jpg,11.908461570739746,11.765748977661133
images_224/ART002-E-28786.jpg,11.743505477905273,11.733404159545898
images_224/ART002-E-28787.jpg,12.309000968933105,11.809966087341309
images_224/ART002-E-28788.jpg,6.418645858764648,-3.9529826641082764
images_224/ART002-E-28789.jpg,6.399534225463867,-3.9650919437408447
images_224/ART002-E-28790.jpg,6.40699577331543,-3.971142053604126
images_224/ART002-E-28791.jpg,6.471424579620361,-3.981914520263672
images_224/ART002-E-28792.jpg,6.416913032531738,-4.0032124519348145
images_224/ART002-E-28793.jpg,6.434656620025635,-4.052424430847168
images_224/ART002-E-28794.jpg,6.501316547393799,-3.9985897541046143
images_224/ART002-E-28795.jpg,6.472334861755371,-4.032066345214844
images_224/ART002-E-28796.jpg,6.464951515197754,-4.034161567687988
images_224/ART002-E-28797.jpg,6.494646072387695,-4.028718948364258
images_224/ART002-E-28798.jpg,4.72329568862915,-5.21532678604126
images_224/ART002-E-28799.jpg,4.6832499504089355,-5.199113368988037
images_224/ART002-E-288.jpg,17.979259490966797,15.408366203308105
images_224/ART002-E-28800.jpg,4.675666332244873,-5.078535079956055
images_224/ART002-E-28801.jpg,4.704674243927002,-4.856325626373291
images_224/ART002-E-28802.jpg,4.680749893188477,-4.9607954025268555
images_224/ART002-E-28803.jpg,4.6806511878967285,-5.016872406005859
images_224/ART002-E-28804.jpg,4.755151271820068,-5.175765037536621
images_224/ART002-E-28805.jpg,4.691309928894043,-5.187302589416504
images_224/ART002-E-28806.jpg,4.71255350112915,-8.308245658874512
images_224/ART002-E-28807.jpg,4.671565055847168,-5.134444236755371
images_224/ART002-E-28808.jpg,4.640163421630859,-5.12842321395874
images_224/ART002-E-28809.jpg,4.717459678649902,-4.7274861335754395
images_224/ART002-E-28810.jpg,4.697912216186523,-4.769330978393555
images_224/ART002-E-28811.jpg,4.698843479156494,-4.843869686126709
images_224/ART002-E-28812.jpg,4.622950077056885,-5.215822219848633
images_224/ART002-E-28813.jpg,4.676756381988525,-4.954505920410156
images_224/ART002-E-28814.jpg,4.67688512802124,-5.041484832763672
images_224/ART002-E-28815.jpg,4.668686389923096,-5.086913585662842
images_224/ART002-E-28816.jpg,4.706051349639893,-4.901809215545654
images_224/ART002-E-28817.jpg,4.570173740386963,-8.02629280090332
images_224/ART002-E-28818.jpg,4.595098972320557,-8.144941329956055
images_224/ART002-E-28819.jpg,4.675043106079102,-8.218096733093262
images_224/ART002-E-28820.jpg,4.6332173347473145,-8.16183090209961
images_224/ART002-E-28821.jpg,4.637874603271484,-8.175336837768555
images_224/ART002-E-28822.jpg,4.640611171722412,-8.212544441223145
images_224/ART002-E-28823.jpg,4.647739410400391,-8.224420547485352
images_224/ART002-E-28824.jpg,4.639450550079346,-8.206503868103027
images_224/ART002-E-28825.jpg,4.6490983963012695,-8.224282264709473
images_224/ART002-E-28826.jpg,4.666767597198486,-8.224528312683105
images_224/ART002-E-28827.jpg,4.674154281616211,-8.255205154418945
images_224/ART002-E-28828.jpg,4.669630527496338,-8.237031936645508
images_224/ART002-E-28829.jpg,4.6688947677612305,-8.24428939819336
images_224/ART002-E-28830.jpg,4.755959987640381,-8.332046508789062
images_224/ART002-E-28831.jpg,4.995816230773926,-8.406356811523438
images_224/ART002-E-28832.jpg,4.725863456726074,-8.304404258728027
images_224/ART002-E-28833.jpg,4.830660343170166,-8.350224494934082
images_224/ART002-E-28834.jpg,4.70400333404541,-8.257259368896484
images_224/ART002-E-28835.jpg,4.698147296905518,-8.284138679504395
images_224/ART002-E-28836.jpg,4.712906360626221,-8.266762733459473
images_224/ART002-E-28837.jpg,4.7367777824401855,-8.320914268493652
images_224/ART002-E-28838.jpg,4.761279582977295,-8.312165260314941
images_224/ART002-E-28839.jpg,4.713987350463867,-8.291423797607422
images_224/ART002-E-28840.jpg,4.731872081756592,-8.299516677856445
images_224/ART002-E-28841.jpg,4.6799116134643555,-8.257528305053711
images_224/ART002-E-28842.jpg,4.720303535461426,-8.302179336547852
images_224/ART002-E-28843.jpg,5.186964511871338,-8.38212776184082
images_224/ART002-E-28844.jpg,4.711976051330566,-8.272908210754395
images_224/ART002-E-28845.jpg,4.711363315582275,-8.281291007995605
images_224/ART002-E-28846.jpg,4.718001365661621,-8.303889274597168
images_224/ART002-E-28847.jpg,4.677884578704834,-8.254467010498047
images_224/ART002-E-28848.jpg,4.7247185707092285,-8.29630184173584
images_224/ART002-E-28849.jpg,4.7270097732543945,-8.26341724395752
images_224/ART002-E-28850.jpg,4.661962509155273,-8.203495979309082
images_224/ART002-E-28851.jpg,4.676278114318848,-8.256958961486816
images_224/ART002-E-28852.jpg,4.943937301635742,-8.396892547607422
images_224/ART002-E-28853.jpg,4.660625457763672,-8.201302528381348
images_224/ART002-E-28854.jpg,6.2364959716796875,-5.20585823059082
images_224/ART002-E-28855.jpg,4.730445384979248,-8.297296524047852
images_224/ART002-E-28856.jpg,4.7132954597473145,-8.290063858032227
images_224/ART002-E-28857.jpg,4.63805627822876,-5.44548225402832
images_224/ART002-E-28858.jpg,4.662537574768066,-8.257889747619629
images_224/ART002-E-28859.jpg,4.657957553863525,-8.188846588134766
images_224/ART002-E-28860.jpg,4.650990009307861,-8.198789596557617
images_224/ART002-E-28861.jpg,4.663372039794922,-5.502586841583252
images_224/ART002-E-28862.jpg,4.611236095428467,-5.364804744720459
images_224/ART002-E-28863.jpg,4.694334506988525,-4.767269134521484
images_224/ART002-E-28864.jpg,4.689887523651123,-4.826613903045654
images_224/ART002-E-28865.jpg,4.6733479499816895,-8.225503921508789
images_224/ART002-E-28866.jpg,4.718479633331299,-8.264461517333984
images_224/ART002-E-28867.jpg,4.773721694946289,-8.3054780960083
images_224/ART002-E-28868.jpg,5.206277847290039,-8.427107810974121
images_224/ART002-E-28869.jpg,5.321328639984131,-8.486130714416504
images_224/ART002-E-28870.jpg,5.301555156707764,-8.477641105651855
images_224/ART002-E-28871.jpg,5.323422908782959,-8.48573112487793
images_224/ART002-E-28872.jpg,5.288240432739258,-8.276652336120605
images_224/ART002-E-28873.jpg,5.228248596191406,-8.227810859680176
images_224/ART002-E-28874.jpg,5.287644386291504,-8.36886978149414
images_224/ART002-E-28875.jpg,5.302566051483154,-8.323359489440918
images_224/ART002-E-28876.jpg,5.2895402908325195,-8.400701522827148
images_224/ART002-E-28877.jpg,4.888185501098633,-8.37806224822998
images_224/ART002-E-28878.jpg,5.086839199066162,-8.41628646850586
images_224/ART002-E-28879.jpg,4.961677074432373,-8.43290901184082
images_224/ART002-E-28880.jpg,4.953886985778809,-8.414910316467285
images_224/ART002-E-29120.jpg,13.51649284362793,-10.055503845214844
images_224/ART002-E-29121.jpg,13.514793395996094,-9.992805480957031
images_224/ART002-E-29190.jpg,10.36075496673584,12.165873527526855
images_224/ART002-E-29191.jpg,10.371260643005371,12.154916763305664
images_224/ART002-E-29192.jpg,10.382234573364258,12.148160934448242
images_224/ART002-E-29193.jpg,10.377717971801758,12.158679008483887
images_224/ART002-E-29194.jpg,10.377366065979004,12.16006088256836
images_224/ART002-E-29195.jpg,10.373858451843262,12.156685829162598
images_224/ART002-E-29196.jpg,16.235977172851562,12.211775779724121
images_224/ART002-E-29197.jpg,16.23613166809082,12.211706161499023
images_224/ART002-E-29198.jpg,16.235998153686523,12.21171760559082
images_224/ART002-E-29199.jpg,16.237085342407227,12.208844184875488
images_224/ART002-E-29200.jpg,16.236284255981445,12.211663246154785
images_224/ART002-E-29201.jpg,16.236190795898438,12.211536407470703
images_224/ART002-E-29202.jpg,16.233549118041992,12.213229179382324
images_224/ART002-E-29203.jpg,15.800345420837402,13.522647857666016
images_224/ART002-E-29204.jpg,15.80582046508789,13.52800464630127
images_224/ART002-E-29205.jpg,15.799152374267578,13.518211364746094
images_224/ART002-E-29206.jpg,15.811359405517578,13.543841361999512
images_224/ART002-E-29207.jpg,15.77649974822998,13.4979887008667
images_224/ART002-E-29208.jpg,15.803080558776855,13.524171829223633
images_224/ART002-E-29209.jpg,15.816961288452148,13.540369033813477
images_224/ART002-E-29210.jpg,15.938011169433594,13.648707389831543
images_224/ART002-E-29211.jpg,15.903928756713867,13.615747451782227
images_224/ART002-E-29212.jpg,0.22842007875442505,11.340486526489258
images_224/ART002-E-29213.jpg,0.22855694591999054,11.340290069580078
images_224/ART002-E-29214.jpg,0.22847168147563934,11.340424537658691
images_224/ART002-E-29215.jpg,0.2285282164812088,11.340327262878418
images_224/ART002-E-29216.jpg,0.22848546504974365,11.340343475341797
images_224/ART002-E-29217.jpg,0.22857090830802917,11.340446472167969
images_224/ART002-E-29218.jpg,0.2285393476486206,11.340386390686035
images_224/ART002-E-29219.jpg,0.22844646871089935,11.340399742126465
images_224/ART002-E-29220.jpg,0.2285240739583969,11.340373039245605
images_224/ART002-E-29221.jpg,0.22848352789878845,11.340373039245605
images_224/ART002-E-29222.jpg,0.2285321205854416,11.340354919433594
images_224/ART002-E-29223.jpg,0.22850874066352844,11.340399742126465
images_224/ART002-E-29224.jpg,0.22851166129112244,11.340404510498047
images_224/ART002-E-29225.jpg,0.22855481505393982,11.340364456176758
images_224/ART002-E-29226.jpg,0.22852498292922974,11.34036922454834
images_224/ART002-E-29227.jpg,7.9269795417785645,12.181966781616211
images_224/ART002-E-29228.jpg,11.564786911010742,11.619731903076172
images_224/ART002-E-29229.jpg,11.273418426513672,10.711357116699219
images_224/ART002-E-29230.jpg,7.630208969116211,12.08133316040039
images_224/ART002-E-29231.jpg,11.529407501220703,11.568792343139648
images_224/ART002-E-29232.jpg,11.16989517211914,10.679532051086426
images_224/ART002-E-29233.jpg,7.274660587310791,11.930301666259766
images_224/ART002-E-29234.jpg,11.509173393249512,11.527434349060059
images_224/ART002-E-29235.jpg,11.333985328674316,10.757086753845215
images_224/ART002-E-29236.jpg,7.212008476257324,11.902424812316895
images_224/ART002-E-29237.jpg,7.223147392272949,11.911148071289062
images_224/ART002-E-29238.jpg,7.290475368499756,11.93759536743164
images_224/ART002-E-29239.jpg,7.161078929901123,11.884390830993652
images_224/ART002-E-29240.jpg,7.207867622375488,11.907370567321777
images_224/ART002-E-29241.jpg,7.233498573303223,11.916749000549316
images_224/ART002-E-29242.jpg,7.157206058502197,11.880512237548828
images_224/ART002-E-29243.jpg,7.2124505043029785,11.907280921936035
images_224/ART002-E-29244.jpg,7.174584865570068,11.885587692260742
images_224/ART002-E-29245.jpg,7.2219462394714355,11.908737182617188
images_224/ART002-E-29246.jpg,7.139515399932861,11.859404563903809
images_224/ART002-E-29247.jpg,7.249843120574951,11.921985626220703
images_224/ART002-E-29248.jpg,7.161354064941406,11.879536628723145
images_224/ART002-E-29249.jpg,7.1764678955078125,11.888527870178223
images_224/ART002-E-29250.jpg,7.230693340301514,11.913398742675781
images_224/ART002-E-29251.jpg,7.250008583068848,11.92659854888916
images_224/ART002-E-29252.jpg,7.196836471557617,11.900240898132324
images_224/ART002-E-29253.jpg,7.411649227142334,12.006302833557129
images_224/ART002-E-29254.jpg,7.260692596435547,11.927370071411133
images_224/ART002-E-29255.jpg,7.354774475097656,11.968132019042969
images_224/ART002-E-29256.jpg,7.3593058586120605,11.976511001586914
images_224/ART002-E-29257.jpg,7.362832069396973,11.975729942321777
images_224/ART002-E-29258.jpg,7.387543201446533,11.984760284423828
images_224/ART002-E-29259.jpg,7.365633487701416,11.984045028686523
images_224/ART002-E-29260.jpg,7.393685817718506,11.997257232666016
images_224/ART002-E-29261.jpg,7.408890247344971,12.0187406539917
images_224/ART002-E-29262.jpg,7.439703941345215,12.032807350158691
images_224/ART002-E-29263.jpg,7.470725059509277,12.062949180603027
images_224/ART002-E-29264.jpg,7.520761013031006,12.090513229370117
images_224/ART002-E-29265.jpg,7.45822811126709,12.046653747558594
images_224/ART002-E-29266.jpg,7.683943271636963,12.036394119262695
images_224/ART002-E-29267.jpg,7.699602127075195,12.094057083129883
images_224/ART002-E-29268.jpg,7.840683460235596,12.118047714233398
images_224/ART002-E-29269.jpg,7.814354419708252,12.10399341583252
images_224/ART002-E-29270.jpg,7.684774398803711,12.083691596984863
images_224/ART002-E-29271.jpg,7.475225448608398,12.047202110290527
images_224/ART002-E-29272.jpg,7.379909992218018,12.000862121582031
images_224/ART002-E-29273.jpg,7.485973358154297,12.05764389038086
images_224/ART002-E-29274.jpg,7.381453037261963,11.978228569030762
images_224/ART002-E-29275.jpg,7.40146541595459,12.01126766204834
images_224/ART002-E-29276.jpg,7.461250305175781,12.033376693725586
images_224/ART002-E-29277.jpg,7.421998023986816,12.030043601989746
images_224/ART002-E-29278.jpg,7.446816444396973,12.040172576904297
images_224/ART002-E-29279.jpg,7.674284934997559,12.036972999572754
images_224/ART002-E-29280.jpg,7.7670512199401855,11.98885440826416
images_224/ART002-E-29281.jpg,7.7054123878479,12.081289291381836
images_224/ART002-E-29282.jpg,7.647497653961182,12.083462715148926
images_224/ART002-E-29283.jpg,7.687923431396484,12.097223281860352
images_224/ART002-E-29284.jpg,7.748812675476074,12.128758430480957
images_224/ART002-E-29285.jpg,7.868715286254883,12.142309188842773
images_224/ART002-E-29286.jpg,7.745936870574951,12.136015892028809
images_224/ART002-E-29287.jpg,7.78626012802124,12.167597770690918
images_224/ART002-E-29288.jpg,7.838373184204102,12.09909439086914
images_224/ART002-E-29289.jpg,7.833552360534668,12.198912620544434
images_224/ART002-E-29290.jpg,7.806493282318115,12.199609756469727
images_224/ART002-E-29291.jpg,7.86905574798584,12.146038055419922
images_224/ART002-E-29292.jpg,7.870723247528076,12.134607315063477
images_224/ART002-E-29293.jpg,7.872706413269043,12.103954315185547
images_224/ART002-E-29294.jpg,7.868148326873779,12.139941215515137
images_224/ART002-E-29295.jpg,7.869324207305908,12.126675605773926
images_224/ART002-E-29296.jpg,7.7130889892578125,12.08031177520752
images_224/ART002-E-29297.jpg,7.70797061920166,12.028521537780762
images_224/ART002-E-29298.jpg,7.756146430969238,12.105073928833008
images_224/ART002-E-29299.jpg,7.865801811218262,12.150744438171387
images_224/ART002-E-29300.jpg,7.862699031829834,12.156536102294922
images_224/ART002-E-29301.jpg,7.797848701477051,12.173148155212402
images_224/ART002-E-29302.jpg,7.755797386169434,12.16553020477295
images_224/ART002-E-29303.jpg,7.866272926330566,12.14950942993164
images_224/ART002-E-29304.jpg,7.895114898681641,12.167572975158691
images_224/ART002-E-29305.jpg,7.951751232147217,12.181328773498535
images_224/ART002-E-29306.jpg,7.969046592712402,12.160841941833496
images_224/ART002-E-29307.jpg,7.887941837310791,12.24200439453125
images_224/ART002-E-29308.jpg,7.924102306365967,12.216963768005371
images_224/ART002-E-29309.jpg,7.934732437133789,12.189558029174805
images_224/ART002-E-29310.jpg,7.861680030822754,12.269376754760742
images_224/ART002-E-29311.jpg,7.92509126663208,12.186234474182129
images_224/ART002-E-29312.jpg,7.941800594329834,12.259283065795898
images_224/ART002-E-29313.jpg,7.886307716369629,12.21059799194336
images_224/ART002-E-29314.jpg,7.9431352615356445,12.19764518737793
images_224/ART002-E-29315.jpg,7.952719688415527,12.177155494689941
images_224/ART002-E-29316.jpg,7.888760089874268,12.229731559753418
images_224/ART002-E-29317.jpg,7.8600969314575195,12.231605529785156
images_224/ART002-E-29318.jpg,7.876565933227539,12.249360084533691
images_224/ART002-E-29319.jpg,7.887752056121826,12.234891891479492
images_224/ART002-E-29320.jpg,7.89683198928833,12.255244255065918
images_224/ART002-E-29321.jpg,7.8904314041137695,12.250214576721191
images_224/ART002-E-29322.jpg,7.886598587036133,12.22029972076416
images_224/ART002-E-29323.jpg,7.886087894439697,12.261526107788086
images_224/ART002-E-29324.jpg,7.875097751617432,12.245735168457031
images_224/ART002-E-29325.jpg,7.882118225097656,12.219451904296875
images_224/ART002-E-29326.jpg,7.870786666870117,12.224596977233887
images_224/ART002-E-29327.jpg,7.90247106552124,12.253939628601074
images_224/ART002-E-29328.jpg,7.894111633300781,12.204926490783691
images_224/ART002-E-29329.jpg,7.876515865325928,12.155803680419922
images_224/ART002-E-29330.jpg,7.9170331954956055,12.157228469848633
images_224/ART002-E-29331.jpg,7.864342212677002,12.214139938354492
images_224/ART002-E-29332.jpg,7.869390487670898,12.214469909667969
images_224/ART002-E-29333.jpg,7.867387294769287,12.22863483428955
images_224/ART002-E-29334.jpg,7.8430585861206055,12.198086738586426
images_224/ART002-E-29335.jpg,7.810671329498291,12.166942596435547
images_224/ART002-E-29336.jpg,7.924537658691406,12.180901527404785
images_224/ART002-E-29337.jpg,7.86858606338501,12.208000183105469
images_224/ART002-E-29338.jpg,7.917934417724609,12.172001838684082
images_224/ART002-E-29339.jpg,7.917202472686768,12.18359661102295
images_224/ART002-E-29340.jpg,7.914388179779053,12.169822692871094
images_224/ART002-E-29341.jpg,7.873714447021484,12.218520164489746
images_224/ART002-E-29342.jpg,7.8939409255981445,12.190638542175293
images_224/ART002-E-29343.jpg,7.832414150238037,12.21640396118164
images_224/ART002-E-29344.jpg,7.840937614440918,12.198427200317383
images_224/ART002-E-29345.jpg,7.797307968139648,12.177511215209961
images_224/ART002-E-29346.jpg,7.827487945556641,12.195122718811035
images_224/ART002-E-29347.jpg,7.788347244262695,12.178082466125488
images_224/ART002-E-29348.jpg,7.790092945098877,12.168644905090332
images_224/ART002-E-29349.jpg,7.691936016082764,12.10008716583252
images_224/ART002-E-29350.jpg,7.7260565757751465,12.086532592773438
images_224/ART002-E-29351.jpg,11.930538177490234,6.784612655639648
images_224/ART002-E-29352.jpg,11.040826797485352,4.214898586273193
images_224/ART002-E-29353.jpg,11.735488891601562,6.697936058044434
images_224/ART002-E-29354.jpg,12.400053977966309,7.1571736335754395
images_224/ART002-E-29355.jpg,11.183164596557617,4.1825995445251465
images_224/ART002-E-29356.jpg,11.890796661376953,6.7000412940979
images_224/ART002-E-29357.jpg,12.505417823791504,7.2598395347595215
images_224/ART002-E-29358.jpg,11.181532859802246,4.351457118988037
images_224/ART002-E-29359.jpg,11.324100494384766,6.5080342292785645
images_224/ART002-E-29360.jpg,11.212540626525879,5.967645645141602
images_224/ART002-E-29361.jpg,11.126421928405762,5.656563758850098
images_224/ART002-E-29362.jpg,11.13216781616211,6.209249019622803
images_224/ART002-E-29363.jpg,8.981800079345703,6.418985366821289
images_224/ART002-E-29364.jpg,9.561938285827637,4.792457103729248
images_224/ART002-E-29365.jpg,8.79620361328125,6.635785102844238
images_224/ART002-E-29366.jpg,9.163000106811523,6.895130634307861
images_224/ART002-E-29367.jpg,9.610607147216797,5.239680290222168
images_224/ART002-E-29368.jpg,8.726481437683105,6.698500633239746
images_224/ART002-E-29369.jpg,12.832880973815918,7.623297691345215
images_224/ART002-E-29370.jpg,11.176912307739258,4.360674858093262
images_224/ART002-E-29371.jpg,13.791523933410645,6.5793304443359375
images_224/ART002-E-29372.jpg,15.91306209564209,7.408439636230469
images_224/ART002-E-29373.jpg,12.690495491027832,3.64095139503479
images_224/ART002-E-29374.jpg,14.018126487731934,6.532257556915283
images_224/ART002-E-29375.jpg,15.942098617553711,7.4706292152404785
images_224/ART002-E-29376.jpg,13.566988945007324,6.509896278381348
images_224/ART002-E-29377.jpg,16.002225875854492,7.485409259796143
images_224/ART002-E-29378.jpg,11.917205810546875,8.125982284545898
images_224/ART002-E-29379.jpg,10.202889442443848,4.800893306732178
images_224/ART002-E-29380.jpg,11.833301544189453,8.106022834777832
images_224/ART002-E-29381.jpg,10.825467109680176,8.177391052246094
images_224/ART002-E-29382.jpg,9.621393203735352,4.834943771362305
images_224/ART002-E-29383.jpg,10.706650733947754,8.144563674926758
images_224/ART002-E-29384.jpg,15.004252433776855,5.3640642166137695
images_224/ART002-E-29385.jpg,14.75550365447998,5.401986122131348
images_224/ART002-E-29386.jpg,14.819540023803711,6.232457160949707
images_224/ART002-E-29387.jpg,15.345890998840332,5.3428802490234375
images_224/ART002-E-29388.jpg,12.767374038696289,3.3516011238098145
images_224/ART002-E-29389.jpg,12.915632247924805,3.0811991691589355
images_224/ART002-E-29390.jpg,14.918122291564941,5.82222843170166
images_224/ART002-E-29391.jpg,12.957318305969238,3.2838456630706787
images_224/ART002-E-29392.jpg,12.934195518493652,3.095837354660034
images_224/ART002-E-29393.jpg,8.205474853515625,6.929013729095459
images_224/ART002-E-29394.jpg,7.974086284637451,6.249366760253906
images_224/ART002-E-29395.jpg,8.26566219329834,7.265833854675293
images_224/ART002-E-29396.jpg,8.037686347961426,7.151914119720459
images_224/ART002-E-29397.jpg,8.000387191772461,6.228732585906982
images_224/ART002-E-29398.jpg,8.088804244995117,7.45420503616333
images_224/ART002-E-29399.jpg,14.83132553100586,5.744797229766846
images_224/ART002-E-29400.jpg,12.924417495727539,3.3707127571105957
images_224/ART002-E-29401.jpg,12.91042423248291,3.1101245880126953
images_224/ART002-E-29402.jpg,14.908799171447754,5.6894636154174805
images_224/ART002-E-29403.jpg,12.960603713989258,3.331212043762207
images_224/ART002-E-29404.jpg,14.936229705810547,5.955496788024902
images_224/ART002-E-29405.jpg,8.3223876953125,7.489236831665039
images_224/ART002-E-29406.jpg,7.984264850616455,6.235849380493164
images_224/ART002-E-29407.jpg,8.30336856842041,7.4778642654418945
images_224/ART002-E-29408.jpg,8.297911643981934,7.358817100524902
images_224/ART002-E-29409.jpg,8.012022018432617,6.226602554321289
images_224/ART002-E-29410.jpg,8.15340805053711,7.468522071838379
images_224/ART002-E-29411.jpg,8.252821922302246,7.398900985717773
images_224/ART002-E-29412.jpg,7.956801414489746,6.2328901290893555
images_224/ART002-E-29413.jpg,8.182348251342773,7.434665203094482
images_224/ART002-E-29414.jpg,8.018226623535156,7.263540267944336
images_224/ART002-E-29415.jpg,7.971323490142822,6.243867874145508
images_224/ART002-E-29416.jpg,8.171439170837402,7.469687461853027
images_224/ART002-E-29417.jpg,8.055438041687012,7.362946033477783
images_224/ART002-E-29418.jpg,8.008456230163574,5.987136363983154
images_224/ART002-E-29419.jpg,8.17909049987793,7.4341349601745605
images_224/ART002-E-29420.jpg,8.042794227600098,7.296850681304932
images_224/ART002-E-29421.jpg,8.0174560546875,5.900251388549805
images_224/ART002-E-29422.jpg,8.047394752502441,7.361119270324707
images_224/ART002-E-29423.jpg,8.045351028442383,7.217233180999756
images_224/ART002-E-29424.jpg,8.004569053649902,6.271230697631836
images_224/ART002-E-29425.jpg,8.078705787658691,7.239411354064941
images_224/ART002-E-29426.jpg,8.306544303894043,7.201656341552734
images_224/ART002-E-29427.jpg,8.039896011352539,6.250233173370361
images_224/ART002-E-29428.jpg,8.1824312210083,7.407032489776611
images_224/ART002-E-29429.jpg,8.232222557067871,7.238462924957275
images_224/ART002-E-29430.jpg,8.020930290222168,6.2217206954956055
images_224/ART002-E-29431.jpg,8.134881019592285,7.383148193359375
images_224/ART002-E-29432.jpg,15.854945182800293,7.441000938415527
images_224/ART002-E-29433.jpg,15.883934020996094,7.459115505218506
images_224/ART002-E-29434.jpg,15.836564064025879,7.4490275382995605
images_224/ART002-E-29435.jpg,15.879703521728516,7.459818363189697
images_224/ART002-E-29436.jpg,15.875452995300293,7.449138641357422
images_224/ART002-E-29437.jpg,15.857595443725586,7.424498558044434
images_224/ART002-E-29438.jpg,15.945070266723633,7.484289169311523
images_224/ART002-E-29439.jpg,15.868492126464844,7.456083297729492
images_224/ART002-E-29440.jpg,15.917815208435059,7.4838385581970215
images_224/ART002-E-29441.jpg,16.055086135864258,7.542980670928955
images_224/ART002-E-29442.jpg,16.146900177001953,7.578869819641113
images_224/ART002-E-29443.jpg,16.154550552368164,7.568930625915527
images_224/ART002-E-29444.jpg,16.07874298095703,7.503533840179443
images_224/ART002-E-29445.jpg,16.053804397583008,7.53279447555542
images_224/ART002-E-29446.jpg,15.98076057434082,7.510376930236816
images_224/ART002-E-29447.jpg,15.879438400268555,7.459737300872803
images_224/ART002-E-29448.jpg,15.864672660827637,7.450191497802734
images_224/ART002-E-29449.jpg,15.879302024841309,7.45300817489624
images_224/ART002-E-29450.jpg,15.905333518981934,7.462496280670166
images_224/ART002-E-29451.jpg,15.9135160446167,7.467021942138672
images_224/ART002-E-29452.jpg,15.92300796508789,7.468760013580322
images_224/ART002-E-29453.jpg,15.999154090881348,7.489108562469482
images_224/ART002-E-29454.jpg,16.016496658325195,7.508491516113281
images_224/ART002-E-29455.jpg,16.216068267822266,7.6091694831848145
images_224/ART002-E-29456.jpg,16.161685943603516,7.592759132385254
images_224/ART002-E-29457.jpg,16.155879974365234,7.5779194831848145
images_224/ART002-E-29458.jpg,16.12863540649414,7.547396659851074
images_224/ART002-E-29459.jpg,16.161544799804688,7.565285682678223
images_224/ART002-E-29460.jpg,16.176328659057617,7.578245639801025
images_224/ART002-E-29461.jpg,16.207948684692383,7.671533107757568
images_224/ART002-E-29462.jpg,16.322921752929688,7.5805487632751465
images_224/ART002-E-29463.jpg,16.366771697998047,7.593658924102783
images_224/ART002-E-29464.jpg,16.38431739807129,7.5917887687683105
images_224/ART002-E-29465.jpg,16.361234664916992,7.597634792327881
images_224/ART002-E-29466.jpg,16.374462127685547,7.603480339050293
images_224/ART002-E-29467.jpg,16.383577346801758,7.5934367179870605
images_224/ART002-E-29468.jpg,16.36880111694336,7.594884395599365
images_224/ART002-E-29469.jpg,16.356496810913086,7.60024881362915
images_224/ART002-E-29470.jpg,16.345046997070312,7.582780361175537
images_224/ART002-E-29471.jpg,16.109411239624023,7.559962272644043
images_224/ART002-E-29472.jpg,15.951507568359375,7.493276119232178
images_224/ART002-E-29473.jpg,15.913822174072266,7.483467102050781
images_224/ART002-E-29474.jpg,15.947637557983398,7.484708786010742
images_224/ART002-E-29475.jpg,15.96693229675293,7.49221658706665
images_224/ART002-E-29476.jpg,16.01033592224121,7.498398780822754
images_224/ART002-E-29477.jpg,16.029396057128906,7.5067057609558105
images_224/ART002-E-29478.jpg,16.0006046295166,7.5227227210998535
images_224/ART002-E-29479.jpg,16.075450897216797,7.539111137390137
images_224/ART002-E-29480.jpg,16.03866195678711,7.539684295654297
images_224/ART002-E-29481.jpg,16.021677017211914,7.52879524230957
images_224/ART002-E-29482.jpg,16.047306060791016,7.536113739013672
images_224/ART002-E-29483.jpg,16.0123233795166,7.596687316894531
images_224/ART002-E-29484.jpg,16.00523567199707,7.50684118270874
images_224/ART002-E-29485.jpg,16.063825607299805,7.518196105957031
images_224/ART002-E-29486.jpg,16.110219955444336,7.564887046813965
images_224/ART002-E-29487.jpg,16.02525520324707,7.491153717041016
images_224/ART002-E-29488.jpg,16.158510208129883,7.543153285980225
images_224/ART002-E-29489.jpg,16.17510223388672,7.547956943511963
images_224/ART002-E-29490.jpg,16.186254501342773,7.534789085388184
images_224/ART002-E-29491.jpg,16.31362533569336,7.578143119812012
images_224/ART002-E-29492.jpg,16.33171844482422,7.570034027099609
images_224/ART002-E-29493.jpg,16.33498191833496,7.5798821449279785
images_224/ART002-E-29494.jpg,16.348154067993164,7.580569744110107
images_224/ART002-E-29495.jpg,16.329607009887695,7.585557460784912
images_224/ART002-E-29496.jpg,16.279741287231445,7.587990760803223
images_224/ART002-E-29497.jpg,16.2437744140625,7.542278289794922
images_224/ART002-E-29498.jpg,16.34600257873535,7.583098888397217
images_224/ART002-E-29499.jpg,16.303796768188477,7.580848217010498
images_224/ART002-E-29500.jpg,16.25568389892578,7.57550573348999
images_224/ART002-E-29501.jpg,16.212352752685547,7.572575092315674
images_224/ART002-E-29502.jpg,16.254959106445312,7.55879545211792
images_224/ART002-E-29503.jpg,16.26600456237793,7.560815811157227
images_224/ART002-E-29504.jpg,16.309009552001953,7.576813697814941
images_224/ART002-E-29505.jpg,16.28898811340332,7.549045562744141
images_224/ART002-E-29506.jpg,16.34535026550293,7.591711044311523
images_224/ART002-E-29507.jpg,16.376100540161133,7.599331378936768
images_224/ART002-E-29508.jpg,16.339731216430664,7.584120750427246
images_224/ART002-E-29509.jpg,16.226470947265625,7.551791191101074
images_224/ART002-E-29510.jpg,16.18891143798828,7.569969177246094
images_224/ART002-E-29511.jpg,16.126888275146484,7.537813663482666
images_224/ART002-E-29512.jpg,16.207721710205078,7.5460591316223145
images_224/ART002-E-29513.jpg,16.295589447021484,7.581214427947998
images_224/ART002-E-29514.jpg,16.373863220214844,7.589877128601074
images_224/ART002-E-29515.jpg,16.359420776367188,7.588032245635986
images_224/ART002-E-29516.jpg,16.384654998779297,7.591006755828857
images_224/ART002-E-29517.jpg,16.398710250854492,7.59669303894043
images_224/ART002-E-29518.jpg,16.3702335357666,7.585999965667725
images_224/ART002-E-29519.jpg,15.302549362182617,5.294803142547607
images_224/ART002-E-29520.jpg,15.287398338317871,5.306558132171631
images_224/ART002-E-29521.jpg,15.397103309631348,5.241629600524902
images_224/ART002-E-29522.jpg,15.395872116088867,5.260862827301025
images_224/ART002-E-29523.jpg,15.370203018188477,5.261059761047363
images_224/ART002-E-29524.jpg,15.308248519897461,5.299639701843262
images_224/ART002-E-29525.jpg,15.267775535583496,5.336365222930908
images_224/ART002-E-29526.jpg,15.309080123901367,5.285704135894775
images_224/ART002-E-29527.jpg,15.327858924865723,5.282927989959717
images_224/ART002-E-29528.jpg,15.297591209411621,5.298230171203613
images_224/ART002-E-29529.jpg,15.333739280700684,5.279214382171631
images_224/ART002-E-29530.jpg,15.38544750213623,5.245206832885742
images_224/ART002-E-29531.jpg,15.429311752319336,5.228362083435059
images_224/ART002-E-29532.jpg,15.427846908569336,5.228597164154053
images_224/ART002-E-29533.jpg,15.44565200805664,5.209376811981201
images_224/ART002-E-29534.jpg,15.406105995178223,5.243321895599365
images_224/ART002-E-29535.jpg,15.414162635803223,5.240654945373535
images_224/ART002-E-29536.jpg,15.40860366821289,5.243649005889893
images_224/ART002-E-29537.jpg,15.402749061584473,5.259350299835205
images_224/ART002-E-29538.jpg,15.388107299804688,5.225857257843018
images_224/ART002-E-29539.jpg,15.388166427612305,5.250814914703369
images_224/ART002-E-29540.jpg,15.349416732788086,5.279224395751953
images_224/ART002-E-29541.jpg,15.287878036499023,5.341409683227539
images_224/ART002-E-29542.jpg,15.360391616821289,5.267919540405273
images_224/ART002-E-29543.jpg,15.397820472717285,5.244980335235596
images_224/ART002-E-29544.jpg,15.391388893127441,5.253270626068115
images_224/ART002-E-29545.jpg,15.41252613067627,5.2482428550720215
images_224/ART002-E-29546.jpg,15.433879852294922,5.2314252853393555
images_224/ART002-E-29547.jpg,15.423203468322754,5.233061790466309
images_224/ART002-E-29548.jpg,15.442456245422363,5.222665786743164
images_224/ART002-E-29549.jpg,15.429767608642578,5.232611656188965
images_224/ART002-E-29550.jpg,15.32265853881836,5.283585548400879
images_224/ART002-E-29551.jpg,15.294492721557617,5.307907581329346
images_224/ART002-E-29552.jpg,15.299920082092285,5.293570518493652
images_224/ART002-E-29553.jpg,15.335047721862793,5.274277210235596
images_224/ART002-E-29554.jpg,15.246746063232422,5.331871032714844
images_224/ART002-E-29555.jpg,13.019575119018555,8.207734107971191
images_224/ART002-E-29556.jpg,13.035082817077637,8.209198951721191
images_224/ART002-E-29557.jpg,13.006270408630371,8.166827201843262
images_224/ART002-E-29558.jpg,13.007251739501953,8.240442276000977
images_224/ART002-E-29559.jpg,13.01761531829834,8.208220481872559
images_224/ART002-E-29560.jpg,13.0165376663208,8.179471969604492
images_224/ART002-E-29561.jpg,13.010248184204102,8.222561836242676
images_224/ART002-E-29562.jpg,13.020952224731445,8.199007987976074
images_224/ART002-E-29563.jpg,12.991554260253906,8.205225944519043
images_224/ART002-E-29564.jpg,13.012982368469238,8.20667839050293
images_224/ART002-E-29565.jpg,13.008443832397461,8.264609336853027
images_224/ART002-E-29566.jpg,12.992545127868652,8.275646209716797
images_224/ART002-E-29567.jpg,12.969412803649902,8.284442901611328
images_224/ART002-E-29568.jpg,12.966891288757324,8.293804168701172
images_224/ART002-E-29569.jpg,12.950043678283691,8.331344604492188
images_224/ART002-E-29570.jpg,12.965496063232422,8.301411628723145
images_224/ART002-E-29571.jpg,12.951289176940918,8.328661918640137
images_224/ART002-E-29572.jpg,12.96978759765625,8.300492286682129
images_224/ART002-E-29573.jpg,12.947758674621582,8.32719612121582
images_224/ART002-E-29574.jpg,12.961650848388672,8.32203483581543
images_224/ART002-E-29575.jpg,12.943381309509277,8.351716995239258
images_224/ART002-E-29576.jpg,12.90050983428955,8.394335746765137
images_224/ART002-E-29577.jpg,12.911513328552246,8.38318920135498
images_224/ART002-E-29578.jpg,12.880925178527832,8.395370483398438
images_224/ART002-E-29579.jpg,12.850202560424805,8.412517547607422
images_224/ART002-E-29580.jpg,12.856701850891113,8.437752723693848
images_224/ART002-E-29581.jpg,12.794658660888672,8.49451732635498
images_224/ART002-E-29582.jpg,12.73794937133789,8.538579940795898
images_224/ART002-E-29583.jpg,12.759127616882324,8.528533935546875
images_224/ART002-E-29584.jpg,12.72902774810791,8.56096076965332
images_224/ART002-E-29585.jpg,12.68576717376709,8.545267105102539
images_224/ART002-E-29586.jpg,12.689986228942871,8.555207252502441
images_224/ART002-E-29587.jpg,12.692712783813477,8.554668426513672
images_224/ART002-E-29588.jpg,12.688213348388672,8.55103874206543
images_224/ART002-E-29589.jpg,12.698156356811523,8.559514045715332
images_224/ART002-E-29590.jpg,12.683768272399902,8.561877250671387
images_224/ART002-E-29591.jpg,12.70740032196045,8.578707695007324
images_224/ART002-E-29592.jpg,12.700146675109863,8.56575870513916
images_224/ART002-E-29593.jpg,12.664852142333984,8.538610458374023
images_224/ART002-E-29594.jpg,12.682023048400879,8.559919357299805
images_224/ART002-E-29595.jpg,12.70681381225586,8.574065208435059
images_224/ART002-E-29596.jpg,12.701114654541016,8.570591926574707
images_224/ART002-E-29597.jpg,12.699532508850098,8.570648193359375
images_224/ART002-E-29598.jpg,11.20126724243164,5.8728461265563965
images_224/ART002-E-29599.jpg,11.286638259887695,6.1282854080200195
images_224/ART002-E-29600.jpg,11.254737854003906,6.120561599731445
images_224/ART002-E-29601.jpg,11.244133949279785,6.106196403503418
images_224/ART002-E-29602.jpg,11.270794868469238,6.102397441864014
images_224/ART002-E-29603.jpg,11.272198677062988,6.071897029876709
images_224/ART002-E-29604.jpg,11.280572891235352,6.064342021942139
images_224/ART002-E-29605.jpg,11.253304481506348,5.979969501495361
images_224/ART002-E-29606.jpg,11.240700721740723,6.010100841522217
images_224/ART002-E-29607.jpg,11.237944602966309,5.950753688812256
images_224/ART002-E-29608.jpg,11.247583389282227,5.969892978668213
images_224/ART002-E-29609.jpg,11.222424507141113,5.899007320404053
images_224/ART002-E-29610.jpg,11.242096900939941,5.945998668670654
images_224/ART002-E-29611.jpg,11.180085182189941,5.866643905639648
images_224/ART002-E-29612.jpg,11.1802396774292,5.8574090003967285
images_224/ART002-E-29613.jpg,11.18625259399414,5.870244979858398
images_224/ART002-E-29614.jpg,11.26105785369873,6.053950309753418
images_224/ART002-E-29615.jpg,11.17212963104248,5.869948387145996
images_224/ART002-E-29616.jpg,11.220151901245117,5.937520980834961
images_224/ART002-E-29617.jpg,11.298221588134766,6.0814104080200195
images_224/ART002-E-29618.jpg,11.293910026550293,6.089877605438232
images_224/ART002-E-29619.jpg,11.268477439880371,6.050099849700928
images_224/ART002-E-29620.jpg,11.269625663757324,6.062664031982422
images_224/ART002-E-29621.jpg,11.262386322021484,6.080674171447754
images_224/ART002-E-29622.jpg,11.277361869812012,6.053987979888916
images_224/ART002-E-29623.jpg,11.30220890045166,6.119015216827393
images_224/ART002-E-29624.jpg,11.324159622192383,6.1544952392578125
images_224/ART002-E-29625.jpg,11.233051300048828,6.053023338317871
images_224/ART002-E-29626.jpg,12.59221363067627,7.301792144775391
images_224/ART002-E-29627.jpg,12.622241973876953,7.314310073852539
images_224/ART002-E-29628.jpg,12.620476722717285,7.312384128570557
images_224/ART002-E-29629.jpg,12.61253833770752,7.307293891906738
images_224/ART002-E-29630.jpg,12.579038619995117,7.272000789642334
images_224/ART002-E-29631.jpg,12.62769889831543,7.317310810089111
images_224/ART002-E-29632.jpg,12.594916343688965,7.294882774353027
images_224/ART002-E-29633.jpg,12.625794410705566,7.3190693855285645
images_224/ART002-E-29634.jpg,12.606229782104492,7.2888503074646
images_224/ART002-E-29635.jpg,12.64834976196289,7.315817832946777
images_224/ART002-E-29636.jpg,12.644244194030762,7.33213472366333
images_224/ART002-E-29637.jpg,12.637065887451172,7.326140403747559
images_224/ART002-E-29638.jpg,12.64091968536377,7.33704137802124
images_224/ART002-E-29639.jpg,12.655715942382812,7.334717750549316
images_224/ART002-E-29640.jpg,12.644048690795898,7.321705341339111
images_224/ART002-E-29641.jpg,12.646769523620605,7.335025310516357
images_224/ART002-E-29642.jpg,12.627781867980957,7.332449436187744
images_224/ART002-E-29643.jpg,12.632973670959473,7.330366611480713
images_224/ART002-E-29644.jpg,12.620379447937012,7.31659460067749
images_224/ART002-E-29645.jpg,12.612722396850586,7.298402309417725
images_224/ART002-E-29646.jpg,12.056462287902832,7.946506500244141
images_224/ART002-E-29647.jpg,12.143716812133789,7.959149360656738
images_224/ART002-E-29648.jpg,12.088567733764648,8.004104614257812
images_224/ART002-E-29649.jpg,12.039148330688477,7.965985298156738
images_224/ART002-E-29650.jpg,12.064781188964844,7.986368179321289
images_224/ART002-E-29651.jpg,12.041608810424805,7.997382164001465
images_224/ART002-E-29652.jpg,12.04576301574707,8.01751708984375
images_224/ART002-E-29653.jpg,12.051519393920898,7.985994815826416
images_224/ART002-E-29654.jpg,12.04452133178711,7.9667887687683105
images_224/ART002-E-29655.jpg,12.036173820495605,7.956489562988281
images_224/ART002-E-29656.jpg,11.983179092407227,8.031517028808594
images_224/ART002-E-29657.jpg,12.037935256958008,7.983865737915039
images_224/ART002-E-29658.jpg,12.002595901489258,8.011427879333496
images_224/ART002-E-29659.jpg,12.018686294555664,7.885536193847656
images_224/ART002-E-29660.jpg,11.969779968261719,7.870640754699707
images_224/ART002-E-29661.jpg,12.057019233703613,7.946463584899902
images_224/ART002-E-29662.jpg,12.066383361816406,7.963268756866455
images_224/ART002-E-29663.jpg,12.00160026550293,7.928304195404053
images_224/ART002-E-29664.jpg,12.05716323852539,7.940267086029053
images_224/ART002-E-29665.jpg,12.02100944519043,7.921415328979492
images_224/ART002-E-29666.jpg,12.039785385131836,7.950884819030762
images_224/ART002-E-29667.jpg,11.988978385925293,7.993229866027832
images_224/ART002-E-29668.jpg,12.019448280334473,7.954477787017822
images_224/ART002-E-29669.jpg,12.026495933532715,7.971436023712158
images_224/ART002-E-29670.jpg,12.046544075012207,7.9411940574646
images_224/ART002-E-29671.jpg,12.038204193115234,7.931489944458008
images_224/ART002-E-29672.jpg,12.008878707885742,7.904218673706055
images_224/ART002-E-29673.jpg,11.995744705200195,7.8867597579956055
images_224/ART002-E-29674.jpg,12.078834533691406,7.901224136352539
images_224/ART002-E-29675.jpg,11.996377944946289,7.891010284423828
images_224/ART002-E-29676.jpg,12.044645309448242,7.936659812927246
images_224/ART002-E-29677.jpg,11.989018440246582,7.967557430267334
images_224/ART002-E-29678.jpg,12.029643058776855,7.963157653808594
images_224/ART002-E-29679.jpg,12.047792434692383,7.9805779457092285
images_224/ART002-E-29680.jpg,12.0215425491333,7.911427021026611
images_224/ART002-E-29681.jpg,12.086328506469727,7.987616539001465
images_224/ART002-E-29682.jpg,12.102622985839844,7.985556125640869
images_224/ART002-E-29683.jpg,12.111772537231445,8.009119987487793
images_224/ART002-E-29684.jpg,12.06508731842041,7.923703193664551
images_224/ART002-E-29685.jpg,12.065665245056152,7.96919584274292
images_224/ART002-E-29686.jpg,11.980250358581543,7.984602451324463
images_224/ART002-E-29687.jpg,12.031798362731934,7.942838668823242
images_224/ART002-E-29688.jpg,12.04233169555664,7.973805904388428
images_224/ART002-E-29689.jpg,12.03498363494873,7.913756847381592
images_224/ART002-E-29690.jpg,12.035462379455566,7.944512844085693
images_224/ART002-E-29691.jpg,12.004597663879395,7.920963764190674
images_224/ART002-E-29692.jpg,12.031548500061035,7.9043474197387695
images_224/ART002-E-29693.jpg,12.039447784423828,7.880805969238281
images_224/ART002-E-29749.jpg,3.733036756515503,-3.5642120838165283
images_224/ART002-E-29750.jpg,3.724684476852417,-3.6291403770446777
images_224/ART002-E-29751.jpg,3.7149300575256348,-3.60697340965271
images_224/ART002-E-29752.jpg,3.7020740509033203,-3.6088030338287354
images_224/ART002-E-29753.jpg,3.68565034866333,-3.5693066120147705
images_224/ART002-E-29754.jpg,3.701443910598755,-3.619812488555908
images_224/ART002-E-29755.jpg,3.7234439849853516,-3.6375505924224854
images_224/ART002-E-29756.jpg,3.738861322402954,-3.6568429470062256
images_224/ART002-E-29757.jpg,3.694085121154785,-3.6153008937835693
images_224/ART002-E-29758.jpg,3.6845595836639404,-3.609668731689453
images_224/ART002-E-29759.jpg,3.7244532108306885,-3.6292943954467773
images_224/ART002-E-29760.jpg,3.761385917663574,-3.7510855197906494
images_224/ART002-E-29761.jpg,3.7304623126983643,-3.6495673656463623
images_224/ART002-E-29762.jpg,3.7133121490478516,-3.625112771987915
images_224/ART002-E-29763.jpg,3.6780662536621094,-3.6668686866760254
images_224/ART002-E-29764.jpg,3.713059186935425,-3.5915164947509766
images_224/ART002-E-29765.jpg,3.7266528606414795,-3.62776517868042
images_224/ART002-E-29766.jpg,3.7216100692749023,-3.617870330810547
images_224/ART002-E-29767.jpg,3.7069756984710693,-3.602858543395996
images_224/ART002-E-29768.jpg,3.711146593093872,-3.5898029804229736
images_224/ART002-E-29769.jpg,3.680717945098877,-3.641814708709717
images_224/ART002-E-29770.jpg,3.7118144035339355,-3.6583540439605713
images_224/ART002-E-29771.jpg,3.684821605682373,-3.6660196781158447
images_224/ART002-E-29772.jpg,3.6652426719665527,-3.5916836261749268
images_224/ART002-E-29773.jpg,3.6863441467285156,-3.6181957721710205
images_224/ART002-E-29774.jpg,3.74491548538208,-3.5604732036590576
images_224/ART002-E-29775.jpg,3.9414923191070557,-3.5644233226776123
images_224/ART002-E-29776.jpg,13.538680076599121,-10.37389087677002
images_224/ART002-E-29777.jpg,13.900017738342285,-10.355030059814453
images_224/ART002-E-29778.jpg,13.933669090270996,-10.383613586425781
images_224/ART002-E-29779.jpg,13.859180450439453,-10.124310493469238
images_224/ART002-E-29780.jpg,13.881402969360352,-10.139092445373535
images_224/ART002-E-29781.jpg,13.957728385925293,-10.208810806274414
images_224/ART002-E-29782.jpg,13.933993339538574,-10.180366516113281
images_224/ART002-E-29783.jpg,13.958178520202637,-10.23805046081543
images_224/ART002-E-29784.jpg,13.597783088684082,-9.910079956054688
images_224/ART002-E-29785.jpg,14.017127990722656,-10.732155799865723
images_224/ART002-E-29815.jpg,14.584961891174316,-2.412792682647705
images_224/ART002-E-29816.jpg,14.507513046264648,-2.359645128250122
images_224/ART002-E-29817.jpg,14.551655769348145,-2.3800463676452637
images_224/ART002-E-29818.jpg,14.572869300842285,-2.3963887691497803
images_224/ART002-E-29819.jpg,14.624640464782715,-2.4244649410247803
images_224/ART002-E-29820.jpg,15.302996635437012,-2.708159923553467
images_224/ART002-E-29821.jpg,15.324626922607422,-2.73238468170166
images_224/ART002-E-29822.jpg,15.224315643310547,-2.731586456298828
images_224/ART002-E-29823.jpg,15.27381420135498,-2.7396888732910156
images_224/ART002-E-29824.jpg,15.244651794433594,-2.7321884632110596
images_224/ART002-E-29825.jpg,15.258856773376465,-2.727485418319702
images_224/ART002-E-29826.jpg,15.260205268859863,-2.719510555267334
images_224/ART002-E-29870.jpg,4.71940803527832,-7.325775623321533
images_224/ART002-E-29871.jpg,4.612214088439941,-7.173579692840576
images_224/ART002-E-29873.jpg,7.439414024353027,-9.857372283935547
images_224/ART002-E-29874.jpg,11.156091690063477,13.463088035583496
images_224/ART002-E-29875.jpg,11.761723518371582,13.67875862121582
images_224/ART002-E-29876.jpg,11.747649192810059,13.63961410522461
images_224/ART002-E-29877.jpg,11.274299621582031,14.207296371459961
images_224/ART002-E-29878.jpg,12.37987232208252,13.890854835510254
images_224/ART002-E-29879.jpg,11.719001770019531,13.7272310256958
images_224/ART002-E-29880.jpg,11.388964653015137,14.097711563110352
images_224/ART002-E-29881.jpg,12.347742080688477,13.848767280578613
images_224/ART002-E-29882.jpg,11.747397422790527,13.663877487182617
images_224/ART002-E-29883.jpg,11.387044906616211,14.13500690460205
images_224/ART002-E-29884.jpg,12.237220764160156,13.795380592346191
images_224/ART002-E-29885.jpg,11.769289016723633,13.670368194580078
images_224/ART002-E-29886.jpg,11.319226264953613,14.133086204528809
images_224/ART002-E-29887.jpg,12.341170310974121,13.883938789367676
images_224/ART002-E-29888.jpg,11.755729675292969,13.65551471710205
images_224/ART002-E-29889.jpg,11.300307273864746,14.107687950134277
images_224/ART002-E-29890.jpg,12.381515502929688,13.892104148864746
images_224/ART002-E-29891.jpg,11.647135734558105,13.72046184539795
images_224/ART002-E-29892.jpg,11.348012924194336,14.070351600646973
images_224/ART002-E-29893.jpg,12.204254150390625,13.78316879272461
images_224/ART002-E-29894.jpg,11.778594017028809,13.660200119018555
images_224/ART002-E-29895.jpg,11.323796272277832,14.146697998046875
images_224/ART002-E-29896.jpg,12.370119094848633,13.874195098876953
images_224/ART002-E-29897.jpg,11.758757591247559,13.651572227478027
images_224/ART002-E-29898.jpg,11.305901527404785,14.152894973754883
images_224/ART002-E-29899.jpg,12.316722869873047,13.85301685333252
images_224/ART002-E-29900.jpg,11.687554359436035,13.623318672180176
images_224/ART002-E-29901.jpg,11.360581398010254,14.114837646484375
images_224/ART002-E-29902.jpg,12.365339279174805,13.884952545166016
images_224/ART002-E-29903.jpg,11.766928672790527,13.618141174316406
images_224/ART002-E-29904.jpg,11.34034538269043,14.143054962158203
images_224/ART002-E-29905.jpg,12.357430458068848,13.876977920532227
images_224/ART002-E-29906.jpg,11.293282508850098,14.000003814697266
images_224/ART002-E-29907.jpg,11.30700397491455,14.093815803527832
images_224/ART002-E-29908.jpg,11.137967109680176,13.469653129577637
images_224/ART002-E-29909.jpg,11.704022407531738,13.687904357910156
images_224/ART002-E-29910.jpg,11.363603591918945,14.109688758850098
images_224/ART002-E-29911.jpg,12.366259574890137,13.890485763549805
images_224/ART002-E-29912.jpg,11.714699745178223,13.705554962158203
images_224/ART002-E-29913.jpg,11.327791213989258,14.125984191894531
images_224/ART002-E-29914.jpg,12.34470272064209,13.871038436889648
images_224/ART002-E-29915.jpg,11.720605850219727,13.642868041992188
images_224/ART002-E-29916.jpg,11.368380546569824,14.130804061889648
images_224/ART002-E-29917.jpg,12.372720718383789,13.891839981079102
images_224/ART002-E-29918.jpg,11.742506980895996,13.674914360046387
images_224/ART002-E-29919.jpg,11.297859191894531,14.152746200561523
images_224/ART002-E-29920.jpg,12.292043685913086,13.8280611038208
images_224/ART002-E-29921.jpg,11.718342781066895,13.747419357299805
images_224/ART002-E-29922.jpg,11.28571891784668,14.103588104248047
images_224/ART002-E-29923.jpg,12.289877891540527,13.820289611816406
images_224/ART002-E-29924.jpg,11.712173461914062,13.702591896057129
images_224/ART002-E-29925.jpg,11.315632820129395,14.119526863098145
images_224/ART002-E-29926.jpg,12.176117897033691,13.818592071533203
images_224/ART002-E-29927.jpg,11.695103645324707,13.720586776733398
images_224/ART002-E-29928.jpg,11.321282386779785,14.122932434082031
images_224/ART002-E-29929.jpg,12.28580093383789,13.816384315490723
images_224/ART002-E-29930.jpg,11.560210227966309,13.863753318786621
images_224/ART002-E-29931.jpg,11.445662498474121,13.974586486816406
images_224/ART002-E-29932.jpg,12.227962493896484,13.801414489746094
images_224/ART002-E-29933.jpg,11.742088317871094,13.720495223999023
images_224/ART002-E-29934.jpg,11.282930374145508,14.161482810974121
images_224/ART002-E-29935.jpg,12.268946647644043,13.80890941619873
images_224/ART002-E-29936.jpg,11.751209259033203,13.693364143371582
images_224/ART002-E-29937.jpg,11.31131649017334,14.150121688842773
images_224/ART002-E-29938.jpg,12.290221214294434,13.819352149963379
images_224/ART002-E-29939.jpg,11.697752952575684,13.71521282196045
images_224/ART002-E-29940.jpg,11.257498741149902,14.201398849487305
images_224/ART002-E-29941.jpg,12.321432113647461,13.86004638671875
images_224/ART002-E-29942.jpg,11.700969696044922,13.682863235473633
images_224/ART002-E-29943.jpg,11.331684112548828,14.04269790649414
images_224/ART002-E-29944.jpg,12.227136611938477,13.80030632019043
images_224/ART002-E-29945.jpg,11.710742950439453,13.693334579467773
images_224/ART002-E-29946.jpg,11.320633888244629,14.115351676940918
images_224/ART002-E-29947.jpg,12.27630615234375,13.819540977478027
images_224/ART002-E-29948.jpg,11.745747566223145,13.627846717834473
images_224/ART002-E-29949.jpg,11.296074867248535,14.177877426147461
images_224/ART002-E-29950.jpg,12.320062637329102,13.844120025634766
images_224/ART002-E-29951.jpg,11.59051513671875,13.754961013793945
images_224/ART002-E-29952.jpg,11.397562980651855,14.044891357421875
images_224/ART002-E-29953.jpg,12.336963653564453,13.863162994384766
images_224/ART002-E-29954.jpg,11.68094539642334,13.718750953674316
images_224/ART002-E-29955.jpg,11.33668041229248,14.000781059265137
images_224/ART002-E-29956.jpg,12.288267135620117,13.82504653930664
images_224/ART002-E-29957.jpg,11.877311706542969,13.710886001586914
images_224/ART002-E-29958.jpg,11.26980972290039,14.190558433532715
images_224/ART002-E-29959.jpg,12.291147232055664,13.841558456420898
images_224/ART002-E-29960.jpg,15.942432403564453,13.653474807739258
images_224/ART002-E-29961.jpg,15.978547096252441,13.702264785766602
images_224/ART002-E-29962.jpg,15.90273380279541,13.619400024414062
images_224/ART002-E-29963.jpg,15.93786907196045,13.650016784667969
images_224/ART002-E-29964.jpg,15.993611335754395,13.705743789672852
images_224/ART002-E-29965.jpg,15.908390998840332,13.622908592224121
images_224/ART002-E-29966.jpg,15.93795108795166,13.649496078491211
images_224/ART002-E-29967.jpg,15.920743942260742,13.635807991027832
images_224/ART002-E-29968.jpg,15.853888511657715,13.571602821350098
images_224/ART002-E-29969.jpg,15.956663131713867,13.669740676879883
images_224/ART002-E-29970.jpg,15.931792259216309,13.644774436950684
images_224/ART002-E-29971.jpg,15.852741241455078,13.570676803588867
images_224/ART002-E-29972.jpg,15.888687133789062,13.60753059387207
images_224/ART002-E-29973.jpg,15.918941497802734,13.630609512329102
images_224/ART002-E-29974.jpg,15.883480072021484,13.606931686401367
images_224/ART002-E-29975.jpg,15.874029159545898,13.589738845825195
images_224/ART002-E-29976.jpg,15.92204761505127,13.637490272521973
images_224/ART002-E-29977.jpg,15.848923683166504,13.568794250488281
images_224/ART002-E-29978.jpg,15.906854629516602,13.623785018920898
images_224/ART002-E-29979.jpg,15.92473030090332,13.641073226928711
images_224/ART002-E-29980.jpg,15.846866607666016,13.564413070678711
images_224/ART002-E-29981.jpg,15.844393730163574,13.55453872680664
images_224/ART002-E-29982.jpg,15.864236831665039,13.547187805175781
images_224/ART002-E-29983.jpg,15.824947357177734,13.542681694030762
images_224/ART002-E-29984.jpg,15.840670585632324,13.557451248168945
images_224/ART002-E-29985.jpg,15.843847274780273,13.555094718933105
images_224/ART002-E-29986.jpg,15.844220161437988,13.557394981384277
images_224/ART002-E-29987.jpg,15.94900131225586,13.661398887634277
images_224/ART002-E-29988.jpg,15.948424339294434,13.658578872680664
images_224/ART002-E-29989.jpg,15.935750961303711,13.647923469543457
images_224/ART002-E-29990.jpg,15.841691017150879,13.55526351928711
images_224/ART002-E-29991.jpg,15.952335357666016,13.658675193786621
images_224/ART002-E-29992.jpg,15.83462905883789,13.550992965698242
images_224/ART002-E-29993.jpg,15.962011337280273,13.675196647644043
images_224/ART002-E-29994.jpg,15.97810173034668,13.659218788146973
images_224/ART002-E-29995.jpg,15.921452522277832,13.635329246520996
images_224/ART002-E-29996.jpg,15.861065864562988,13.57315731048584
images_224/ART002-E-29997.jpg,15.948750495910645,13.660626411437988
images_224/ART002-E-29998.jpg,15.901839256286621,13.616345405578613
images_224/ART002-E-29999.jpg,15.950210571289062,13.661852836608887
images_224/ART002-E-30000.jpg,15.974983215332031,13.683918952941895
images_224/ART002-E-30001.jpg,15.943145751953125,13.652763366699219
images_224/ART002-E-4437.jpg,14.910359382629395,-2.8118741512298584
images_224/ART002-E-4438.jpg,11.096790313720703,13.613031387329102
images_224/ART002-E-4442.jpg,13.795860290527344,-2.0645742416381836
images_224/ART002-E-4443.jpg,13.734853744506836,-2.0365025997161865
images_224/ART002-E-4444.jpg,13.601118087768555,-1.973501205444336
images_224/ART002-E-4445.jpg,13.647198677062988,-1.9920687675476074
images_224/ART002-E-4446.jpg,13.869614601135254,-2.0692596435546875
images_224/ART002-E-4447.jpg,17.29856300354004,-3.7572407722473145
images_224/ART002-E-4448.jpg,17.326404571533203,-3.778320074081421
images_224/ART002-E-4449.jpg,17.337642669677734,-3.730320453643799
images_224/ART002-E-4450.jpg,13.477150917053223,-1.9113589525222778
images_224/ART002-E-4451.jpg,13.720918655395508,-2.031451463699341
images_224/ART002-E-4452.jpg,13.820655822753906,-2.064826488494873
images_224/ART002-E-4453.jpg,14.136574745178223,-2.087911367416382
images_224/ART002-E-4454.jpg,13.696453094482422,-2.0172863006591797
images_224/ART002-E-4455.jpg,13.267684936523438,-1.8068968057632446
images_224/ART002-E-4456.jpg,17.316816329956055,-3.774275541305542
images_224/ART002-E-4458.jpg,14.85170841217041,-2.751845121383667
images_224/ART002-E-4459.jpg,15.1209135055542,-3.0619406700134277
images_224/ART002-E-4460.jpg,15.12232494354248,-2.907780170440674
images_224/ART002-E-4461.jpg,15.441596031188965,-3.743375539779663
images_224/ART002-E-4462.jpg,15.482904434204102,-3.796922445297241
images_224/ART002-E-4463.jpg,14.571925163269043,-3.028228998184204
images_224/ART002-E-4464.jpg,14.714256286621094,-3.0125889778137207
images_224/ART002-E-4465.jpg,14.924643516540527,-3.345992088317871
images_224/ART002-E-4466.jpg,15.414070129394531,-3.7041399478912354
images_224/ART002-E-4467.jpg,15.506929397583008,-3.825011968612671
images_224/ART002-E-4468.jpg,14.944879531860352,-3.309744358062744
images_224/ART002-E-4469.jpg,14.830755233764648,-3.2460951805114746
images_224/ART002-E-4470.jpg,14.59821605682373,-2.994680643081665
images_224/ART002-E-4471.jpg,14.598559379577637,-2.9194891452789307
images_224/ART002-E-4472.jpg,14.916765213012695,-3.3049166202545166
images_224/ART002-E-4473.jpg,14.965585708618164,-3.3593409061431885
images_224/ART002-E-4474.jpg,15.498586654663086,-3.7931711673736572
images_224/ART002-E-8484.jpg,3.160078287124634,-0.34522002935409546
images_224/ART002-E-9006.jpg,11.312888145446777,13.65581226348877
images_224/ART002-E-9018.jpg,11.474664688110352,13.76004409790039
images_224/ART002-E-9019.jpg,12.238103866577148,13.791264533996582
images_224/ART002-E-9020.jpg,11.504152297973633,13.692421913146973
images_224/ART002-E-9021.jpg,11.45474910736084,13.845026969909668
images_224/ART002-E-9022.jpg,12.236491203308105,13.799345016479492
images_224/ART002-E-9023.jpg,11.663370132446289,13.724495887756348
images_224/ART002-E-9024.jpg,11.327539443969727,14.04523754119873
images_224/ART002-E-9025.jpg,12.239180564880371,13.76745319366455
images_224/ART002-E-9026.jpg,11.565539360046387,13.768478393554688
images_224/ART002-E-9027.jpg,11.296463012695312,14.013352394104004
images_224/ART002-E-9028.jpg,12.20781421661377,13.748963356018066
images_224/ART002-E-9029.jpg,11.642706871032715,13.737464904785156
images_224/ART002-E-9030.jpg,11.360455513000488,14.013550758361816
images_224/ART002-E-9031.jpg,12.253527641296387,13.700591087341309
images_224/ART002-E-9032.jpg,11.609585762023926,13.725248336791992
images_224/ART002-E-9033.jpg,11.404102325439453,13.788018226623535
images_224/ART002-E-9034.jpg,12.229998588562012,13.763228416442871
images_224/ART002-E-9035.jpg,11.574502944946289,13.748878479003906
images_224/ART002-E-9036.jpg,11.392097473144531,13.914420127868652
images_224/ART002-E-9037.jpg,12.215533256530762,13.710765838623047
images_224/ART002-E-9038.jpg,7.5063910484313965,-9.965121269226074
images_224/ART002-E-9039.jpg,11.410037994384766,14.092814445495605
images_224/ART002-E-9040.jpg,11.350348472595215,14.132701873779297
images_224/ART002-E-9041.jpg,12.366447448730469,13.887252807617188
images_224/ART002-E-9042.jpg,11.688581466674805,13.770947456359863
images_224/ART002-E-9043.jpg,11.261935234069824,14.197372436523438
images_224/ART002-E-9044.jpg,12.344403266906738,13.864599227905273
images_224/ART002-E-9045.jpg,11.691733360290527,13.78489875793457
images_224/ART002-E-9046.jpg,11.321603775024414,14.167929649353027
images_224/ART002-E-9047.jpg,12.433250427246094,13.939993858337402
images_224/ART002-E-9048.jpg,11.363844871520996,14.101378440856934
images_224/ART002-E-9049.jpg,11.312346458435059,14.124828338623047
images_224/ART002-E-9050.jpg,12.30762767791748,13.841615676879883
images_224/ART002-E-9051.jpg,11.43819808959961,14.011561393737793
images_224/ART002-E-9052.jpg,11.289220809936523,14.16054630279541
images_224/ART002-E-9053.jpg,12.29438591003418,13.832907676696777
images_224/ART002-E-9054.jpg,11.35555362701416,14.094822883605957
images_224/ART002-E-9055.jpg,11.33576488494873,14.129237174987793
images_224/ART002-E-9056.jpg,12.236152648925781,13.784320831298828
images_224/ART002-E-9057.jpg,11.563231468200684,13.865923881530762
images_224/ART002-E-9058.jpg,11.304903030395508,14.145930290222168
images_224/ART002-E-9059.jpg,12.23262882232666,13.777015686035156
images_224/ART002-E-9160.jpg,15.587263107299805,-4.130892753601074
images_224/ART002-E-9161.jpg,15.696038246154785,-4.190124988555908
images_224/ART002-E-9162.jpg,15.633246421813965,-4.144927024841309
images_224/ART002-E-9163.jpg,15.58829402923584,-4.119615077972412
images_224/ART002-E-9164.jpg,15.683639526367188,-4.183000564575195
images_224/ART002-E-9165.jpg,15.669837951660156,-4.177759170532227
images_224/ART002-E-9166.jpg,15.582032203674316,-4.113924980163574
images_224/ART002-E-9167.jpg,15.689273834228516,-4.188675403594971
images_224/ART002-E-9168.jpg,10.927560806274414,13.42653751373291
images_224/ART002-E-9205.jpg,16.040006637573242,-3.5163514614105225
images_224/ART002-E-9212.jpg,11.910358428955078,11.777083396911621
images_224/ART002-E-9213.jpg,11.909294128417969,11.744235038757324
images_224/ART002-E-9214.jpg,11.816251754760742,11.775973320007324
images_224/ART002-E-9216.jpg,12.164173126220703,11.620927810668945
images_224/ART002-E-9217.jpg,11.620494842529297,11.701383590698242
images_224/ART002-E-9218.jpg,4.189515113830566,7.525652885437012
images_224/ART002-E-9219.jpg,12.265419006347656,11.6672945022583
images_224/ART002-E-9220.jpg,11.568578720092773,11.739026069641113
images_224/ART002-E-9221.jpg,4.190216541290283,7.525696277618408
images_224/ART002-E-9222.jpg,12.19372272491455,11.637420654296875
images_224/ART002-E-9223.jpg,11.5958833694458,11.729419708251953
images_224/ART002-E-9224.jpg,4.190542697906494,7.525919437408447
images_224/ART002-E-9225.jpg,12.197257041931152,11.645307540893555
images_224/ART002-E-9226.jpg,11.576607704162598,11.760628700256348
images_224/ART002-E-9227.jpg,4.202856540679932,7.530544281005859
images_224/ART002-E-9228.jpg,12.185145378112793,11.595358848571777
images_224/ART002-E-9229.jpg,11.602458953857422,11.699698448181152
images_224/ART002-E-9230.jpg,4.190169334411621,7.52598762512207
images_224/ART002-E-9231.jpg,12.255322456359863,11.664963722229004
images_224/ART002-E-9232.jpg,11.629486083984375,11.71531867980957
images_224/ART002-E-9233.jpg,4.194660663604736,7.528564453125
images_224/ART002-E-9234.jpg,12.266773223876953,11.693171501159668
images_224/ART002-E-9235.jpg,11.582171440124512,11.742289543151855
images_224/ART002-E-9236.jpg,4.19034481048584,7.525813102722168
images_224/ART002-E-9237.jpg,12.177116394042969,11.671871185302734
images_224/ART002-E-9238.jpg,11.587702751159668,11.749850273132324
images_224/ART002-E-9239.jpg,4.191130638122559,7.526175022125244
images_224/ART002-E-9240.jpg,12.094364166259766,11.631102561950684
images_224/ART002-E-9241.jpg,11.52970027923584,12.065475463867188
images_224/ART002-E-9242.jpg,12.286521911621094,11.742134094238281
images_224/ART002-E-9243.jpg,12.124377250671387,11.588822364807129
images_224/ART002-E-9244.jpg,11.573318481445312,11.965554237365723
images_224/ART002-E-9245.jpg,12.292777061462402,11.742366790771484
images_224/ART002-E-9246.jpg,12.173818588256836,11.612823486328125
images_224/ART002-E-9247.jpg,11.603189468383789,12.002304077148438
images_224/ART002-E-9248.jpg,12.282411575317383,11.760257720947266
images_224/ART002-E-9249.jpg,12.237196922302246,11.665651321411133
images_224/ART002-E-9250.jpg,11.5936279296875,12.05588436126709
images_224/ART002-E-9251.jpg,12.293536186218262,11.756739616394043
images_224/ART002-E-9252.jpg,12.256943702697754,11.64622974395752
images_224/ART002-E-9253.jpg,11.582417488098145,11.931377410888672
images_224/ART002-E-9254.jpg,12.285982131958008,11.719034194946289
images_224/ART002-E-9255.jpg,12.216383934020996,11.56381607055664
images_224/ART002-E-9256.jpg,11.645649909973145,11.988059043884277
images_224/ART002-E-9257.jpg,12.270319938659668,11.728452682495117
images_224/ART002-E-9258.jpg,12.161145210266113,11.795964241027832
images_224/ART002-E-9259.jpg,11.006091117858887,12.267891883850098
images_224/ART002-E-9260.jpg,12.30079460144043,11.821684837341309
images_224/ART002-E-9261.jpg,12.226218223571777,11.788840293884277
images_224/ART002-E-9262.jpg,10.961535453796387,12.255364418029785
images_224/ART002-E-9263.jpg,12.267388343811035,11.841962814331055
images_224/ART002-E-9264.jpg,10.56986141204834,13.265420913696289
images_224/ART002-E-9265.jpg,10.534892082214355,13.232414245605469
images_224/ART002-E-9266.jpg,10.548809051513672,13.239518165588379
images_224/ART002-E-9267.jpg,10.569817543029785,13.243228912353516
images_224/ART002-E-9268.jpg,10.570322036743164,13.244240760803223
images_224/ART002-E-9269.jpg,10.527924537658691,13.210677146911621
images_224/ART002-E-9270.jpg,7.559368133544922,-9.573755264282227
images_224/ART002-E-9271.jpg,7.8694167137146,-9.49777889251709
images_224/ART002-E-9276.jpg,11.715176582336426,10.976720809936523
images_224/ART002-E-9277.jpg,10.333000183105469,8.205214500427246
images_224/ART002-E-9278.jpg,8.604496002197266,7.638186931610107
images_224/ART002-E-9279.jpg,11.638457298278809,6.910168170928955
images_224/ART002-E-9280.jpg,9.615461349487305,-1.092953085899353
images_224/ART002-E-9281.jpg,10.895851135253906,5.4253082275390625
images_224/ART002-E-9282.jpg,11.808300018310547,5.5538763999938965
images_224/ART002-E-9283.jpg,10.671488761901855,4.50089168548584
images_224/ART002-E-9284.jpg,4.205601692199707,-6.876185894012451
images_224/ART002-E-9285.jpg,19.909921646118164,1.7381973266601562
images_224/ART002-E-9286.jpg,20.176748275756836,1.9761263132095337
images_224/ART002-E-9287.jpg,21.297924041748047,1.739811658859253
images_224/ART002-E-9288.jpg,19.631710052490234,2.104994535446167
images_224/ART002-E-9289.jpg,20.288911819458008,1.6839940547943115
images_224/ART002-E-9297.jpg,10.40219497680664,-3.1817638874053955
images_224/ART002-E-9298.jpg,11.621179580688477,-6.05548095703125
images_224/ART002-E-9299.jpg,10.162802696228027,-2.7370619773864746
images_224/ART002-E-9300.jpg,11.984661102294922,-6.108727931976318
images_224/ART002-E-9301.jpg,11.9593505859375,-6.069478511810303
images_224/ART002-E-9577.jpg,10.650823593139648,10.404271125793457
images_224/ART002-E-9578.jpg,10.960439682006836,11.795234680175781
images_224/ART002-E-9579.jpg,10.086448669433594,10.067323684692383
images_224/ART002-E-9580.jpg,10.673376083374023,10.401130676269531
images_224/ART002-E-9581.jpg,10.947842597961426,11.78192138671875
images_224/ART002-E-9582.jpg,11.130213737487793,10.560823440551758
images_224/ART002-E-9583.jpg,9.67639446258545,4.772611141204834
images_224/ART002-E-9584.jpg,10.527130126953125,8.129059791564941
images_224/ART002-E-9585.jpg,8.35543155670166,7.063788890838623
images_224/ART002-E-9586.jpg,8.192252159118652,6.016890525817871
images_224/ART002-E-9587.jpg,8.283056259155273,7.55525541305542
images_224/ART002-E-9588.jpg,9.221086502075195,7.023012161254883
images_224/ART002-E-9589.jpg,9.154267311096191,4.968861103057861
images_224/ART002-E-9590.jpg,9.01127815246582,7.257981300354004
images_224/ART002-E-9591.jpg,11.035211563110352,7.530762195587158
images_224/ART002-E-9592.jpg,10.51028823852539,4.688900947570801
images_224/ART002-E-9593.jpg,10.94884967803955,7.361059188842773
images_224/ART002-E-9594.jpg,11.829536437988281,7.584603786468506
images_224/ART002-E-9595.jpg,10.118958473205566,4.634119987487793
images_224/ART002-E-9596.jpg,11.713797569274902,7.098480701446533
images_224/ART002-E-9597.jpg,14.191742897033691,6.015751838684082
images_224/ART002-E-9598.jpg,12.705788612365723,3.7061917781829834
images_224/ART002-E-9599.jpg,14.610734939575195,6.452637195587158
images_224/ART002-E-9600.jpg,14.180423736572266,6.028311729431152
images_224/ART002-E-9601.jpg,12.724860191345215,3.715221881866455
images_224/ART002-E-9602.jpg,14.590536117553711,6.340820789337158
images_224/ART002-E-9603.jpg,14.24025821685791,6.052189350128174
images_224/ART002-E-9604.jpg,12.729554176330566,3.710832357406616
images_224/ART002-E-9605.jpg,14.613170623779297,6.443106174468994
images_224/ART002-E-9606.jpg,9.570662498474121,6.938157081604004
images_224/ART002-E-9607.jpg,9.633784294128418,4.825138092041016
images_224/ART002-E-9608.jpg,9.491655349731445,7.253472328186035
images_224/ART002-E-9610.jpg,8.228774070739746,6.87040376663208
images_224/ART002-E-9611.jpg,7.800322532653809,5.443077564239502
images_224/ART002-E-9612.jpg,8.082032203674316,7.370197772979736
images_224/ART002-E-9613.jpg,10.064264297485352,10.192485809326172
images_224/ART002-E-9614.jpg,10.925288200378418,11.922895431518555
images_224/ART002-E-9615.jpg,10.113066673278809,9.754355430603027
images_224/ART002-E-9616.jpg,10.136422157287598,10.156064987182617
images_224/ART002-E-9617.jpg,10.912424087524414,11.96934986114502
images_224/ART002-E-9618.jpg,10.138589859008789,9.717034339904785
images_224/ART002-E-9619.jpg,10.250551223754883,10.269880294799805
images_224/ART002-E-9620.jpg,10.943526268005371,12.037527084350586
images_224/ART002-E-9621.jpg,10.130927085876465,9.726079940795898
images_224/ART002-E-9622.jpg,10.262646675109863,10.308036804199219
images_224/ART002-E-9623.jpg,10.9462308883667,12.066246032714844
images_224/ART002-E-9624.jpg,10.146679878234863,9.7611083984375
images_224/ART002-E-9625.jpg,10.166603088378906,10.203143119812012
images_224/ART002-E-9626.jpg,10.945516586303711,11.990558624267578
images_224/ART002-E-9627.jpg,10.110689163208008,9.809478759765625
images_224/ART002-E-9628.jpg,10.17966365814209,10.210458755493164
images_224/ART002-E-9629.jpg,10.932046890258789,11.997515678405762
images_224/ART002-E-9630.jpg,10.129319190979004,9.775482177734375
images_224/ART002-E-9631.jpg,10.060507774353027,10.21830940246582
images_224/ART002-E-9632.jpg,10.084967613220215,10.175280570983887
images_224/ART002-E-9633.jpg,10.071110725402832,10.184983253479004
images_224/ART002-E-9634.jpg,10.14952564239502,10.24897289276123
images_224/ART002-E-9635.jpg,10.008170127868652,10.105324745178223
images_224/ART002-E-9636.jpg,10.123271942138672,10.210973739624023
images_224/ART002-E-9637.jpg,10.126359939575195,10.288166999816895
images_224/ART002-E-9638.jpg,10.148886680603027,10.20190715789795
images_224/ART002-E-9639.jpg,9.997060775756836,10.159235954284668
images_224/ART002-E-9640.jpg,10.064608573913574,10.172721862792969
images_224/ART002-E-9641.jpg,10.171516418457031,10.302261352539062
images_224/ART002-E-9642.jpg,10.19553279876709,10.353389739990234
images_224/ART002-E-9643.jpg,9.93356704711914,10.073113441467285
images_224/ART002-E-9644.jpg,9.984086990356445,10.155587196350098
images_224/ART002-E-9645.jpg,10.179110527038574,10.271739959716797
images_224/ART002-E-9646.jpg,10.088176727294922,10.208062171936035
images_224/ART002-E-9647.jpg,10.110684394836426,10.258935928344727
images_224/ART002-E-9648.jpg,10.02624797821045,10.178787231445312
images_224/ART002-E-9649.jpg,9.957695007324219,10.11992359161377
images_224/ART002-E-9650.jpg,10.100842475891113,10.205000877380371
images_224/ART002-E-9651.jpg,9.918021202087402,10.064194679260254
images_224/ART002-E-9652.jpg,10.150333404541016,10.30117130279541
images_224/ART002-E-9653.jpg,9.954889297485352,10.10700798034668
images_224/ART002-E-9654.jpg,9.921256065368652,10.066452026367188
images_224/ART002-E-9655.jpg,9.906725883483887,10.067167282104492
images_224/ART002-E-9656.jpg,9.893301963806152,10.056711196899414
images_224/ART002-E-9657.jpg,9.917928695678711,10.052111625671387
images_224/ART002-E-9658.jpg,10.077180862426758,10.20097541809082
images_224/ART002-E-9659.jpg,10.085064888000488,10.191479682922363
images_224/ART002-E-9660.jpg,10.168390274047852,10.2781343460083
images_224/ART002-E-9661.jpg,10.181936264038086,10.303601264953613
images_224/ART002-E-9662.jpg,10.122721672058105,10.266620635986328
images_224/ART002-E-9663.jpg,9.920563697814941,10.073375701904297
images_224/ART002-E-9664.jpg,10.131871223449707,10.20227336883545
images_224/ART002-E-9665.jpg,10.1732177734375,10.30390453338623
images_224/ART002-E-9666.jpg,9.926146507263184,10.091643333435059
images_224/ART002-E-9667.jpg,10.13806438446045,10.265497207641602
images_224/ART002-E-9668.jpg,10.037263870239258,10.179393768310547
images_224/ART002-E-9669.jpg,10.16928768157959,10.273332595825195
images_224/ART002-E-9670.jpg,9.949565887451172,10.102506637573242
images_224/ART002-E-9671.jpg,10.114547729492188,10.248819351196289
images_224/ART002-E-9672.jpg,10.079689025878906,10.224788665771484
images_224/ART002-E-9673.jpg,9.957962989807129,10.112003326416016
images_224/ART002-E-9674.jpg,10.1586332321167,10.297871589660645
images_224/ART002-E-9675.jpg,10.096111297607422,10.251640319824219
images_224/ART002-E-9676.jpg,10.094660758972168,10.269596099853516
images_224/ART002-E-9677.jpg,10.098794937133789,10.195828437805176
images_224/ART002-E-9678.jpg,10.121859550476074,10.235374450683594
images_224/ART002-E-9679.jpg,10.09599781036377,10.245326042175293
images_224/ART002-E-9680.jpg,10.090702056884766,10.236352920532227
images_224/ART002-E-9681.jpg,10.076231956481934,10.208669662475586
images_224/ART002-E-9682.jpg,9.947710037231445,10.100740432739258
images_224/ART002-E-9683.jpg,10.191085815429688,10.30158805847168
images_224/ART002-E-9684.jpg,10.311469078063965,8.207245826721191
images_224/ART002-E-9685.jpg,10.240594863891602,8.13143253326416
images_224/ART002-E-9686.jpg,10.201919555664062,8.12514591217041
images_224/ART002-E-9687.jpg,10.259136199951172,8.122631072998047
images_224/ART002-E-9688.jpg,10.226618766784668,8.135713577270508
images_224/ART002-E-9689.jpg,10.231480598449707,8.096173286437988
images_224/ART002-E-9690.jpg,10.294546127319336,8.131301879882812
images_224/ART002-E-9691.jpg,10.225380897521973,8.092329025268555
images_224/ART002-E-9692.jpg,10.24355411529541,8.098012924194336
images_224/ART002-E-9693.jpg,10.290319442749023,8.117648124694824
images_224/ART002-E-9694.jpg,10.257863998413086,8.13161849975586
images_224/ART002-E-9695.jpg,10.231435775756836,8.087214469909668
images_224/ART002-E-9696.jpg,10.25959300994873,8.100600242614746
images_224/ART002-E-9697.jpg,10.251134872436523,8.080244064331055
images_224/ART002-E-9698.jpg,10.234403610229492,8.114819526672363
images_224/ART002-E-9699.jpg,10.204209327697754,8.05004596710205
images_224/ART002-E-9700.jpg,10.227012634277344,8.063874244689941
images_224/ART002-E-9701.jpg,10.239903450012207,8.06661605834961
images_224/ART002-E-9702.jpg,10.26500129699707,8.11158561706543
images_224/ART002-E-9703.jpg,10.220846176147461,8.08133316040039
images_224/ART002-E-9704.jpg,10.510093688964844,7.1021575927734375
images_224/ART002-E-9706.jpg,10.514822006225586,7.157649993896484
images_224/ART002-E-9707.jpg,10.554189682006836,7.102660655975342
images_224/ART002-E-9708.jpg,10.553178787231445,7.153289794921875
images_224/ART002-E-9709.jpg,10.512526512145996,7.130354881286621
images_224/ART002-E-9710.jpg,10.583738327026367,7.18557596206665
images_224/ART002-E-9711.jpg,10.5613431930542,7.105782985687256
images_224/ART002-E-9712.jpg,10.554924964904785,7.152952194213867
images_224/ART002-E-9713.jpg,10.514073371887207,7.156160831451416
images_224/ART002-E-9714.jpg,10.505668640136719,7.166574001312256
images_224/ART002-E-9715.jpg,10.541404724121094,7.133661270141602
images_224/ART002-E-9716.jpg,10.533464431762695,7.157337188720703
images_224/ART002-E-9717.jpg,10.470847129821777,7.184022903442383
images_224/ART002-E-9718.jpg,10.536867141723633,7.099721431732178
images_224/ART002-E-9719.jpg,10.526412963867188,7.16591739654541
images_224/ART002-E-9720.jpg,10.511322975158691,7.148805141448975
images_224/ART002-E-9721.jpg,10.523781776428223,7.148854732513428
images_224/ART002-E-9722.jpg,10.525351524353027,7.162592887878418
images_224/ART002-E-9723.jpg,10.52118968963623,7.185190677642822
images_224/ART002-E-9724.jpg,10.508258819580078,7.133718013763428
images_224/ART002-E-9725.jpg,10.548294067382812,7.096546649932861
images_224/ART002-E-9726.jpg,11.095880508422852,7.4094319343566895
images_224/ART002-E-9727.jpg,11.152472496032715,7.394891262054443
images_224/ART002-E-9728.jpg,11.134037971496582,7.466254711151123
images_224/ART002-E-9729.jpg,11.086249351501465,7.387115955352783
images_224/ART002-E-9730.jpg,11.124743461608887,7.404490947723389
images_224/ART002-E-9731.jpg,11.061477661132812,7.389922142028809
images_224/ART002-E-9732.jpg,11.088398933410645,7.398265361785889
images_224/ART002-E-9733.jpg,11.09709644317627,7.423073768615723
images_224/ART002-E-9734.jpg,11.063739776611328,7.384003639221191
images_224/ART002-E-9735.jpg,11.103399276733398,7.403017997741699
images_224/ART002-E-9736.jpg,11.04957389831543,7.389024257659912
images_224/ART002-E-9737.jpg,11.038533210754395,7.406035900115967
images_224/ART002-E-9738.jpg,11.03026008605957,7.391949653625488
images_224/ART002-E-9739.jpg,11.064887046813965,7.390292644500732
images_224/ART002-E-9740.jpg,11.094683647155762,7.403011322021484
images_224/ART002-E-9741.jpg,11.052268028259277,7.396025657653809
images_224/ART002-E-9742.jpg,11.068679809570312,7.39051628112793
images_224/ART002-E-9743.jpg,11.09315299987793,7.438006401062012
images_224/ART002-E-9744.jpg,11.07763957977295,7.396222114562988
images_224/ART002-E-9745.jpg,10.260247230529785,8.06040096282959
images_224/ART002-E-9746.jpg,10.406693458557129,8.232306480407715
images_224/ART002-E-9747.jpg,10.384430885314941,8.183924674987793
images_224/ART002-E-9748.jpg,10.403199195861816,8.304895401000977
images_224/ART002-E-9749.jpg,10.332310676574707,8.227113723754883
images_224/ART002-E-9750.jpg,10.34299087524414,8.210531234741211
images_224/ART002-E-9751.jpg,10.398764610290527,8.269371032714844
images_224/ART002-E-9752.jpg,10.367375373840332,8.259332656860352
images_224/ART002-E-9753.jpg,10.344090461730957,8.252923011779785
images_224/ART002-E-9754.jpg,10.377911567687988,8.276445388793945
images_224/ART002-E-9755.jpg,10.40818977355957,8.283660888671875
images_224/ART002-E-9756.jpg,10.320923805236816,8.198039054870605
images_224/ART002-E-9757.jpg,10.335680961608887,8.216145515441895
images_224/ART002-E-9758.jpg,10.35618782043457,8.260396003723145
images_224/ART002-E-9759.jpg,10.351266860961914,8.245406150817871
images_224/ART002-E-9760.jpg,10.34554386138916,8.24267292022705
images_224/ART002-E-9761.jpg,10.345325469970703,8.244595527648926
images_224/ART002-E-9762.jpg,10.34510326385498,8.224523544311523
images_224/ART002-E-9763.jpg,10.192708015441895,8.07158088684082
images_224/ART002-E-9764.jpg,10.203927040100098,8.029619216918945
images_224/ART002-E-9765.jpg,10.237975120544434,8.033889770507812
images_224/ART002-E-9766.jpg,10.232063293457031,8.060328483581543
images_224/ART002-E-9767.jpg,10.222478866577148,8.03110122680664
images_224/ART002-E-9768.jpg,10.18449878692627,8.01810359954834
images_224/ART002-E-9769.jpg,10.197531700134277,8.041351318359375
images_224/ART002-E-9770.jpg,10.989598274230957,5.930167198181152
images_224/ART002-E-9771.jpg,10.52157974243164,4.451962947845459
images_224/ART002-E-9772.jpg,11.188374519348145,6.396206855773926
images_224/ART002-E-9773.jpg,11.64295482635498,5.764139652252197
images_224/ART002-E-9774.jpg,10.88613510131836,4.030137538909912
images_224/ART002-E-9775.jpg,11.422374725341797,6.095239162445068
images_224/ART002-E-9776.jpg,12.042587280273438,5.196981430053711
images_224/ART002-E-9777.jpg,10.95798397064209,3.86545467376709
images_224/ART002-E-9778.jpg,11.679464340209961,6.0540690422058105
images_224/ART002-E-9779.jpg,12.05794620513916,5.243495941162109
images_224/ART002-E-9780.jpg,11.103992462158203,3.689436197280884
images_224/ART002-E-9781.jpg,11.776982307434082,6.063692569732666
images_224/ART002-E-9782.jpg,12.125333786010742,5.437828540802002
images_224/ART002-E-9783.jpg,11.294488906860352,3.598395586013794
images_224/ART002-E-9784.jpg,11.839847564697266,5.948572635650635
images_224/ART002-E-9785.jpg,12.075101852416992,5.140637397766113
images_224/ART002-E-9786.jpg,11.286035537719727,3.7122743129730225
images_224/ART002-E-9787.jpg,11.861035346984863,5.949417591094971
images_224/ART002-E-9788.jpg,12.14206600189209,5.187653064727783
images_224/ART002-E-9789.jpg,11.264782905578613,3.475165843963623
images_224/ART002-E-9790.jpg,11.82978630065918,5.950005531311035
images_224/ART002-E-9791.jpg,12.079845428466797,5.46436882019043
images_224/ART002-E-9792.jpg,10.972667694091797,3.3563101291656494
images_224/ART002-E-9793.jpg,11.703499794006348,6.204731464385986
images_224/ART002-E-9794.jpg,10.869473457336426,5.032439708709717
images_224/ART002-E-9795.jpg,10.175494194030762,4.367881774902344
images_224/ART002-E-9796.jpg,10.825002670288086,6.053208827972412
images_224/ART002-E-9797.jpg,10.880659103393555,5.067996501922607
images_224/ART002-E-9798.jpg,10.420921325683594,4.018664836883545
images_224/ART002-E-9799.jpg,10.748028755187988,6.127007007598877
images_224/ART002-E-9800.jpg,10.184835433959961,6.486269950866699
images_224/ART002-E-9801.jpg,9.74720287322998,4.476952075958252
images_224/ART002-E-9802.jpg,10.148188591003418,7.184529781341553
images_224/ART002-E-9803.jpg,7.574705600738525,6.95573616027832
images_224/ART002-E-9804.jpg,7.460239887237549,5.3961100578308105
images_224/ART002-E-9805.jpg,7.824718475341797,7.295945167541504
images_224/ART002-E-9806.jpg,7.5095534324646,6.962313175201416
images_224/ART002-E-9807.jpg,7.457371234893799,5.349139213562012
images_224/ART002-E-9808.jpg,7.688618183135986,7.19462251663208
images_224/ART002-E-9809.jpg,7.67717981338501,6.872509479522705
images_224/ART002-E-9810.jpg,7.529690265655518,5.531943321228027
images_224/ART002-E-9811.jpg,7.988277912139893,7.419967174530029
images_224/ART002-E-9812.jpg,7.600287914276123,6.942724704742432
images_224/ART002-E-9813.jpg,7.5002946853637695,5.422476768493652
images_224/ART002-E-9814.jpg,7.739232540130615,7.446823596954346
images_224/ART002-E-9815.jpg,7.504117965698242,6.974354267120361
images_224/ART002-E-9816.jpg,7.449778079986572,5.356492042541504
images_224/ART002-E-9817.jpg,7.695478916168213,7.3744282722473145
images_224/ART002-E-9818.jpg,7.471734046936035,6.9480085372924805
images_224/ART002-E-9819.jpg,7.458869934082031,5.343475818634033
images_224/ART002-E-9820.jpg,7.691606044769287,7.356243133544922
images_224/ART002-E-9821.jpg,7.915750503540039,6.949711799621582
images_224/ART002-E-9822.jpg,7.390049457550049,5.7096428871154785
images_224/ART002-E-9823.jpg,7.915346622467041,7.576179027557373
images_224/ART002-E-9824.jpg,8.016589164733887,6.9565205574035645
images_224/ART002-E-9825.jpg,7.488846302032471,5.637772560119629
images_224/ART002-E-9826.jpg,7.803674221038818,7.438161849975586
images_224/ART002-E-9827.jpg,8.192249298095703,7.044933795928955
images_224/ART002-E-9828.jpg,7.896195411682129,5.727298736572266
images_224/ART002-E-9829.jpg,8.194643020629883,7.616876602172852
images_224/ART002-E-9830.jpg,8.662467002868652,7.607043743133545
images_224/ART002-E-9831.jpg,8.027899742126465,5.68425989151001
images_224/ART002-E-9832.jpg,8.214762687683105,7.711262226104736
images_224/ART002-E-9833.jpg,8.515633583068848,7.423483848571777
images_224/ART002-E-9834.jpg,8.047351837158203,5.749114036560059
images_224/ART002-E-9835.jpg,9.019521713256836,8.413105010986328
images_224/ART002-E-9836.jpg,8.574320793151855,7.433282852172852
images_224/ART002-E-9837.jpg,8.043209075927734,5.682442665100098
images_224/ART002-E-9838.jpg,8.739899635314941,8.083589553833008
images_224/ART002-E-9839.jpg,9.716596603393555,9.030566215515137
images_224/ART002-E-9840.jpg,8.335890769958496,5.743319511413574
images_224/ART002-E-9841.jpg,9.685546875,9.105542182922363
images_224/ART002-E-9842.jpg,14.778365135192871,5.574728965759277
images_224/ART002-E-9843.jpg,12.686562538146973,3.264216899871826
images_224/ART002-E-9844.jpg,13.930304527282715,6.410185813903809
images_224/ART002-E-9845.jpg,14.713770866394043,5.626972198486328
images_224/ART002-E-9846.jpg,12.663788795471191,3.3553740978240967
images_224/ART002-E-9847.jpg,13.824015617370605,6.459239482879639
images_224/ART002-E-9848.jpg,11.370010375976562,7.342217922210693
images_224/ART002-E-9849.jpg,12.61613941192627,3.2963767051696777
images_224/ART002-E-9850.jpg,11.739916801452637,6.858016014099121
images_224/ART002-E-9851.jpg,11.145541191101074,7.4088664054870605
images_224/ART002-E-9852.jpg,10.494327545166016,4.719792366027832
images_224/ART002-E-9853.jpg,11.340849876403809,7.139713764190674
images_224/ART002-E-9854.jpg,11.455842018127441,7.344753265380859
images_224/ART002-E-9855.jpg,10.421769142150879,4.684692859649658
images_224/ART002-E-9856.jpg,11.643461227416992,6.803647518157959
images_224/ART002-E-9857.jpg,11.702910423278809,7.203868389129639
images_224/ART002-E-9858.jpg,10.506014823913574,4.653156280517578
images_224/ART002-E-9859.jpg,11.663429260253906,6.838804721832275
images_224/ART002-E-9860.jpg,7.518467903137207,6.934205055236816
images_224/ART002-E-9861.jpg,7.449275493621826,5.361481189727783
images_224/ART002-E-9862.jpg,7.747218608856201,7.486502647399902
images_224/ART002-E-9863.jpg,7.5767621994018555,6.993271827697754
images_224/ART002-E-9864.jpg,7.455654144287109,5.344424247741699
images_224/ART002-E-9865.jpg,7.653643608093262,7.403437614440918
images_224/ART002-E-9866.jpg,7.608889579772949,6.929293155670166
images_224/ART002-E-9867.jpg,7.470300197601318,5.387702941894531
images_224/ART002-E-9868.jpg,7.6754045486450195,7.435116767883301
images_224/ART002-E-9869.jpg,7.639402866363525,6.939815044403076
images_224/ART002-E-9870.jpg,7.596294403076172,5.570634365081787
images_224/ART002-E-9871.jpg,7.851236343383789,7.383650302886963
images_224/ART002-E-9872.jpg,13.1264009475708,6.242491722106934
images_224/ART002-E-9873.jpg,11.955948829650879,3.256032943725586
images_224/ART002-E-9874.jpg,13.265961647033691,6.211410045623779
images_224/ART002-E-9875.jpg,7.867868423461914,6.879430770874023
images_224/ART002-E-9876.jpg,7.404545307159424,5.659551620483398
images_224/ART002-E-9877.jpg,7.806487083435059,7.476815223693848
images_224/ART002-E-9878.jpg,7.62050199508667,6.936033725738525
images_224/ART002-E-9879.jpg,7.480025768280029,5.456104278564453
images_224/ART002-E-9880.jpg,7.761114120483398,7.42465353012085
images_224/ART002-E-9881.jpg,7.547883033752441,6.96592903137207
images_224/ART002-E-9882.jpg,7.4672675132751465,5.362936973571777
images_224/ART002-E-9883.jpg,7.766715049743652,7.428712844848633
images_224/ART002-E-9884.jpg,8.212785720825195,6.747631072998047
images_224/ART002-E-9885.jpg,7.826982021331787,5.206538200378418
images_224/ART002-E-9886.jpg,8.27414321899414,7.064580917358398
images_224/ART002-E-9887.jpg,8.257429122924805,6.647899627685547
images_224/ART002-E-9888.jpg,7.745678901672363,5.494506359100342
images_224/ART002-E-9889.jpg,8.262052536010742,7.0274505615234375
images_224/ART002-E-9890.jpg,9.333422660827637,6.597282409667969
images_224/ART002-E-9891.jpg,9.929028511047363,4.6355881690979
images_224/ART002-E-9892.jpg,9.046737670898438,6.824371814727783
images_224/ART002-E-9893.jpg,9.338096618652344,6.511489391326904
images_224/ART002-E-9894.jpg,9.91738224029541,4.655389785766602
images_224/ART002-E-9895.jpg,8.998586654663086,6.778092861175537
images_224/ART002-E-9896.jpg,9.322248458862305,6.51792049407959
images_224/ART002-E-9897.jpg,9.936118125915527,4.7116827964782715
images_224/ART002-E-9898.jpg,9.061502456665039,6.759535789489746
images_224/ART002-E-9899.jpg,10.800081253051758,6.072389125823975
images_224/ART002-E-9900.jpg,10.198129653930664,4.755383491516113
images_224/ART002-E-9901.jpg,10.549920082092285,6.485586166381836
images_224/ART002-E-9902.jpg,10.9170560836792,6.019408226013184
images_224/ART002-E-9903.jpg,10.17104434967041,4.801844120025635
images_224/ART002-E-9904.jpg,10.951601028442383,6.498754501342773
images_224/ART002-E-9905.jpg,10.942553520202637,5.997582912445068
images_224/ART002-E-9906.jpg,10.209004402160645,4.781144618988037
images_224/ART002-E-9907.jpg,11.064311027526855,6.032695293426514
images_224/ART002-E-9908.jpg,11.52270221710205,5.960966110229492
images_224/ART002-E-9909.jpg,11.218555450439453,4.098534107208252
images_224/ART002-E-9910.jpg,11.498652458190918,6.0007429122924805
images_224/ART002-E-9911.jpg,11.542746543884277,5.944483280181885
images_224/ART002-E-9912.jpg,11.335061073303223,4.015900611877441
images_224/ART002-E-9913.jpg,11.738261222839355,5.960293292999268
images_224/ART002-E-9914.jpg,12.1715087890625,5.50859260559082
images_224/ART002-E-9915.jpg,11.3524751663208,3.7690224647521973
images_224/ART002-E-9916.jpg,11.881668090820312,5.926149845123291
images_224/ART002-E-9917.jpg,12.164676666259766,5.434795379638672
images_224/ART002-E-9918.jpg,11.200139045715332,3.504969358444214
images_224/ART002-E-9919.jpg,11.835235595703125,5.843482971191406
images_224/ART002-E-9920.jpg,12.263764381408691,5.4970550537109375
images_224/ART002-E-9921.jpg,11.419283866882324,3.304435968399048
images_224/ART002-E-9922.jpg,11.831818580627441,5.916221618652344
images_224/ART002-E-9923.jpg,12.164912223815918,5.452817916870117
images_224/ART002-E-9924.jpg,11.622977256774902,3.337538480758667
images_224/ART002-E-9925.jpg,12.798136711120605,5.933116912841797
images_224/ART002-E-9926.jpg,11.7268705368042,4.809708118438721
images_224/ART002-E-9927.jpg,10.924470901489258,3.282402753829956
images_224/ART002-E-9928.jpg,11.585282325744629,5.20022439956665
images_224/ART002-E-9929.jpg,11.743704795837402,4.850543022155762
images_224/ART002-E-9930.jpg,11.008501052856445,3.248239040374756
images_224/ART002-E-9931.jpg,11.54782772064209,5.273551940917969
images_224/ART002-E-9932.jpg,11.644085884094238,4.8217926025390625
images_224/ART002-E-9933.jpg,10.903328895568848,3.295257568359375
images_224/ART002-E-9934.jpg,11.449821472167969,5.269068717956543
images_224/ART002-E-9935.jpg,11.66870403289795,6.996065616607666
images_224/ART002-E-9936.jpg,10.653423309326172,4.464865207672119
images_224/ART002-E-9937.jpg,11.714624404907227,6.830410003662109
images_224/ART002-E-9938.jpg,11.603070259094238,6.953859329223633
images_224/ART002-E-9939.jpg,10.548434257507324,4.576946258544922
images_224/ART002-E-9940.jpg,11.723139762878418,6.831846237182617
images_224/ART002-E-9941.jpg,10.686887741088867,4.3208231925964355
images_224/ART002-E-9942.jpg,11.721759796142578,6.896152973175049
images_224/ART002-E-9943.jpg,7.9319610595703125,6.926207065582275
images_224/ART002-E-9944.jpg,7.362602233886719,5.677817344665527
images_224/ART002-E-9945.jpg,7.801639556884766,7.487601280212402
images_224/ART002-E-9946.jpg,7.923036575317383,6.900876522064209
images_224/ART002-E-9947.jpg,7.3925957679748535,5.691237449645996
images_224/ART002-E-9948.jpg,7.893243312835693,7.578768730163574
images_224/ART002-E-9949.jpg,7.94566535949707,6.956736087799072
images_224/ART002-E-9950.jpg,7.491243839263916,5.723337650299072
images_224/ART002-E-9951.jpg,7.922226428985596,7.490969657897949
images_224/ART002-E-9952.jpg,7.886951446533203,6.945072650909424
images_224/ART002-E-9953.jpg,7.389583587646484,5.712976455688477
images_224/ART002-E-9954.jpg,7.900084495544434,7.555761814117432
images_224/ART002-E-9955.jpg,14.93482780456543,5.591798305511475
images_224/ART002-E-9956.jpg,13.04478645324707,3.174063205718994
images_224/ART002-E-9957.jpg,14.934062004089355,6.038757801055908
images_224/ART002-E-9958.jpg,14.928194999694824,5.591058254241943
images_224/ART002-E-9959.jpg,13.044246673583984,3.159379005432129
images_224/ART002-E-9960.jpg,14.915355682373047,6.032886981964111
images_224/ART002-E-9961.jpg,14.933710098266602,5.587309837341309
images_224/ART002-E-9962.jpg,13.02157211303711,3.1722323894500732
images_224/ART002-E-9963.jpg,14.89414119720459,6.0562286376953125
images_224/ART002-E-9964.jpg,7.868733882904053,6.935980319976807
images_224/ART002-E-9965.jpg,7.412961483001709,5.669677734375
images_224/ART002-E-9966.jpg,7.87923002243042,7.567134380340576
images_224/ART002-E-9967.jpg,7.507580757141113,6.965361595153809
images_224/ART002-E-9968.jpg,7.482234477996826,5.356077671051025
images_224/ART002-E-9969.jpg,7.755678176879883,7.212491989135742
images_224/ART002-E-9970.jpg,7.51858377456665,6.936671733856201
images_224/ART002-E-9971.jpg,7.47818660736084,5.372725963592529
images_224/ART002-E-9972.jpg,7.736669540405273,7.424405574798584
images_224/ART002-E-9973.jpg,7.894961833953857,6.964971542358398
images_224/ART002-E-9974.jpg,7.380685806274414,5.690579891204834
images_224/ART002-E-9975.jpg,7.871046543121338,7.533553600311279
images_224/ART002-E-9976.jpg,8.639946937561035,7.192164421081543
images_224/ART002-E-9977.jpg,7.84464168548584,5.842900276184082
images_224/ART002-E-9978.jpg,8.481328964233398,7.595095157623291
images_224/ART002-E-9979.jpg,14.927632331848145,5.586723804473877
images_224/ART002-E-9980.jpg,13.045985221862793,3.1719963550567627
images_224/ART002-E-9981.jpg,14.870615005493164,5.72385311126709
images_224/ART002-E-9982.jpg,14.932755470275879,5.602770805358887
images_224/ART002-E-9983.jpg,12.99122428894043,3.132662057876587
images_224/ART002-E-9984.jpg,14.904597282409668,6.0328264236450195
images_224/ART002-E-9985.jpg,14.93821907043457,5.58730411529541
images_224/ART002-E-9986.jpg,12.974095344543457,3.122506856918335
images_224/ART002-E-9987.jpg,14.922262191772461,6.017969608306885
images_224/ART002-E-9988.jpg,8.445451736450195,6.955007553100586
images_224/ART002-E-9989.jpg,7.867215633392334,5.723987579345703
images_224/ART002-E-9990.jpg,8.374307632446289,7.656546592712402
images_224/ART002-E-9991.jpg,8.380313873291016,7.027212619781494
images_224/ART002-E-9992.jpg,7.8824028968811035,5.768866062164307
images_224/ART002-E-9993.jpg,8.278386116027832,7.512068271636963
images_224/ART002-E-9994.jpg,8.488212585449219,7.249519348144531
images_224/ART002-E-9995.jpg,7.964358329772949,5.703062534332275
images_224/ART002-E-9996.jpg,8.424613952636719,7.737803936004639
images_224/ART002-E-9997.jpg,8.563451766967773,7.330842018127441
images_224/ART002-E-9998.jpg,7.92710542678833,5.728075981140137
images_224/ART002-E-9999.jpg,8.34646224975586,7.681489944458008
